"baseMean","log2FoldChange","lfcSE","stat","pvalue","padj","gene","significance"
21.885823593679,-0.879395676835339,0.321191437072172,-2.73791756359226,0.00618295723853829,0.0483314140541937,"ENSG00000228463","Not Sig"
40.0085512567146,-4.48245660353961,0.631869612195904,-7.09395817906475,1.30329530344771e-12,1.83003238950955e-09,"ENSG00000198744","Significant"
24.1531082172164,1.5226648468667,0.45394331524545,3.35430613411145,0.000795642840979527,0.0132876567613187,"ENSG00000223764","Significant"
171.498754644893,0.856759784216536,0.295612798305892,2.89824997133576,0.00375251375202181,0.0355638543878772,"ENSG00000187608","Not Sig"
1650.405026908,0.43917109314881,0.159280058692466,2.75722583701924,0.00582940748894004,0.0465916004785594,"ENSG00000188157","Not Sig"
265.285571673023,-0.339064202277702,0.108726712047432,-3.11849954710105,0.00181774421350234,0.0224447695111538,"ENSG00000224051","Not Sig"
728.732281012936,-0.47416430474475,0.12315981383537,-3.84999205486437,0.000118121656463215,0.00386197018723297,"ENSG00000160075","Not Sig"
9.98613985658377,1.14475847973046,0.394537850199426,2.90151750751373,0.00371360027631152,0.0353713465804052,"ENSG00000008128","Significant"
161.403710579232,-0.878043330351842,0.26799971330554,-3.27628458822568,0.0010518251539312,0.0159441155009833,"ENSG00000268575","Not Sig"
14.8433710755375,-1.72449738564535,0.572138768080464,-3.01412433810607,0.00257722159514617,0.0276289070886576,"ENSG00000233542","Significant"
4.0225285957137,-1.73218765239259,0.570566487668093,-3.03590850467234,0.00239812123724066,0.0264487294288316,"ENSG00000178642","Significant"
343.542662067249,-0.582742844390209,0.129120698201384,-4.51316367172466,6.38676957806594e-06,0.000546130210170581,"ENSG00000157881","Not Sig"
20.4443217617957,1.42667845944261,0.380540753061313,3.74908192608937,0.00017748310384203,0.00516445934787001,"ENSG00000215912","Significant"
825.425483746967,-0.195938197233657,0.0590032997297982,-3.32080066930059,0.000897596187731642,0.0143912071469306,"ENSG00000130764","Not Sig"
4898.58826324672,-1.06981286726373,0.35553355315643,-3.00903489351685,0.00262079014040522,0.0279200279484002,"ENSG00000116254","Significant"
752.545606011757,-1.05698301921591,0.339062227203676,-3.11737178137798,0.00182471300222004,0.0224960804927119,"ENSG00000171680","Significant"
698.083312376317,-0.329918942445121,0.117348432883216,-2.81144736524478,0.00493191593307582,0.0420378866385079,"ENSG00000007923","Not Sig"
2473.06703773948,-0.759802879788276,0.208114208975514,-3.65089382185179,0.000261329266388266,0.00658188705203199,"ENSG00000171735","Not Sig"
1236.47923724741,0.280286867828297,0.0954285172709651,2.93713950340897,0.00331255054263367,0.0327195616167803,"ENSG00000049246","Not Sig"
387.708321364689,-0.46808586466691,0.0680188342628653,-6.88170959910821,5.91384784986372e-12,7.17161576302337e-09,"ENSG00000116285","Not Sig"
1.37053946312756,3.28181107519644,1.1629439532476,2.82198558755283,0.0047727322103444,0.0411677085805943,"ENSG00000234546","Significant"
574.320820533405,0.42983471722343,0.13925430262945,3.0866889504104,0.002023992663573,0.0239067370591511,"ENSG00000162441","Not Sig"
10.202162555473,1.06434668467943,0.341617252328759,3.11561163092298,0.00183563855202338,0.0225594112264706,"ENSG00000265945","Significant"
240.654506646415,-0.493854414617641,0.1008490126953,-4.89696826393085,9.73265492620566e-07,0.000133157692705765,"ENSG00000142655","Not Sig"
54.9153851934063,2.50465062601351,0.56031099973648,4.47010789934782,7.81801463119564e-06,0.000630141427026189,"ENSG00000199347","Significant"
2.03467993773577,3.27106368319203,1.10282589350746,2.96607442974398,0.00301627483195878,0.0306090514423083,"ENSG00000201801","Significant"
3.74316749420671,2.24582332973546,0.687405250288936,3.26710238071571,0.00108654378750638,0.0162215454431352,"ENSG00000272482","Significant"
727.878409733308,-0.207867564667946,0.0762255275909339,-2.72700722759798,0.006391163914833,0.0493088091624724,"ENSG00000116138","Not Sig"
3212.58329749284,-0.989183054329685,0.268374727238907,-3.6858278888873,0.000227960376165889,0.00610617959410618,"ENSG00000116786","Not Sig"
2626.86297557142,0.425268712955026,0.129677581953562,3.27943123667525,0.00104016555712056,0.0158213095201936,"ENSG00000065526","Not Sig"
552.767626142151,-0.336918251147278,0.0921777891761828,-3.65509147223431,0.000257090296513738,0.00653229716256193,"ENSG00000037637","Not Sig"
11.3650823944858,1.01744308491201,0.275656869315115,3.69097671115507,0.000223394592862506,0.00601887908911015,"ENSG00000233421","Significant"
19.0529005666479,0.997937412188958,0.283861482260667,3.51557881062765,0.000438796503667819,0.0090960776389695,"ENSG00000186301","Not Sig"
7.46175134514705,2.66572093698943,0.773262382713866,3.44736921979023,0.000566074393757966,0.0107032592140813,"ENSG00000186715","Significant"
5340.83453705584,1.05093042960839,0.329050104641291,3.19383101474484,0.00140398275159267,0.0190523173091255,"ENSG00000117115","Significant"
537.768130920169,-0.695693257723892,0.167768870540979,-4.1467362537555,3.37248168670417e-05,0.00171379883656344,"ENSG00000117154","Not Sig"
626.440933313685,-0.487870134251557,0.16085096597132,-3.03305691268615,0.00242089938130853,0.0265572263955305,"ENSG00000159423","Not Sig"
12.186526170885,0.925788754125518,0.335398534842746,2.7602647535702,0.00577545360276024,0.0463269172182924,"ENSG00000211454","Not Sig"
62.1787158603865,-1.31212268665079,0.396999664909881,-3.30509771827803,0.000949432913666385,0.0149969927197783,"ENSG00000127472","Significant"
12.083291538066,-1.41226815552367,0.360737447940632,-3.91494745994903,9.04238962723828e-05,0.00324249882883185,"ENSG00000225986","Significant"
46.9178745535988,0.918337693551082,0.289284748632692,3.17451126577401,0.00150089064359734,0.0198918338204339,"ENSG00000236963","Not Sig"
11.1996798080685,-1.45319565665365,0.356977397687726,-4.07083380086957,4.68451632486439e-05,0.0021423297174043,"ENSG00000158825","Significant"
252.795558735284,-0.966146107623034,0.342674114913679,-2.81943124845135,0.00481088356818738,0.0413897332201455,"ENSG00000117245","Not Sig"
3137.17446527829,-0.269418983463203,0.0757018147500114,-3.55895013023004,0.000372340216332385,0.00822323231087062,"ENSG00000075151","Not Sig"
327.04069168997,0.999008376045176,0.284075185923399,3.51670411760131,0.000436940556827331,0.00907170203548354,"ENSG00000142798","Not Sig"
61.1988353272611,-0.464670782783613,0.136801201777521,-3.3966864087883,0.0006820708314685,0.0120290214389349,"ENSG00000218510","Not Sig"
5.1168533248591,1.87542051354424,0.664311078409834,2.82310588291474,0.00475608613550186,0.0410905511687351,"ENSG00000230068","Significant"
578.950203327583,0.831977748197832,0.295517718949588,2.81532271958204,0.00487282735415636,0.0417208475550506,"ENSG00000159189","Not Sig"
1112.23592315552,-0.299825094447448,0.103548337496149,-2.89550852961399,0.00378544742084635,0.0357114397951767,"ENSG00000004487","Not Sig"
1352.30471025787,-0.749449978789727,0.210963335907365,-3.55251293105648,0.000381570263922807,0.00832797570503495,"ENSG00000169641","Not Sig"
64.0958742973718,1.37845871048251,0.424707785619684,3.24566385914312,0.00117177107871099,0.0170085313432701,"ENSG00000261326","Significant"
2.14036492373003,3.91494963452735,1.07353471577862,3.64678438152593,0.000265542565768379,0.00663926928013829,"ENSG00000197880","Significant"
139.320057110331,-0.634326394472114,0.171529215633568,-3.69806619898037,0.00021724823846822,0.00589020909968866,"ENSG00000117308","Not Sig"
2.16125363547021,3.38626390102638,1.06032807031591,3.19360016567088,0.0014051058184064,0.0190578638176229,"ENSG00000142661","Significant"
11.5730995653178,1.03496572882981,0.357037811574878,2.89875664503045,0.00374645553698127,0.0355553349751419,"ENSG00000020633","Significant"
563.581147054907,1.00481809031115,0.282877507692454,3.55213144554282,0.000382123918181414,0.00832797570503495,"ENSG00000117616","Significant"
539.638668080961,-0.293267904371305,0.0779111586262788,-3.76413224424041,0.00016712842573874,0.00494325861450537,"ENSG00000204178","Not Sig"
320.956977577496,1.94587866376357,0.547020252910682,3.55723330792525,0.000374781275676526,0.00823623529964913,"ENSG00000157978","Significant"
689.685591515237,-0.564356240776834,0.168670554076018,-3.34590850115122,0.000820134541875838,0.013564693252723,"ENSG00000117643","Not Sig"
316.178554314111,-0.341840241206183,0.105368165821247,-3.24424591186395,0.00117762030192159,0.0170470602468616,"ENSG00000175087","Not Sig"
612.672271240811,0.474518833923826,0.153548467865581,3.09035212477163,0.00199919326930022,0.023757896316998,"ENSG00000142669","Not Sig"
909.983123756813,0.403575153012322,0.142210960894246,2.83786250001107,0.00454167427162565,0.0398839130654051,"ENSG00000198830","Not Sig"
1480.00023640571,0.527952062146624,0.128985285350982,4.09311853449029,4.25610005792448e-05,0.00201395137026436,"ENSG00000117713","Not Sig"
365.185365686894,-0.240251357577859,0.0702275501716271,-3.42104141452629,0.00062381831993424,0.0113987873092012,"ENSG00000142751","Not Sig"
1190.30886805901,-0.360923163681212,0.0759667962311309,-4.7510646965168,2.02348372515048e-06,0.000228850979101706,"ENSG00000090273","Not Sig"
12.8800952284271,-0.98942013263498,0.323464982047488,-3.05881683504684,0.00222212966593289,0.0253881112306558,"ENSG00000158246","Not Sig"
127.316520506723,-0.617192744851295,0.185896122647887,-3.32009477153186,0.000899868942720284,0.0143915567264531,"ENSG00000142733","Not Sig"
2.59652200899658,3.51031255762771,0.994528155232323,3.52962612386544,0.000416147297502092,0.00875583103316901,"ENSG00000269971","Significant"
2.99259725712487,1.77963861376779,0.651701096372087,2.730758968605,0.00631886665514433,0.0489634166403124,"ENSG00000270031","Significant"
11.4602893845137,2.96773145256354,0.773791531340174,3.83531136276919,0.000125405324829608,0.00400417036775363,"ENSG00000252947","Significant"
168.76103664993,-0.563548667047205,0.161673054651282,-3.48573031085941,0.000490795533932396,0.00973658539695544,"ENSG00000130766","Not Sig"
1664.35738677914,2.02733923007633,0.50086654752235,4.04766347464214,5.17314505920693e-05,0.00229293631620702,"ENSG00000200087","Significant"
60.2368298374812,2.03998666544175,0.464804332413846,4.38891491145873,1.13917626308113e-05,0.00080161754505107,"ENSG00000270103","Significant"
8.13540773519247,1.62566593170772,0.4971066181781,3.27025606230269,0.00107450171522918,0.0161607511327126,"ENSG00000168528","Significant"
6.3808189225343,2.29755971858312,0.763667612906653,3.008586038942,0.00262466472111353,0.0279200279484002,"ENSG00000269967","Significant"
1759.57402301097,-0.259587140035297,0.0927066274578743,-2.80009258403077,0.0051087951619948,0.0428743460606667,"ENSG00000025800","Not Sig"
895.906119641315,-0.309855596520528,0.112291304861549,-2.75939082640964,0.00579092327031339,0.0464022099695647,"ENSG00000084623","Not Sig"
54.7097072407738,1.03182988041517,0.328667377870397,3.13943503337909,0.00169273943978343,0.0213723930857005,"ENSG00000220785","Significant"
7.68375467844629,1.5968343765071,0.582697719224395,2.74041638369991,0.0061361393002142,0.0481037097927326,"ENSG00000162526","Significant"
323.008249832277,-0.758198092231289,0.236185382690696,-3.21018211878171,0.00132650898431008,0.0183939361706905,"ENSG00000160097","Not Sig"
419.355093340229,0.74805569623186,0.231150721986875,3.23622478788683,0.00121121960713597,0.0173427090558494,"ENSG00000142920","Not Sig"
211.017922140671,1.08427567796686,0.317837070389883,3.41141980901349,0.000646255074281124,0.0116861341748017,"ENSG00000116525","Significant"
4.01121757036897,2.09960867835354,0.630640019045431,3.32932991079699,0.000870552185500176,0.0141093520823554,"ENSG00000270115","Significant"
7.11736168114164,-2.8641504448321,0.567054679940171,-5.0509246218271,4.39676562369197e-07,7.31768790015972e-05,"ENSG00000188910","Significant"
2463.78543012166,0.575248424823337,0.155796902187691,3.69229693752399,0.000222237770578709,0.0060010946166694,"ENSG00000116560","Not Sig"
1461.8694194746,-0.252152772047607,0.0646753573542947,-3.89874571030667,9.66922517942522e-05,0.00338513256414917,"ENSG00000142687","Not Sig"
2.48256917970334,2.53588209920766,0.907529017197445,2.7942710934343,0.0052016852354637,0.0433345543743496,"ENSG00000239636","Significant"
2.60852643938591,2.32524018342972,0.7976258638477,2.91520158613325,0.003554588620861,0.0342973485585758,"ENSG00000232862","Significant"
15.9945518626136,1.2460843608579,0.421344200774046,2.95740242435693,0.00310242923666575,0.0312456434899983,"ENSG00000092850","Significant"
435.911513274037,-0.327061896142211,0.0985344320811864,-3.31926504506295,0.000902547203655072,0.0144099681904929,"ENSG00000054116","Not Sig"
3.18146737295157,3.87125521030675,1.05215015587214,3.67937521911766,0.000233806054132506,0.00616374675711575,"ENSG00000263675","Significant"
257.861872610699,-0.355539948626996,0.0883207976192621,-4.02555183162721,5.68418578580559e-05,0.00245096689923968,"ENSG00000163877","Not Sig"
623.283715081776,-0.223671295147548,0.0629244368786264,-3.55460145919116,0.000378552424216878,0.00828498779793445,"ENSG00000183431","Not Sig"
239.359384646766,-0.253344723692772,0.0887811857209542,-2.85358571904021,0.00432288638065146,0.0386495595674934,"ENSG00000183520","Not Sig"
102.431539648408,1.48123718603734,0.54111634073791,2.73737286147634,0.00619320538792587,0.0483603653850638,"ENSG00000158315","Significant"
4.49165061017192,2.18072346346284,0.666859949272059,3.270137104265,0.00107495369701938,0.0161607511327126,"ENSG00000201457","Significant"
224.208282073785,-0.368834784083278,0.109479789370105,-3.36897601105537,0.000754479950185924,0.0128127120248315,"ENSG00000171793","Not Sig"
40.696268366062,1.49378987008513,0.271920298809424,5.49348421807986,3.94080339074552e-08,1.18494909328468e-05,"ENSG00000204060","Significant"
535.39785213351,-0.30929266310184,0.102730369629752,-3.01072277084716,0.00260626688315552,0.0278464534143797,"ENSG00000117395","Not Sig"
428.359031457071,1.83325961159967,0.599637955481213,3.05727747025031,0.00223357415624313,0.02542215226724,"ENSG00000179178","Significant"
4.20937129695303,2.40798546225998,0.869567379592911,2.76917639595367,0.00561982000115375,0.0454612425138814,"ENSG00000234694","Significant"
2.59916926068221,3.58293618676188,1.07302327939639,3.339103871798,0.000840491299283413,0.0137814359148596,"ENSG00000229372","Significant"
194.690013210022,0.565333391748168,0.176299550061324,3.20666383749432,0.00134283814185486,0.018524084170913,"ENSG00000178922","Not Sig"
676.5408232004,-0.366520214567839,0.0983983189230415,-3.72486256451697,0.00019542165991406,0.00548228650351967,"ENSG00000066135","Not Sig"
1970.80160190048,0.837778056662977,0.26664545558388,3.1419176255169,0.00167845250410746,0.0212931214251465,"ENSG00000117408","Not Sig"
34.7423583348757,0.709379237027948,0.256281145945081,2.76797278399857,0.00564061658420924,0.0455460152363911,"ENSG00000198520","Not Sig"
14.9817912889287,1.52791793502145,0.542638214268478,2.81572122059485,0.004866787760399,0.0416998312179694,"ENSG00000199377","Significant"
98.8931907421609,0.831677454530157,0.279245287117029,2.97830435427048,0.00289848008999764,0.0297823651862918,"ENSG00000173846","Not Sig"
25.077086023834,1.07613195188155,0.321704729732168,3.34509210597393,0.000822552494873456,0.013579751244263,"ENSG00000186603","Significant"
138.147287701043,1.53101479611057,0.471036928368234,3.25030736213043,0.00115280340250982,0.0168155505607214,"ENSG00000236624","Significant"
13.4758262343813,2.0309475557493,0.611657147353981,3.32040190249578,0.000898879428926414,0.0143915567264531,"ENSG00000159588","Significant"
5.26707801156281,2.39904610432614,0.740666001965592,3.23903905128561,0.001199331513203,0.0172347294141673,"ENSG00000225447","Significant"
161.861151497873,-0.359362846664098,0.0975370290570096,-3.68437351576552,0.000229265837388411,0.00611258828093885,"ENSG00000159596","Not Sig"
1062.16423521402,0.433565572434731,0.157611600066778,2.75084811175722,0.00594411973102113,0.047193020893869,"ENSG00000085998","Not Sig"
19.1985297827799,-3.34974358254824,0.449013249507014,-7.46023326978888,8.63694315220383e-14,2.88031257947057e-10,"ENSG00000142973","Significant"
9.65387417726071,2.06096586143657,0.665484473183632,3.0969405665876,0.00195529071752943,0.023445034181109,"ENSG00000224986","Significant"
5.36955066826236,-1.75023624987452,0.578579058140987,-3.02505979994876,0.00248583972224449,0.0269811708501874,"ENSG00000237478","Significant"
15.07914941649,3.46220119128503,0.768908151306003,4.50275001689659,6.70797695949034e-06,0.000562571467404163,"ENSG00000142700","Significant"
110.734566682808,-0.630731678670608,0.165683552300177,-3.80684545879291,0.000140750636052191,0.0043461646055977,"ENSG00000123080","Not Sig"
1708.49421229103,-0.395505558603759,0.145360098784843,-2.72086743136555,0.00651108672380624,0.0497309030660338,"ENSG00000157077","Not Sig"
883.386751284582,0.394718196206521,0.135956191354355,2.90327488784773,0.00369282346983864,0.0352237530753755,"ENSG00000134744","Not Sig"
232.736794031301,-0.393194661079591,0.1186758403693,-3.31318202471568,0.000922409264338455,0.0146354215167017,"ENSG00000162377","Not Sig"
204.258541059625,0.965379363494487,0.311352326772447,3.10060108913217,0.00193128278455613,0.0232932610348884,"ENSG00000121310","Not Sig"
13.6622006241558,1.02402903503959,0.336511691029239,3.04307119882684,0.00234176919697963,0.0261208879734089,"ENSG00000226754","Significant"
128.54519390834,-1.26694948021863,0.395219217538034,-3.20568794227903,0.0013474002385363,0.018567815580532,"ENSG00000174332","Significant"
24.9430606919703,1.38294746241458,0.455192202633449,3.03816158188504,0.00238026287858553,0.0263498063642254,"ENSG00000184313","Significant"
27.1746025278136,1.17030753233245,0.29768552992797,3.93135512033665,8.44683933923954e-05,0.00313746811118704,"ENSG00000231252","Significant"
3980.42627820484,0.578722776684493,0.198213423594262,2.91969517598932,0.00350373915476518,0.0339543250671923,"ENSG00000162599","Not Sig"
27.379066688368,2.58410523936469,0.660935384185078,3.9097698522388,9.23840989936085e-05,0.00329153502353634,"ENSG00000237928","Significant"
8.0078047700973,2.90461514992442,0.616938264926348,4.70811313717294,2.50020328868459e-06,0.000268963401366195,"ENSG00000270742","Significant"
843.474027353958,-0.354693328757312,0.126860492971383,-2.79593213339731,0.0051750266278777,0.0432021133707475,"ENSG00000079739","Not Sig"
50.4760877626674,1.25835262955549,0.343237961496416,3.66612312947392,0.000246255390428527,0.00633333788694651,"ENSG00000226891","Significant"
6.06044105817466,2.87810343428702,0.711709111557824,4.04393225764286,5.25621121052221e-05,0.00231403397500861,"ENSG00000265996","Significant"
887.21164218012,0.68591470688992,0.246575614185297,2.78176213473595,0.00540646495188737,0.0444222600712667,"ENSG00000172380","Not Sig"
9.81904862548153,1.97568270331273,0.565554945501056,3.49335235953487,0.000476996662548164,0.00955155683717265,"ENSG00000237919","Significant"
1163.10211066548,0.530575489715862,0.131202599391986,4.04394038056133,5.25602900903558e-05,0.00231403397500861,"ENSG00000132485","Not Sig"
365.554339773688,0.945981867216811,0.299450839336605,3.15905565438558,0.00158281261110652,0.020559778170637,"ENSG00000184005","Not Sig"
6.91486397921633,4.43584192434333,1.07375615881964,4.13114456937744,3.60961473086502e-05,0.00180001703560276,"ENSG00000273338","Significant"
613.269807853294,1.23079792323081,0.318406745060537,3.86548947949202,0.000110866628181912,0.00370652979105918,"ENSG00000137959","Significant"
130.661063862728,1.01615978663665,0.213464149341884,4.76032996533375,1.93276708118918e-06,0.000222259883444164,"ENSG00000137965","Significant"
15.5897821965037,-2.16831813814127,0.596509139415181,-3.63501243294795,0.000277967230018432,0.00684754176330725,"ENSG00000236268","Significant"
9.2761414794293,2.12243223473262,0.583167954300868,3.63948707928765,0.000273181643684373,0.00674834543690314,"ENSG00000213540","Significant"
24.4667898060231,0.986861772103774,0.324327382205376,3.04279510842799,0.00234391865543464,0.0261208879734089,"ENSG00000203943","Not Sig"
170.919944731494,-0.496539622519188,0.181591390681681,-2.73437865449025,0.00624981267277516,0.0485977127067818,"ENSG00000174021","Not Sig"
14.8496760813194,2.38744452874748,0.836499099143734,2.8540909741461,0.00431601698913632,0.0386335220035046,"ENSG00000055732","Significant"
2.32079147732123,3.42005038076726,1.06797204540843,3.20237818533845,0.00136297931829977,0.0187052084531479,"ENSG00000225568","Significant"
4.15658711970762,2.41780156577965,0.683235092161443,3.53875495201927,0.000402018857597892,0.00854618414490372,"ENSG00000272672","Significant"
128.071314540404,-0.641995664954053,0.183923844120137,-3.49055158141818,0.000482024553389422,0.0096184989228694,"ENSG00000097046","Not Sig"
139.452735683158,-1.36820990227146,0.453793642440451,-3.01504863513155,0.00256938051523434,0.0275903993261329,"ENSG00000172031","Significant"
16.3884772566895,3.89654819917094,0.968885997706372,4.02167872009212,5.77848396308697e-05,0.00247057970594867,"ENSG00000207523","Significant"
5.46136073039036,4.08404163701547,1.13837628793627,3.58760251798579,0.000333732530612916,0.00768313210572677,"ENSG00000239710","Significant"
167.34403370083,1.04175861608881,0.232437407411508,4.48188881338052,7.39852894619089e-06,0.000605476545262045,"ENSG00000223745","Significant"
668.695665034654,0.762758992443833,0.17174758929288,4.44116272946984,8.94740982672994e-06,0.000683976924834751,"ENSG00000137942","Not Sig"
1.54084040936076,-1.90735136239141,0.686018682838029,-2.78031985149556,0.00543053811000661,0.0445240707550296,"ENSG00000271092","Significant"
16.9601140501297,1.31732074210809,0.353107170931405,3.73065417684193,0.000190983226697297,0.00541470935712773,"ENSG00000226026","Significant"
1158.22789360106,0.380035669083748,0.135659418005003,2.80139539644592,0.00508821338062621,0.0428479258365995,"ENSG00000117569","Not Sig"
885.032446276625,0.783307001834038,0.134967338358853,5.80367821843959,6.48757263349413e-09,2.93359237777949e-06,"ENSG00000188641","Not Sig"
189.873875492827,1.33994263497354,0.269841799804525,4.96566001243765,6.84678126572276e-07,0.000103787089425124,"ENSG00000122435","Significant"
391.863094326494,-0.429277828189846,0.156923661289073,-2.7355838161274,0.00622697259394004,0.0484624859491617,"ENSG00000162694","Not Sig"
145.957178940135,0.344022233309696,0.0959838170601269,3.5841691219072,0.000338152934529867,0.00775050012055183,"ENSG00000117543","Not Sig"
181.083976191234,-0.410969034321512,0.149584351816948,-2.74740659253202,0.00600686163645025,0.0475141103924796,"ENSG00000162639","Not Sig"
439.960476844814,0.664511321348551,0.161758871276856,4.10803633892336,3.99037330933835e-05,0.00192190104221504,"ENSG00000134186","Not Sig"
2180.17319866855,-0.419356180530915,0.0943083354698431,-4.44665021858023,8.72196822625063e-06,0.00067447359509606,"ENSG00000031698","Not Sig"
2.04000075968575,3.86483820830349,1.09605588132731,3.52613244830474,0.000421676026602952,0.00882631625709938,"ENSG00000254942","Significant"
152.523247552478,6.71265291111646,1.59158003858342,4.21760310407701,2.4691292954164e-05,0.00141664302091213,"ENSG00000134184","Significant"
756.70324052573,-0.245253480929799,0.0843167926348447,-2.90871454268821,0.00362918067792606,0.0348158616707621,"ENSG00000143093","Not Sig"
28.7787818279095,1.0530463429254,0.33257419913334,3.16635008268695,0.00154364892359672,0.0201996802705308,"ENSG00000273373","Significant"
1154.83058893563,-1.06248876086943,0.260613994743442,-4.07686763681044,4.56464595800231e-05,0.00211980591823673,"ENSG00000177301","Significant"
1.11411518123573,-3.36914031764368,1.0532517423771,-3.19879871267986,0.00138001484788555,0.0188132004605078,"ENSG00000232811","Significant"
240.64532283796,-0.30065055085285,0.0898446731720749,-3.34633696398482,0.000818868185156492,0.013552471657438,"ENSG00000121931","Not Sig"
2072.42560064676,-0.844857905051868,0.30291728788996,-2.78907127069875,0.00528594311757062,0.0438340064734592,"ENSG00000171385","Not Sig"
3.90437150276586,1.78427041524617,0.654423330045727,2.72647739364899,0.00640143374577046,0.0493594944807543,"ENSG00000238975","Significant"
175.156093764376,0.545268169824606,0.189812711052662,2.87266414773099,0.00407026567001182,0.0372523560240978,"ENSG00000155363","Not Sig"
12.3868687414701,1.01021403843611,0.336722688906061,3.00013652693875,0.00269858617766046,0.0284905344811252,"ENSG00000224167","Significant"
322.855563676808,0.5469597710625,0.190667184483683,2.86866233716956,0.00412211603277917,0.0375209599585518,"ENSG00000116774","Not Sig"
108.630369892248,1.46604322042685,0.264054784887983,5.55204186528479,2.82351948460464e-08,9.45499653490352e-06,"ENSG00000134207","Significant"
1.52375192842631,3.43567037296061,1.25191412649161,2.74433389659784,0.00606338308179527,0.0477887731873607,"ENSG00000232895","Significant"
534.326514974789,0.893252819714886,0.312414867900605,2.85918793083521,0.00424727083257945,0.0382796252830699,"ENSG00000163393","Not Sig"
6663.99945482476,-0.659643185744124,0.201615441024777,-3.27178901770256,0.00106869294924263,0.0161220877787971,"ENSG00000163399","Not Sig"
39.4516174985126,1.12224895484765,0.403486946303098,2.78137611422159,0.00541289856185281,0.0444614287966967,"ENSG00000203865","Significant"
573.466648469814,-0.753872214336054,0.174886705920455,-4.31063190520006,1.62788689908202e-05,0.00105670059806835,"ENSG00000134247","Not Sig"
25.3706582893477,2.55041779532851,0.730298479963788,3.49229508933796,0.0004788888735043,0.00956549827982252,"ENSG00000155761","Significant"
140.370244120062,-0.332846171590922,0.100364622487144,-3.31636948700284,0.000911951715677237,0.0145083637642408,"ENSG00000116874","Not Sig"
1.77800516640069,3.62077616182154,1.23338148398347,2.93564984462671,0.00332849808731425,0.0328042114781888,"ENSG00000224238","Significant"
1656.36156824333,0.815922249283253,0.27353087491051,2.9829256004471,0.0028550738797519,0.029479320463288,"ENSG00000092621","Not Sig"
3720.03835607079,-0.500987951590561,0.172066788058183,-2.91159007060187,0.00359594215424057,0.0346089973784214,"ENSG00000134250","Not Sig"
5.99889896333167,1.18846649686084,0.407863269282855,2.91388459409575,0.00356961840937442,0.0343928672963887,"ENSG00000231429","Significant"
7.83643232562012,5.1165986868426,1.13116802733972,4.52328793174591,6.08863217993221e-06,0.00052739811015718,"ENSG00000230880","Significant"
13.4571693785649,2.70968577784987,0.640950238685868,4.22760709693392,2.36189762100852e-05,0.00138212385519011,"ENSG00000201699","Significant"
58.321927077389,1.25007424116877,0.256717801219174,4.86944900288202,1.11909859642974e-06,0.000147804116109648,"ENSG00000215861","Significant"
18.8864321326647,2.82360137494211,0.610473754264095,4.62526251983733,3.74124242809954e-06,0.000356473595497384,"ENSG00000268172","Significant"
63.7625280716045,-1.02092539772261,0.337952294110508,-3.02091571950915,0.00252011496020136,0.0272534037386348,"ENSG00000143127","Significant"
280.154928024778,-0.293528613646667,0.08340371211194,-3.51937109529021,0.000432571186637828,0.00900902942100751,"ENSG00000186141","Not Sig"
1020.92425704797,-0.36114192717655,0.118360437668627,-3.05120472930016,0.00227925104419326,0.0257989557098141,"ENSG00000121848","Not Sig"
54.5107511470098,0.46688192745821,0.15006258780531,3.11124800849056,0.00186298401829159,0.0227471627569801,"ENSG00000180867","Not Sig"
1.93190619097251,3.84879046289858,1.06169806738424,3.62512712524856,0.000288819342839377,0.00701129321893699,"ENSG00000199879","Significant"
2.32073711986852,-2.23028301190482,0.57500499148844,-3.87871939360314,0.000105007797289646,0.00355520688310974,"ENSG00000231196","Significant"
18.1063582523221,2.68972512973109,0.621217980329633,4.32976059112755,1.49271535353295e-05,0.000988988353916987,"ENSG00000212456","Significant"
30.9942996315854,1.86162536118972,0.510558623796401,3.64625191784459,0.000266093123297894,0.00663926928013829,"ENSG00000207501","Significant"
67.9164775888918,0.467164487170684,0.15846839635836,2.94799782105599,0.0031983931910267,0.031934854769237,"ENSG00000203832","Not Sig"
9.96644499000869,2.73194241139908,0.833944835415691,3.2759270102528,0.00105315774809241,0.0159461949837443,"ENSG00000207205","Significant"
53.5666449885535,2.28653423497195,0.476598315216671,4.79761292049983,1.60567691847992e-06,0.000201116687831576,"ENSG00000206737","Significant"
5.61653139096818,1.58962072168795,0.487573158126787,3.26027119252244,0.00111305732887135,0.0164152882680811,"ENSG00000232721","Significant"
8.02698507604838,2.28896643490662,0.65643342845812,3.48697420892034,0.000488518465929346,0.00971176166358348,"ENSG00000212544","Significant"
87.7534842729228,0.645381690813996,0.184930903744337,3.4898531167415,0.00048328609851906,0.00963646474020179,"ENSG00000014914","Not Sig"
35.3954430016124,3.28735756928144,0.744062204103054,4.41812196769792,9.95622346153023e-06,0.00072773174172648,"ENSG00000266187","Significant"
772.956742512781,-0.526898438194843,0.176990248846861,-2.97699134064011,0.00291092231731434,0.0298579379098921,"ENSG00000187145","Not Sig"
100.618621284063,-0.750939755423091,0.232261805147757,-3.2331607641875,0.00122428644992871,0.0174472615621863,"ENSG00000143369","Not Sig"
282.480821274349,-0.575932022779456,0.118888851386753,-4.84428957014576,1.27065504510851e-06,0.00016536490706561,"ENSG00000143457","Not Sig"
5.86198316917997,2.12165577059171,0.538332494461257,3.94116237162125,8.10877109561022e-05,0.00307292477357649,"ENSG00000163141","Significant"
622.820789404612,-0.294761276748869,0.0833632961787564,-3.53586398643368,0.000406443897756769,0.00858552394952719,"ENSG00000143398","Not Sig"
265.344037398501,-0.323124264678037,0.104865256465487,-3.08132813067961,0.00206079409260979,0.0241457732089313,"ENSG00000143436","Not Sig"
6.76963528427909,1.58305128975211,0.525027211166373,3.01517951085866,0.0025682720233359,0.0275903993261329,"ENSG00000269489","Significant"
2.32053397282316,3.36741839120018,1.08257251497989,3.11057074200959,0.00186726163092703,0.0227681321076336,"ENSG00000213171","Significant"
5.24436626391442,2.6326697380011,0.719416835499525,3.65944972106903,0.000252757427356657,0.00645911437207686,"ENSG00000196754","Significant"
129.630517342472,-0.925235042358952,0.211214850963354,-4.38053971176241,1.18385713562525e-05,0.000820424183686138,"ENSG00000143554","Not Sig"
741.080346575585,-0.258171318454454,0.0902877157043497,-2.85942906452352,0.00424404323645823,0.0382652347095198,"ENSG00000143543","Not Sig"
57.4714972952485,0.6007344435889,0.194117998610652,3.09468698363107,0.00197020703360564,0.0235661984957392,"ENSG00000173207","Not Sig"
162.992488986689,1.42576543603566,0.41457806178515,3.43907593637829,0.000583703479462314,0.010928157984965,"ENSG00000169242","Significant"
17.6845504974533,0.887066338657811,0.311671358109771,2.84615931357217,0.00442500505058295,0.0392457891185002,"ENSG00000225855","Not Sig"
1124.00898178864,0.397101037104528,0.105881297071937,3.75043608348256,0.000176527299415749,0.00514707302853854,"ENSG00000163374","Not Sig"
1064.3159520653,-0.240144350332123,0.0717509970548387,-3.34691307702083,0.000817168295809383,0.0135410428502234,"ENSG00000116580","Not Sig"
10.7557904217818,1.99290159708057,0.731098462654049,2.72590040723913,0.00641263442575385,0.0494030245003428,"ENSG00000207475","Significant"
5.85901519604704,4.64026844252576,1.11235729667779,4.17156291093211,3.02517508189583e-05,0.00160063534794143,"ENSG00000252808","Significant"
5.11924798248247,3.99071436261404,1.11584627218908,3.57640157257953,0.000348356393382394,0.00788926332734156,"ENSG00000273002","Significant"
1.34209271951042,-2.11539965908704,0.755174472138759,-2.80120652528936,0.00509119250729114,0.0428479258365995,"ENSG00000132698","Significant"
31.9504950722907,0.741300782278035,0.270627179562731,2.73919561027019,0.00615897169831042,0.0482004124198368,"ENSG00000254726","Not Sig"
87.6991921951168,0.512143410865901,0.177070085811793,2.89232034037786,0.00382407821711703,0.0358981642345057,"ENSG00000160783","Not Sig"
74.5888225394402,-1.22348270592723,0.345013719745287,-3.54618566134267,0.000390850731005128,0.00843649405540924,"ENSG00000213088","Significant"
109.517039562963,0.529357021567917,0.188316447751514,2.81099727553491,0.0049388204108676,0.0420627545158536,"ENSG00000188004","Not Sig"
12.6505472018076,1.43046963675444,0.411749958793401,3.47412211271693,0.000512527726024644,0.0100100491966409,"ENSG00000272668","Significant"
43.5284389814769,0.502276849842965,0.159712712167807,3.14487709228325,0.00166156620152976,0.0211492961310174,"ENSG00000260766","Not Sig"
12349.475622311,0.462599226025849,0.13564413045005,3.41038882029767,0.000648703263202762,0.0116861341748017,"ENSG00000162734","Not Sig"
4.28698406807157,2.97916364777913,0.859115564959916,3.4677100139818,0.000524913398081902,0.0101774451652813,"ENSG00000202078","Significant"
1.78147414089132,3.67407766314156,1.14270822965158,3.2152368975778,0.00130336912249079,0.018176991541522,"ENSG00000162739","Significant"
7.64168981585054,2.12020229503765,0.496295213415631,4.27205872175529,1.93676555271061e-05,0.00119057530370429,"ENSG00000117091","Significant"
514.56073106034,-0.238041417566328,0.0576363111982454,-4.13005989830895,3.62668732116305e-05,0.00180197358471312,"ENSG00000158773","Not Sig"
163.273434868127,-0.602824983260172,0.189460877856886,-3.18179135491777,0.00146367220667203,0.0195753712487419,"ENSG00000162755","Not Sig"
250.528463421082,-0.391142976158172,0.134452769663577,-2.90914777833791,0.00362415505072134,0.0348051256948584,"ENSG00000158850","Not Sig"
1131.24134519183,-0.208459532803172,0.076479345437145,-2.72569713576452,0.00641658460748614,0.0494049237353889,"ENSG00000158864","Not Sig"
43.6104659624437,1.21396539851973,0.27514772844912,4.41204950286991,1.02396693353251e-05,0.00074234820162266,"ENSG00000239887","Significant"
74.4514265805048,0.644830220515655,0.215227070048763,2.99604608458201,0.0027350509581491,0.0287730380569637,"ENSG00000132196","Not Sig"
17.9462650660792,1.68890060380552,0.427236596440161,3.95308037250987,7.7151507829009e-05,0.00298307982227555,"ENSG00000232995","Significant"
9.77851968614645,2.15203990087437,0.536345750623057,4.01241158035542,6.01015934764817e-05,0.00252511875962056,"ENSG00000269887","Significant"
18.7533709296497,1.29690249002674,0.336626626842709,3.85264380952468,0.000116849307679187,0.003839190492085,"ENSG00000224358","Significant"
12.6583536905422,1.38665022191229,0.376836320438056,3.67971489664363,0.000233494854446083,0.00616163127771222,"ENSG00000143178","Significant"
73.3804659719635,2.48499566560697,0.881843608931729,2.81795506645142,0.00483305729306299,0.0414868518409355,"ENSG00000198734","Significant"
4.55085279474057,2.04743213863664,0.678934845460245,3.01565334630704,0.00256426238634889,0.0275632377942797,"ENSG00000231424","Significant"
2.46786016475413,-2.79154697678151,0.716183244695126,-3.89781106645388,9.70660973639986e-05,0.00338513256414917,"ENSG00000034971","Significant"
381.118049347167,-0.25659493310442,0.0669784053537703,-3.83100988668098,0.000127618376779375,0.00404843124149458,"ENSG00000010165","Not Sig"
85.3854331961596,0.973885790195476,0.242453562614408,4.01679307036753,5.89954839197966e-05,0.00250355260692417,"ENSG00000183831","Not Sig"
1.63534937790002,3.39146535271466,1.07023127339271,3.16890884898503,0.00153012373996411,0.0201237652162893,"ENSG00000208317","Significant"
1343.05949992416,0.728759903023996,0.212828140371899,3.42417079691882,0.000616678499068978,0.0112919462434188,"ENSG00000185278","Not Sig"
3.00991769863314,4.28807454097258,1.1693728323382,3.66698662940411,0.000245425622723877,0.00633333788694651,"ENSG00000235628","Significant"
7.4826612413353,1.70285215144802,0.492107874620126,3.46032290737577,0.000539527983712694,0.0103257296108113,"ENSG00000252906","Significant"
33.1377147022432,0.749037859830666,0.199528014333112,3.75404858477741,0.000174001114608799,0.00510690400071304,"ENSG00000236021","Not Sig"
1120.98650111132,-0.856798850673357,0.22684402405509,-3.77703955060011,0.000158703537557657,0.00473607570302094,"ENSG00000198797","Not Sig"
28.5657547303105,5.54698016610962,1.3175536796053,4.21006009240651,2.55302773336533e-05,0.00144919631698838,"ENSG00000213058","Significant"
1382.12150907969,-0.215645665847507,0.055712421286777,-3.87069276234614,0.000108526501743492,0.00363741022614903,"ENSG00000169905","Not Sig"
9.85201225489868,1.4078255375694,0.503747592471091,2.7947042499269,0.00519472142291413,0.0433053040148613,"ENSG00000272906","Significant"
15.4331692922367,2.95421960559825,0.67832406863821,4.35517438077803,1.32961028405414e-05,0.000902612538633091,"ENSG00000264916","Significant"
41.8236521397142,0.990928513464887,0.323773454468178,3.06056132703208,0.00220922511883285,0.0253069630508122,"ENSG00000230124","Not Sig"
298.432186027569,-0.521344230699825,0.188017957656587,-2.77284274969125,0.00555689659088848,0.0451805877381884,"ENSG00000162783","Not Sig"
38.0212892945375,-0.980054959497347,0.287339072313522,-3.41079600350344,0.000647735335961048,0.0116861341748017,"ENSG00000272198","Not Sig"
8.82131290166414,2.27064828547536,0.567422612444532,4.00168804639826,6.28921825883619e-05,0.00261762954645071,"ENSG00000262180","Significant"
99.1401178031338,0.523186214414984,0.167395828535289,3.12544356088713,0.00177537134471711,0.0220502842683943,"ENSG00000116711","Not Sig"
1.3528727576512,-3.21873511460205,0.783606908381985,-4.10758899669248,3.99810741942857e-05,0.00192190104221504,"ENSG00000228020","Significant"
677.331823599349,4.28903108451479,0.738830696976471,5.80516091449213,6.43042166625248e-09,2.93359237777949e-06,"ENSG00000090104","Significant"
15.147315467166,0.912721732585068,0.291111187828761,3.13530283529314,0.00171676787169944,0.0215233317899763,"ENSG00000203724","Not Sig"
94.5926447333243,2.17416113076849,0.623599225154889,3.48647182848644,0.000489436930203673,0.00972277577133565,"ENSG00000229989","Significant"
3.87234081606834,2.79388497340275,0.909727676164226,3.07112232221281,0.0021325576542578,0.0247582705212985,"ENSG00000207975","Significant"
1.91257510709761,3.72637460753135,1.20386876751112,3.09533290346528,0.00196592108921813,0.0235407579619616,"ENSG00000233410","Significant"
12.8116858582332,2.23057279670655,0.713201521980749,3.12754912596325,0.0017627035904522,0.0219430755057015,"ENSG00000203721","Significant"
44.8212283108166,2.42489319894245,0.477587209398897,5.07738304380991,3.82668913179758e-07,6.76107545345878e-05,"ENSG00000163395","Significant"
2447.98018412687,0.694741285565802,0.18264164260033,3.80384930662327,0.000142464865147379,0.00437882504293425,"ENSG00000134369","Not Sig"
29.1944576548688,1.83236294901147,0.458756021315524,3.99419923417463,6.49132634874903e-05,0.0026602472451348,"ENSG00000223774","Significant"
8.03308600004567,3.22781160921897,0.745788301644478,4.32805341958512,1.50432987619009e-05,0.000993416256605824,"ENSG00000143851","Significant"
10.3991722233627,2.86280420780391,0.699692987231521,4.09151479298254,4.28564602638454e-05,0.00202365929801616,"ENSG00000243323","Significant"
2768.94977107476,0.326272010724636,0.091608822160351,3.56157849244621,0.000368631865625072,0.00818197133362005,"ENSG00000077157","Not Sig"
188.622623381777,-2.72170043176716,0.452641382183486,-6.0129288635476,1.82201004291866e-09,1.10475922579606e-06,"ENSG00000143858","Significant"
22.5066158965772,-1.56451294770324,0.385446417975949,-4.05896351539287,4.92910133931529e-05,0.00220643447368444,"ENSG00000214796","Significant"
803.638714199987,-0.391380832394342,0.11649589658772,-3.35961045717722,0.00078052442462769,0.0131213680684576,"ENSG00000117153","Not Sig"
3.37293286382377,-1.48979437770961,0.488342542034526,-3.05071594111554,0.00228296448349207,0.0258300294550826,"ENSG00000133055","Significant"
5.56286196924007,1.77595392423259,0.592394578998718,2.99792399726945,0.00271825452890491,0.0286528299394129,"ENSG00000233791","Significant"
8.11931844034302,2.95665133016508,0.770929094047024,3.83517933490357,0.000125472709900747,0.00400417036775363,"ENSG00000221643","Significant"
16.2799612377244,1.94351063624073,0.640748825446406,3.03318642041474,0.00241986061300202,0.0265567508409218,"ENSG00000174567","Significant"
16.4881193933263,1.90371689285751,0.672320867471777,2.83156002581971,0.00463215382391002,0.0404343760165192,"ENSG00000229657","Significant"
470.619569984297,-0.247965858037865,0.0853500093554371,-2.905282142445,0.00366922182882429,0.0350990208573694,"ENSG00000117222","Not Sig"
1424.70113981163,-0.284950666709618,0.0916259936117853,-3.10993262367162,0.00187130023771514,0.0228069525089092,"ENSG00000133059","Not Sig"
1245.91385401978,1.49664539829543,0.49693620118842,3.01174556153529,0.0025975021722389,0.0277639264636064,"ENSG00000117266","Significant"
381.524581190869,2.00353641212021,0.664348716776974,3.01579029435051,0.00256310458685679,0.0275618973287998,"ENSG00000158715","Significant"
3.16489003348447,3.30418306788028,0.990172293738262,3.33697790654774,0.000846946804457647,0.0138538895132591,"ENSG00000268313","Significant"
25.8308424145914,1.99731267017653,0.632142405274065,3.15959292322843,0.00157989710804389,0.0205528532102388,"ENSG00000174502","Significant"
41.390300600766,0.645844913499613,0.228250380803727,2.8295458313166,0.0046614123065407,0.040601312088214,"ENSG00000229874","Not Sig"
289.700816988546,0.684457941679661,0.13681280754398,5.00287914535804,5.64803518293252e-07,8.91620891393234e-05,"ENSG00000143486","Not Sig"
19.6844829968005,4.97555640583346,1.5313208014226,3.24919272383105,0.0011573303900108,0.0168539396698134,"ENSG00000224114","Significant"
5.07010910100229,1.78184124235222,0.556327494472578,3.20286388872705,0.00136068274966511,0.0186833016357774,"ENSG00000227591","Significant"
2.57558451174265,4.18872904097441,1.03911404389954,4.03105805908958,5.5526324059682e-05,0.00241948099004596,"ENSG00000236809","Significant"
2.57251022379921,2.21906593976923,0.75091334001601,2.95515583691977,0.00312511153418104,0.0313908721736712,"ENSG00000260805","Significant"
22.2829673353387,1.25375354415487,0.287530431160447,4.36042035305563,1.29812827023889e-05,0.000890302419581063,"ENSG00000198468","Significant"
200.765535368087,0.280774400498365,0.0835130965658396,3.36204035108445,0.000773688167642921,0.0130640674838896,"ENSG00000162769","Not Sig"
89.8693910151844,0.956778031995576,0.222863090173442,4.29312018984825,1.76179571968516e-05,0.00111645957257673,"ENSG00000230461","Not Sig"
950.938474217008,0.944855846425262,0.29338030072486,3.22058380910643,0.00127929781287513,0.0180012586232572,"ENSG00000117707","Not Sig"
736.736586462668,-0.581414091072303,0.194842895874461,-2.9840148313486,0.00284492981374576,0.0294185591088849,"ENSG00000092969","Not Sig"
2014.50119994097,-0.326491015572609,0.0858040650839081,-3.80507631256552,0.000141760477792821,0.00436220044640677,"ENSG00000136628","Not Sig"
215.681940514255,-0.554745132382424,0.160697088453691,-3.45211688475792,0.000556206726171173,0.0105691162731629,"ENSG00000117791","Not Sig"
195.74467811846,-0.553886132958838,0.181948926256639,-3.04418467508613,0.00233311870902221,0.0260877091525581,"ENSG00000186205","Not Sig"
5.38109427294469,1.80843693823961,0.636854863036318,2.83963747975098,0.00451648286047341,0.0397411761987369,"ENSG00000257551","Significant"
2.39875257226107,2.89070528864274,1.01557629716939,2.84636939312163,0.00442208650751683,0.0392457891185002,"ENSG00000234754","Significant"
1739.40635325282,-0.433012834131448,0.0913818964947417,-4.73849690957513,2.153093122988e-06,0.000236388359786819,"ENSG00000154305","Not Sig"
1793.05796789105,-0.362116660217052,0.118553784634848,-3.05445044485413,0.00225473260938944,0.0255756850705361,"ENSG00000143514","Not Sig"
6.6351528826932,1.96454368764568,0.559161204387528,3.51337623610266,0.000442450483741341,0.00914340546532551,"ENSG00000232372","Significant"
2.6993836590778,2.59366985288871,0.832942692098002,3.11386350765119,0.00184654891171094,0.0226189524405584,"ENSG00000243000","Significant"
834.449190728411,-0.375908215346391,0.107720967792237,-3.48964758719408,0.000483657905552791,0.00963667607337037,"ENSG00000143756","Not Sig"
3152.97410218909,0.563004913704333,0.190524452181856,2.95502707005264,0.00312641617718252,0.0313908721736712,"ENSG00000154380","Not Sig"
16.4005792811428,1.78074762894087,0.636239810885498,2.79886231335082,0.00512829998122081,0.0429434762080948,"ENSG00000242861","Significant"
1607.35035333998,2.09580785528395,0.574706010947381,3.64674775513326,0.000265580402548179,0.00663926928013829,"ENSG00000196187","Significant"
6.02604170689164,1.67665080388787,0.451137186313077,3.71649878297623,0.000202002613686327,0.00559048519765302,"ENSG00000272562","Significant"
2408.30813013253,1.20494321284084,0.323638388601061,3.72311584558695,0.000196779176368002,0.00550241157624896,"ENSG00000203685","Significant"
6.47149951789081,2.73134696109904,0.805508129610929,3.39083723763075,0.00069679469035974,0.0121742999759501,"ENSG00000228382","Significant"
4.54712640813736,2.15634710284892,0.74663139834454,2.88810128750285,0.00387575046114277,0.0362349436714157,"ENSG00000236636","Significant"
206.119765716047,0.481823835180825,0.163917021582846,2.93943746981338,0.00328808610469272,0.0325623048207488,"ENSG00000181873","Not Sig"
8.09822625666398,1.33513314729844,0.383032221388239,3.48569408197426,0.000490862002282884,0.00973658539695544,"ENSG00000269890","Significant"
5.6681348114722,-1.22934663350798,0.333658104500291,-3.68445009105693,0.000229196927945637,0.00611258828093885,"ENSG00000269934","Significant"
8.31008336123718,2.94530816440148,0.579967150370214,5.07840515194935,3.80616362307955e-07,6.76107545345878e-05,"ENSG00000183929","Significant"
11.8494105981833,3.40752034748429,1.12246667261144,3.03574300300304,0.0023994378613058,0.0264523151660237,"ENSG00000201321","Significant"
654.919700403134,-0.324118220752342,0.0824508599632101,-3.93104718249107,8.45766701694708e-05,0.00313746811118704,"ENSG00000168118","Not Sig"
517.22192396596,-0.344397388057859,0.113062373721087,-3.04608311963671,0.00231843733179226,0.0260319452518077,"ENSG00000135775","Not Sig"
93.8746341669473,0.726750824273978,0.213853625535866,3.39835634047781,0.000677920566720294,0.0119855817094306,"ENSG00000119283","Not Sig"
593.442522825836,-0.273883732376734,0.066034976845066,-4.14755551469839,3.36044002508576e-05,0.00171093853872639,"ENSG00000116903","Not Sig"
79.5213906561559,1.17149980764183,0.428016013945933,2.73704667458964,0.00619934966141602,0.0483603653850638,"ENSG00000231768","Significant"
2.09034005431255,4.44109779061462,1.05705353574309,4.2013934398248,2.65277105950383e-05,0.00149018503557784,"ENSG00000227630","Significant"
52.9437502397073,1.0074574761722,0.337231963398865,2.98743175474331,0.00281332098288286,0.0291935396741859,"ENSG00000207181","Significant"
756.024529475858,-0.760068989447347,0.259729550843376,-2.92638626209187,0.00342924872295759,0.0334756409366212,"ENSG00000182901","Not Sig"
261.642022443488,-1.07688933135797,0.335696706391684,-3.20792343461802,0.00133697086725458,0.0184755636361686,"ENSG00000054277","Significant"
4.78264694799171,-1.86228728775087,0.529044598483095,-3.52009507911152,0.00043139212672207,0.00899149261626415,"ENSG00000224525","Significant"
1.71088639988452,4.18373082449278,1.32188332828978,3.16497737353687,0.00155095011458487,0.0202640471422896,"ENSG00000265201","Significant"
9.64430749671547,1.31308792944747,0.464121199489668,2.82919188111057,0.00466657109039187,0.0406215216711806,"ENSG00000232184","Significant"
253.522389619166,0.783062628838789,0.281665497278886,2.78011554984121,0.00543395592353329,0.0445384055557433,"ENSG00000188206","Not Sig"
1013.22235309516,-0.898636464741027,0.23350151564826,-3.84852518942407,0.000118831079662523,0.00387134266090528,"ENSG00000162852","Not Sig"
584.644059942247,-0.375024248127984,0.0955356312541207,-3.92549086874651,8.65530535797679e-05,0.00315889044658636,"ENSG00000175137","Not Sig"
521.613460158351,0.38985168419051,0.134170375810375,2.90564650978912,0.00366495227317148,0.0350707538364211,"ENSG00000035115","Not Sig"
2.37710335240407,-2.22719518213055,0.692678334563707,-3.2153383049484,0.00130290873314849,0.018176991541522,"ENSG00000228391","Significant"
1.85906940445024,-2.96164750654598,0.953267366551175,-3.1068382391615,0.00189099842090398,0.0229526352772674,"ENSG00000238722","Significant"
681.467879324694,-0.64856699818586,0.112860886742811,-5.7466055504581,9.10528013023008e-09,3.98229128843292e-06,"ENSG00000182551","Not Sig"
146.340095300294,1.08929562058688,0.248856833681585,4.37719794337912,1.20214790610909e-05,0.000830883522981461,"ENSG00000176887","Significant"
340.915944405986,1.34115206236271,0.318680331621225,4.20845571340991,2.57121909093409e-05,0.00145642365450171,"ENSG00000232044","Significant"
440.331973922387,1.12845869437748,0.348649458597114,3.23665695314181,0.0012093869956031,0.0173427090558494,"ENSG00000272268","Significant"
81.8488103762777,1.47762559721294,0.302711764060531,4.88129558426236,1.05391132803564e-06,0.000142006567276075,"ENSG00000235092","Significant"
1250.49615939027,-0.648481204909635,0.219188494127997,-2.95855495284779,0.00309085127296291,0.0311525580322545,"ENSG00000115738","Not Sig"
1106.09287923339,-0.970797277493094,0.291543942215981,-3.32984890755819,0.00086893121736285,0.0141093520823554,"ENSG00000115756","Not Sig"
26.2708794709693,2.6469677751451,0.746589200660018,3.54541396099094,0.000391996936724891,0.00844074759877592,"ENSG00000206633","Significant"
7.07098684030919,1.22499881290559,0.409735887414137,2.98972789675959,0.00279226065002887,0.0290314582549182,"ENSG00000243819","Significant"
6.45262118139706,5.52272292177591,1.15901825444895,4.76500081045026,1.88852890461455e-06,0.00021906114194005,"ENSG00000143882","Significant"
283.919485662889,1.83285206111061,0.438909026120754,4.17592701911386,2.96774963772332e-05,0.00158271328202279,"ENSG00000239899","Significant"
1328.78817158985,-0.374981303029593,0.117717133240305,-3.18544372180823,0.00144532212345818,0.0194157849605945,"ENSG00000134324","Not Sig"
963.439531718905,-1.68226280696205,0.363881563322355,-4.6231053631914,3.7803757991204e-06,0.000357810846227277,"ENSG00000162981","Significant"
7061.70344275341,-1.47364756328414,0.446789831175323,-3.29830148418456,0.00097271633326495,0.015217084073584,"ENSG00000163032","Significant"
1.89942729960032,3.64968548869437,1.07891150675738,3.38274776553577,0.000717645113147021,0.0123842522468625,"ENSG00000228784","Significant"
30.0644431345847,-1.53229610487291,0.436401323661296,-3.51120865541226,0.000446074122452091,0.00918272493279269,"ENSG00000143869","Significant"
32.2008152772907,1.25770663662491,0.41856438254646,3.00481046421887,0.00265746392126622,0.0281566640013747,"ENSG00000084674","Significant"
476.081155499515,0.569613057171316,0.1505622719327,3.78323898716091,0.00015480064807353,0.0046461887659058,"ENSG00000119778","Not Sig"
3070.0920190666,-0.330394093320935,0.108434877000484,-3.04693565815969,0.00231187190466964,0.0260290081845411,"ENSG00000084676","Not Sig"
1045.48156907475,-0.500618562075528,0.125646620022244,-3.98433767646833,6.76685931455557e-05,0.00271887107911187,"ENSG00000138031","Not Sig"
401.022965624255,-0.410679148955051,0.107298654512765,-3.82743987629589,0.000129482998291949,0.0040836212452744,"ENSG00000115137","Not Sig"
108.5100715596,0.526407905328307,0.171041626990174,3.07765960013084,0.00208633084376298,0.0243914200616795,"ENSG00000224165","Not Sig"
14.0635724702295,0.982384091461991,0.30166661877452,3.25652236715084,0.00112786043936377,0.0165603680031844,"ENSG00000272048","Not Sig"
1154.31338758059,0.438474162390913,0.123799276760882,3.54181521785319,0.000397383742775255,0.00850184512710586,"ENSG00000143970","Not Sig"
8.06031148239664,1.7137391842204,0.617787830409857,2.77399310874004,0.00553728511498349,0.0451219393960429,"ENSG00000173557","Significant"
612.354678259049,-0.223250595243192,0.0736766260701224,-3.0301414051006,0.00244439265209444,0.0266550272199644,"ENSG00000115241","Not Sig"
812.460412128177,-0.323178769302655,0.096829044986302,-3.33762219123791,0.00084498559038085,0.0138302886906569,"ENSG00000115216","Not Sig"
356.848603088314,-0.296042746547735,0.0727528298600105,-4.06915781994149,4.718337991039e-05,0.00214447255984548,"ENSG00000243943","Not Sig"
655.551900584843,-0.361951370961197,0.0857642766041794,-4.22030459875131,2.43972447491402e-05,0.00140581877464862,"ENSG00000163798","Not Sig"
272.424022747738,-0.384458237235408,0.101363635743433,-3.7928615564711,0.00014892119168648,0.00453352816371763,"ENSG00000243147","Not Sig"
5.87819381104408,3.18059922101259,1.01121889444641,3.14531229438094,0.00165909622433403,0.021127937073512,"ENSG00000223522","Significant"
2562.19225975868,-0.909219160450604,0.290408473894359,-3.13082861618338,0.00174313854927318,0.0217331801882256,"ENSG00000013016","Not Sig"
1505.95739600033,-0.574944147872742,0.104042070358758,-5.5260736920192,3.27476625064092e-08,1.05262034699818e-05,"ENSG00000119820","Not Sig"
715.157897253596,0.404214979898685,0.140319129222277,2.88068335471478,0.00396814072427804,0.0367318278593573,"ENSG00000119812","Not Sig"
2.24948587958761,3.92761154916622,1.21417301962289,3.23480384236022,0.00121726327321815,0.0173815641548551,"ENSG00000187999","Significant"
130.949435091286,-0.548532791617805,0.170919145967149,-3.20931156374507,0.00133053228458599,0.0184305663657683,"ENSG00000115841","Not Sig"
1020.52764300817,0.420753974969173,0.0986434893573841,4.26540035951878,1.99544053991477e-05,0.00121638390408483,"ENSG00000115904","Not Sig"
31.2909738310047,0.672979735523258,0.19561375077826,3.44034983658241,0.000580962718762864,0.0108972090994136,"ENSG00000229692","Not Sig"
4.0992210590934,2.62136796275353,0.752405426691349,3.48398332835106,0.000494010258990702,0.0097699775386308,"ENSG00000224739","Significant"
15.3261427371886,-1.15644622055656,0.423745884402616,-2.72910313261658,0.00635068391493263,0.0491386009763595,"ENSG00000231826","Significant"
636.042521921763,0.843311669002533,0.245317139610144,3.4376386025971,0.00058681031394974,0.0109632439536871,"ENSG00000152518","Not Sig"
1.873753233185,3.73340182099297,1.08928151009653,3.42739850661939,0.000609394054735968,0.0112047029540323,"ENSG00000234936","Significant"
178.532198382521,0.753501999616135,0.220749280000312,3.41338372480794,0.00064161531232637,0.0116371984969643,"ENSG00000152527","Not Sig"
17.4549873712907,1.62829289791418,0.520826756934338,3.12636183958472,0.00176983643061747,0.0219922990835787,"ENSG00000234690","Significant"
7.8214168474737,1.07480165235398,0.34875735478024,3.08180354513595,0.00205750578942006,0.0241178369753681,"ENSG00000233230","Significant"
50.0871680000719,0.727838782509456,0.260552800262928,2.7934406453317,0.00521505985666829,0.0434246510349729,"ENSG00000243244","Not Sig"
6.99052955302213,1.3220174195366,0.445568064968823,2.96703808794983,0.00300683708195948,0.0305563019126981,"ENSG00000230327","Significant"
941.883318710354,0.809560263920288,0.261217016783428,3.09918654568927,0.00194052794878123,0.0233414540782391,"ENSG00000068878","Not Sig"
123.495460983093,0.493817773416692,0.168844750619466,2.9246853787574,0.00344804638765347,0.03361410011886,"ENSG00000162994","Not Sig"
9.08502671137251,1.15408051795882,0.367616240390529,3.13936216945368,0.00169316044524446,0.0213723930857005,"ENSG00000272606","Significant"
373.088271063275,2.09612756105416,0.513879338918393,4.07902673313556,4.52246367526112e-05,0.00210934979706803,"ENSG00000028116","Significant"
80.8851589014747,0.633265963250103,0.155879036564397,4.06254732648728,4.85401025058238e-05,0.00218013702820349,"ENSG00000162927","Not Sig"
2.01447660546154,3.80230132121022,1.03500338187879,3.67370907939266,0.000239054896989425,0.00623982448578274,"ENSG00000228541","Significant"
4.30953590833751,3.08361939543335,0.921379229456553,3.34674290113109,0.000817670078777685,0.0135410428502234,"ENSG00000241625","Significant"
6.79807547426394,1.84352273570997,0.630695545699395,2.92299945398478,0.00346677124333665,0.0336997404594028,"ENSG00000233716","Significant"
1.6926947957307,2.97961764272418,1.08282138300412,2.75171666305452,0.00592837889880298,0.0471284924437321,"ENSG00000203415","Significant"
2385.23538570673,-0.746457516896361,0.218887066710583,-3.41024039525982,0.000649056423166462,0.0116861341748017,"ENSG00000169764","Not Sig"
481.508147201128,0.545246316271034,0.158979408812429,3.42966627152539,0.000604324039701559,0.0111421983795424,"ENSG00000197329","Not Sig"
43.6309247745128,0.97292403492107,0.325212752490536,2.9916540094761,0.00277470540440647,0.0289278489582494,"ENSG00000225889","Not Sig"
2096.57806687048,-0.70442966142276,0.215023623193681,-3.27605707205599,0.00105267286309068,0.0159461949837443,"ENSG00000115902","Not Sig"
1.25733952078086,-2.23623023126176,0.797828996945481,-2.80289415378891,0.00506462879790452,0.0426917003789241,"ENSG00000232046","Significant"
188.167846350658,0.404243838120134,0.148214824348693,2.72741839351442,0.0063832044588129,0.0492616464439309,"ENSG00000143971","Not Sig"
6.50557884283936,1.27067835039349,0.402750291215301,3.15500293385069,0.00160496491431667,0.020765692991782,"ENSG00000273064","Significant"
1929.33941414597,1.22914202833483,0.353723229811331,3.47486940281086,0.000511102112913445,0.0100041770142464,"ENSG00000169604","Significant"
63.6485729351184,0.954953207524649,0.312039338514946,3.06036159437285,0.00221069911361456,0.0253129792498381,"ENSG00000244617","Not Sig"
254.707901527035,-0.291911150182496,0.104074434639651,-2.80483051570939,0.00503430436008955,0.0425032297540599,"ENSG00000115998","Not Sig"
1527.91170401357,-0.404654193710007,0.0915734384928406,-4.41890356384994,9.92028978054482e-06,0.000727262617491064,"ENSG00000116005","Not Sig"
9.18560773589674,1.4611262357429,0.524168868941885,2.78751051868534,0.00531147299224304,0.0439394691348999,"ENSG00000116035","Significant"
458.383242499426,0.613313184210404,0.19882235336633,3.08472952777284,0.00203737337725345,0.0240084294751523,"ENSG00000124357","Not Sig"
2846.81825382424,0.494049538757365,0.143892759475062,3.43345655861849,0.000595937690656539,0.0110628332722622,"ENSG00000144036","Not Sig"
18.8928123054615,2.12140394533781,0.400890570682823,5.29172821831279,1.21165865209163e-07,2.73947806602989e-05,"ENSG00000230002","Significant"
248.831915382195,-0.346038080553165,0.0978299708327073,-3.53713772587035,0.000404488678060281,0.00857328534096584,"ENSG00000114956","Not Sig"
1.95992469766475,3.69047322462962,1.2225284111396,3.01872184809962,0.00253843472574243,0.0273669584905239,"ENSG00000217702","Significant"
117.43518113681,-0.421652914231517,0.130542152665146,-3.23001349083846,0.00123784376984769,0.0175830729011643,"ENSG00000163170","Not Sig"
21.465900495607,2.3781271158224,0.546716594708579,4.34983525072991,1.36239849628391e-05,0.000920188088160972,"ENSG00000188687","Significant"
5710.43827036881,-0.327932268180737,0.087576141254672,-3.74453890617432,0.000180725371444108,0.00524083933125801,"ENSG00000204843","Not Sig"
77.6859317481602,0.639042030452309,0.164134495936262,3.89340477641256,9.88470135271567e-05,0.00342041436302337,"ENSG00000239779","Not Sig"
101.949810200535,0.964644331116411,0.258932862758901,3.72546119035735,0.000194958447663044,0.00547715647492167,"ENSG00000115282","Not Sig"
12.9661048662037,1.71383451569621,0.512541613471115,3.34379584145278,0.000826405288782254,0.0136264936337588,"ENSG00000272711","Significant"
233.274507184659,0.618321688023181,0.106235487105259,5.82029324542508,5.87444695081217e-09,2.81487906782851e-06,"ENSG00000115350","Not Sig"
65.6435275781454,-0.670106014671612,0.197365279953644,-3.39525784286377,0.00068563996398388,0.0120740518806112,"ENSG00000115353","Not Sig"
3.27907180678062,2.83481437173571,0.852890425580108,3.32377323828857,0.000888083762355975,0.0142730040336717,"ENSG00000270571","Significant"
791.725978902517,0.272304063463883,0.095453639662165,2.85273630662631,0.0043344572399979,0.0387140892888865,"ENSG00000115364","Not Sig"
61.8178076827826,1.56945000934628,0.309392881081498,5.07267653948658,3.92258941208527e-07,6.88491861348835e-05,"ENSG00000200488","Significant"
540.828111588911,-0.97589852056587,0.32141137126201,-3.03629120753893,0.0023950792335344,0.0264351794026945,"ENSG00000176204","Not Sig"
29.6072421013649,1.58392011024777,0.300903493519496,5.26388076031144,1.41045947335841e-07,3.0346490556233e-05,"ENSG00000152284","Significant"
387.532230521825,-0.2634544203958,0.0773290732909614,-3.4069258712634,0.00065698967739904,0.011763642686798,"ENSG00000168883","Not Sig"
189.458467465753,-0.914157394000521,0.316377710648881,-2.88944942463112,0.00385917080039153,0.0361132296680623,"ENSG00000168874","Not Sig"
40.3802238548035,2.39192928079838,0.755428583957752,3.16632085625734,0.00154380404331543,0.0201996802705308,"ENSG00000232504","Significant"
150.575857113353,3.22311956680117,0.694372399930141,4.64177373283477,3.4543101222255e-06,0.000337263665845883,"ENSG00000208772","Significant"
1030.7024998065,-0.464976912885538,0.105660636578314,-4.40066355781325,1.07920345499583e-05,0.00076984141646614,"ENSG00000132305","Not Sig"
846.020895543844,-0.464024540657675,0.134845073709066,-3.44116791139755,0.000579208976521158,0.0108805742852405,"ENSG00000132313","Not Sig"
380.335000064921,-0.458611333301689,0.134435262258645,-3.4113916661192,0.000646321788244247,0.0116861341748017,"ENSG00000172071","Not Sig"
1.53627098632165,3.38732725783575,1.04538643106166,3.24026327220997,0.00119419384481293,0.0172122623369876,"ENSG00000259848","Significant"
1.61974560650965,-1.94360229146579,0.624145437967689,-3.11402146556491,0.00184556062419931,0.0226172310027622,"ENSG00000232717","Significant"
2.04269617741804,3.68915391996303,1.21949657728862,3.02514495626167,0.00248513989726617,0.0269811708501874,"ENSG00000243039","Significant"
55.9517785995355,-1.08554479689504,0.39463151152335,-2.75078083020952,0.00594534065085999,0.047193020893869,"ENSG00000186281","Significant"
943.928562718165,-0.449930249216916,0.110385172365998,-4.07600259684432,4.58165071960139e-05,0.00211980591823673,"ENSG00000135956","Not Sig"
1149.46231657807,-0.250711868776177,0.0569268069613374,-4.40410910358018,1.06219479174764e-05,0.000763835440674806,"ENSG00000144021","Not Sig"
5.97225463285077,-1.83424840655406,0.353550669968513,-5.18807786934024,2.12475760019826e-07,4.29442484967343e-05,"ENSG00000230747","Significant"
16.5932862114417,-1.49508165903783,0.27489385787735,-5.43875978380315,5.36527354475401e-08,1.41722903861873e-05,"ENSG00000198885","Significant"
160.973937464081,-0.903858526931456,0.165523822741841,-5.46059480719676,4.74541991233925e-08,1.29186793715611e-05,"ENSG00000196843","Not Sig"
7.53948856196734,6.27815310675569,1.40924290417655,4.4549829473324,8.3899863163045e-06,0.000658342485096141,"ENSG00000235833","Significant"
1605.74787242336,-0.415667486942889,0.120697493263212,-3.44387837480948,0.00057343359641496,0.0108194023470684,"ENSG00000135940","Not Sig"
40.0705046884739,1.64202617307011,0.414529397533715,3.96118148155356,7.45798200800416e-05,0.00290469345973055,"ENSG00000228486","Significant"
968.627474435634,0.280602942395028,0.0890000126001884,3.15284160301831,0.00161689516189198,0.0208291385920406,"ENSG00000075568","Not Sig"
6.59676616913679,1.43115953515738,0.449164572419105,3.18626985082429,0.0014412010316461,0.0193701774928395,"ENSG00000226791","Significant"
221.450029608026,0.646934752397312,0.231347933754351,2.79637143024686,0.00516799687404773,0.043193185981857,"ENSG00000135951","Not Sig"
26.5741966074945,-0.710852975608719,0.237957458837737,-2.98731117352135,0.00281443095854254,0.0291937027771992,"ENSG00000241962","Not Sig"
53.8827963838549,0.562065291034081,0.193743667916795,2.90107695945688,0.00371882533183546,0.0353832171997283,"ENSG00000144182","Not Sig"
121.426696874359,0.929244563918311,0.223796731970191,4.15218111425363,3.29321463154977e-05,0.00168636608743026,"ENSG00000158411","Not Sig"
832.268967683367,0.488859654281444,0.157815856156107,3.09765866490548,0.0019505594986061,0.0234011581740437,"ENSG00000158417","Not Sig"
600.226999120001,-0.607265115628976,0.133800251184107,-4.53859473547169,5.66303530996789e-06,0.000498627455559846,"ENSG00000115526","Not Sig"
36.4788497877667,2.78321408887996,0.680937928225004,4.08732422371441,4.36377072479502e-05,0.0020496661825142,"ENSG00000212283","Significant"
16.0622503975885,-1.13070262678464,0.267958522334052,-4.21969272309631,2.44635519779588e-05,0.00140660151556027,"ENSG00000196460","Significant"
5.77539875461978,-2.32212435520877,0.609417232056286,-3.81040153290955,0.000138741265055704,0.00429904554055882,"ENSG00000115590","Significant"
103.877026930044,-0.537006778867033,0.152419906614563,-3.52320632386297,0.000426359311161151,0.00890747068321718,"ENSG00000233639","Not Sig"
1.38728940086949,3.22418005524103,1.09601798752532,2.94172184392782,0.00326392960925554,0.032371144254769,"ENSG00000238273","Significant"
545.744131509917,-0.394081549711348,0.144053193003204,-2.73566688454161,0.00622540106317103,0.0484624859491617,"ENSG00000071051","Not Sig"
5.53200697616395,3.04388932842171,0.817071630406729,3.72536411147515,0.000195033496426987,0.00547715647492167,"ENSG00000238250","Significant"
4.88656439292765,2.48367885120703,0.796445644976493,3.11845367838045,0.00181802717169322,0.0224447695111538,"ENSG00000237880","Significant"
3939.85510617914,-0.272274264986244,0.0829151880487679,-3.28376828653035,0.00102429100319672,0.0156512369268529,"ENSG00000153201","Not Sig"
10.1029397103541,-0.960901433758123,0.346135818718774,-2.77608205159151,0.0055018321643091,0.0448878838873402,"ENSG00000259863","Not Sig"
160.367523538277,0.824870093433764,0.245659499235188,3.3577781278633,0.000785716532188624,0.0131671679411183,"ENSG00000198142","Not Sig"
1.53620936143364,2.86818727696236,1.01689002203148,2.82054815645891,0.00479416771625465,0.0413200450699074,"ENSG00000231536","Significant"
2.72386068687799,3.11377641282238,0.937944029546486,3.31978915024167,0.000900854594744057,0.0143915567264531,"ENSG00000240183","Significant"
101.557214198339,-1.63904316245998,0.442070064941727,-3.70765471911344,0.000209187611075889,0.00572401669322426,"ENSG00000144152","Significant"
137.321307038786,-1.03654795600026,0.304882323409651,-3.39982962740518,0.000674278525738629,0.0119687802981909,"ENSG00000169629","Significant"
7.34379873780812,1.40384562053328,0.463329334362079,3.02990878500306,0.00244627607208417,0.0266550272199644,"ENSG00000228251","Significant"
884.286180394601,-0.616309395262643,0.184414024117517,-3.34198767263982,0.000831807548273697,0.0136817469669507,"ENSG00000144136","Not Sig"
5.30471067860073,3.29827013858391,0.94583162917456,3.48716413878267,0.000488171650376762,0.00971176166358348,"ENSG00000136689","Significant"
360.147465243354,-1.49413376126084,0.495729035760217,-3.01401300605589,0.00257816753229639,0.0276289070886576,"ENSG00000189223","Significant"
621.056505236597,0.461941867681182,0.134187294190112,3.44251570515102,0.000576330399075586,0.0108586996588542,"ENSG00000115084","Not Sig"
9.33694031248509,1.30351975457503,0.397228133072899,3.28153936250988,0.00103242113268906,0.0157484067461473,"ENSG00000228857","Significant"
90.6881117047886,-0.704115230346697,0.157221314163437,-4.47849729595026,7.51703225506522e-06,0.000609676071336845,"ENSG00000163083","Not Sig"
57.6098755744972,-1.85659524073832,0.334442055852287,-5.55132109808081,2.8351876861662e-08,9.45499653490352e-06,"ENSG00000115112","Significant"
2451.50785904253,-0.355126171522929,0.120941696049949,-2.93634191615984,0.00332108043790014,0.0327674204891782,"ENSG00000074054","Not Sig"
33.0623220709899,2.94071439225075,0.4544257938801,6.47127524857591,9.71792242637605e-11,9.60238712641802e-08,"ENSG00000264229","Significant"
1409.8438264728,0.372640821455896,0.108386973806586,3.43805909851182,0.000585899811663195,0.0109539040472056,"ENSG00000169967","Not Sig"
1253.75256308046,-0.627434313659384,0.174530446959414,-3.59498485559537,0.000324410447554032,0.00759215357028908,"ENSG00000136720","Not Sig"
19.3664311291315,1.72607097509032,0.551949231936896,3.12722778693468,0.00176463148044312,0.0219480667910219,"ENSG00000214100","Significant"
31.147332215425,0.950853190198516,0.299980697914904,3.16971457432987,0.0015258874687555,0.02008426660499,"ENSG00000222014","Not Sig"
13.7592841708155,1.55281156909131,0.52691332587026,2.9469962000423,0.00320877146557433,0.0320006813719299,"ENSG00000213225","Significant"
547.780285586171,-0.332290260519466,0.116862157670438,-2.84343766317028,0.00446297387289433,0.0394263840910423,"ENSG00000136710","Not Sig"
762.732387492757,-0.339718936690076,0.121579458525626,-2.79421327261851,0.00520261545264222,0.0433345543743496,"ENSG00000136718","Not Sig"
3638.47320222521,-0.375470682329558,0.0761870564786759,-4.92827390482857,8.29592620256699e-07,0.000117104240824489,"ENSG00000152102","Not Sig"
187.608895255051,0.920297309601181,0.33282492189301,2.76510936851364,0.00569037136592962,0.0457959027667078,"ENSG00000152117","Not Sig"
3.11836282188403,4.50837935676849,1.25520221103472,3.59175542963076,0.000328458026913508,0.00762657241081416,"ENSG00000229203","Significant"
19.9774388334218,-1.45668666672962,0.375685565809222,-3.87740919348853,0.000105574711938829,0.00356867713685311,"ENSG00000221288","Significant"
3.3713020674138,2.9380480011197,1.01265693512464,2.90132610483538,0.00371586955922038,0.0353780553403455,"ENSG00000222068","Significant"
1622.95931193152,-0.365662230129318,0.107215205575655,-3.41054450407498,0.000648333023962656,0.0116861341748017,"ENSG00000115839","Not Sig"
3.09731692884411,3.75446687970696,1.04586393949931,3.58982343487658,0.000330902022959054,0.00765666528232835,"ENSG00000241772","Significant"
3703.58510691806,0.450074008722467,0.163074596124199,2.75992717087392,0.00578142484105089,0.0463576029474815,"ENSG00000168702","Not Sig"
2.11297655967488,3.93849833504278,1.12224498768082,3.50948177828971,0.000448980821845236,0.00918670903741307,"ENSG00000252015","Significant"
57.9546164635498,2.56326669652028,0.557327162686936,4.59921365426098,4.24088671404785e-06,0.000396991637347658,"ENSG00000176824","Significant"
26.9370074341106,-1.38429055511997,0.401197985322417,-3.45039258860562,0.000559771870681428,0.0106292909166618,"ENSG00000150556","Significant"
13.4458859096984,1.08200523827364,0.391948488947541,2.76058020067646,0.00576987893028876,0.0462961202950899,"ENSG00000231969","Significant"
159.198504233912,0.72452924681939,0.203980779403747,3.55194861465502,0.000382389528792976,0.00832797570503495,"ENSG00000177917","Not Sig"
1173.98982730137,-0.782503281392403,0.281435921479736,-2.78039589714827,0.00542926641895957,0.0445240707550296,"ENSG00000162989","Not Sig"
165.230949256817,2.04206416067272,0.384019175445138,5.31760987795895,1.05139193879155e-07,2.43913787261042e-05,"ENSG00000153234","Significant"
8261.96508157944,1.82720190918507,0.608124607331792,3.0046505060897,0.00265886174716485,0.0281602908108817,"ENSG00000136541","Significant"
4.63985616017398,1.79504904311915,0.572129073438083,3.13748964430736,0.00170401293471947,0.0214440382478211,"ENSG00000234584","Significant"
5248.90079013515,0.836278251290717,0.293124334439737,2.85298132237686,0.00433111671007517,0.038710171761506,"ENSG00000144283","Not Sig"
12.6583388897852,2.53466601446205,0.613256400345435,4.13312606771706,3.57862304742415e-05,0.00178790420004174,"ENSG00000227331","Significant"
37.0908594552976,1.31228824459206,0.465576229806938,2.81863239696801,0.00482287165838791,0.0414394180270954,"ENSG00000115339","Significant"
6.840230267128,-1.63234625044824,0.489362819676034,-3.3356564594116,0.000850982529371605,0.0138990776494345,"ENSG00000232411","Significant"
17.7914305524509,-0.99936232330294,0.249506119495944,-4.0053619739743,6.19225834974775e-05,0.0025853405401083,"ENSG00000236107","Not Sig"
1656.88714196054,-1.32785233034506,0.316436283394515,-4.19627078191148,2.7134581001055e-05,0.00151132251884582,"ENSG00000144285","Significant"
192.509579807453,0.902621229313835,0.247049100050161,3.6536106754915,0.000258578254129877,0.00655138579480625,"ENSG00000169432","Not Sig"
13.0821859738933,1.30850334318935,0.472745958299886,2.7678784349528,0.0056422497228634,0.0455460152363911,"ENSG00000152253","Significant"
431.28874120067,0.373689560099368,0.0986734362048057,3.78713435421203,0.000152394706826138,0.00459405467052489,"ENSG00000115827","Not Sig"
956.245901952424,-0.82018957695341,0.22426236228003,-3.65727698850002,0.00025490887463441,0.00650163849557497,"ENSG00000115840","Not Sig"
8.65811938762003,-1.07371769979584,0.36973005218578,-2.90405849740426,0.00368359328025515,0.0351973841209253,"ENSG00000225205","Significant"
28.5526312958304,1.32530875036519,0.424699533845235,3.12057971518317,0.00180495438195791,0.0223398477814412,"ENSG00000144354","Significant"
1283.53679572517,-0.489094349560944,0.166511771392844,-2.93729593691634,0.00331087988768575,0.0327195616167803,"ENSG00000163328","Not Sig"
738.074905578494,1.31025324966759,0.397849826663039,3.29333623356662,0.000990059990377327,0.0153390304780933,"ENSG00000115935","Significant"
10227.8324103746,-0.96450651208767,0.324999445592302,-2.96771740742476,0.00300020024841711,0.030515570883538,"ENSG00000128656","Not Sig"
1.34977123618675,3.25190916084199,1.13856078918299,2.85615769639802,0.00428802098996219,0.0385315298050527,"ENSG00000128652","Significant"
6.76662069496448,2.25540584050025,0.551034368007277,4.09304023750197,4.25753803676711e-05,0.00201395137026436,"ENSG00000225808","Significant"
30.0175439460794,0.743800046912913,0.245852510168612,3.02539130636818,0.0024831163768878,0.0269735593725527,"ENSG00000204311","Not Sig"
824.813074472518,1.8167744864926,0.442876795762151,4.10221195573386,4.09219136880468e-05,0.00195305140480036,"ENSG00000155657","Significant"
10.7516679314622,1.412455395032,0.492167795580917,2.86986553714846,0.00410646383643291,0.0374551619460491,"ENSG00000270277","Significant"
10.4455007177845,1.40070579698531,0.416960306237991,3.35932647791615,0.000781327020231016,0.0131265891516016,"ENSG00000270574","Significant"
3.41475174045805,1.87749469312735,0.657009116276698,2.85763872466063,0.00426806024671958,0.0383780179717667,"ENSG00000226564","Significant"
19.8607869544103,1.5728148280706,0.368831821012392,4.26431435268638,2.00516980474104e-05,0.00121858599591541,"ENSG00000188738","Significant"
38.8056466136756,0.932099455746909,0.315443195318842,2.95488845402027,0.00312782116512311,0.0313908721736712,"ENSG00000237877","Not Sig"
1.80931972387815,3.6544255578572,1.07826897458183,3.38915951771166,0.000701072137363332,0.0122008503279298,"ENSG00000213953","Significant"
444.758779268303,-1.04119329918448,0.320566585851409,-3.24797825206618,0.00116228154013555,0.016916808079256,"ENSG00000204262","Significant"
457.733974920974,1.83658795377771,0.515303963213192,3.56408660691374,0.000365125393759173,0.00811765031675081,"ENSG00000187699","Significant"
37.1816024111933,1.64400502556271,0.425946890026932,3.85964791398937,0.000113550509702264,0.00376324726502697,"ENSG00000138379","Significant"
203.467461855819,-1.5656673980015,0.455956413260336,-3.43380935648241,0.000595162629755562,0.0110573424785854,"ENSG00000138378","Significant"
454.504286143217,-1.0440946220266,0.244438029129961,-4.27140828185735,1.94242414122602e-05,0.00119130881985676,"ENSG00000128641","Significant"
828.663718813907,0.667531288742562,0.19573999421627,3.41029584380705,0.000648924468936737,0.0116861341748017,"ENSG00000144339","Not Sig"
5.80403172850509,-1.34929298079221,0.486992574205759,-2.77066438434463,0.00559420546029248,0.0453130644787979,"ENSG00000203435","Significant"
347.224309596827,-0.620728954478303,0.201176800369562,-3.08548974503036,0.00203217231764466,0.0239683135554562,"ENSG00000081320","Not Sig"
1711.56799015124,0.915082976413732,0.211222210368589,4.33232364540114,1.47543836141686e-05,0.000981626435018463,"ENSG00000197121","Not Sig"
377.513378801238,0.928969660096884,0.277473786870562,3.3479546683458,0.000814103266029214,0.0135071275089511,"ENSG00000065413","Not Sig"
2.63087655917157,2.66794105368407,0.950246453494174,2.80763063505654,0.00499074331927977,0.0422847193276853,"ENSG00000224442","Significant"
14.8484857052654,2.6358152502204,0.618365752157946,4.26255050675437,2.02106798909655e-05,0.00122545620184334,"ENSG00000236977","Significant"
28.1480179446103,2.93158672261757,0.750473039866239,3.90631850431307,9.371297199873e-05,0.00331587318296302,"ENSG00000238217","Significant"
4.79929711806192,2.90367513503677,0.906819632478536,3.20204264557043,0.00136456795051075,0.0187173821859518,"ENSG00000213938","Significant"
93.8476510867183,0.357208324310877,0.124066434133608,2.87916975131402,0.00398723654142143,0.0368081258438002,"ENSG00000226124","Not Sig"
71.9097368377864,1.84420954971707,0.570963512560422,3.22999545355695,0.00123792186596117,0.0175830729011643,"ENSG00000237166","Significant"
1041.15376545596,0.597564778834089,0.163478569761834,3.65530955956283,0.000256871834070072,0.00653229716256193,"ENSG00000003402","Not Sig"
85.8324495916757,0.440311167138177,0.159588120778387,2.7590472585965,0.00579701509908764,0.0464022099695647,"ENSG00000003400","Not Sig"
2431.33932535436,0.588856979142313,0.191189602095341,3.07996341165387,0.00207026025860252,0.0242353986131008,"ENSG00000115993","Not Sig"
515.944909562137,0.412451329184052,0.123276444637558,3.34574322285729,0.000820623520742719,0.013564693252723,"ENSG00000138380","Not Sig"
1.35749541791685,3.19450022283569,1.02170214312176,3.12664531863958,0.00176813097107381,0.0219813449101949,"ENSG00000163599","Significant"
906.130766659143,0.35532345380204,0.127994399163809,2.77608595472441,0.00550176611363304,0.0448878838873402,"ENSG00000114933","Not Sig"
12.4382489262697,1.63694263689619,0.537458131929441,3.0457119162374,0.00232130131391921,0.0260319452518077,"ENSG00000237892","Significant"
3.73400528377273,-1.47075143112193,0.507654589011081,-2.89714987898953,0.00376569804240792,0.0356054724713516,"ENSG00000237194","Significant"
3841.99664661248,-0.203385341588256,0.0553531538084744,-3.67432255607301,0.000238481309625029,0.00623157968607851,"ENSG00000079246","Not Sig"
10.2911711748017,2.14125678696114,0.497692669102564,4.30236754505997,1.68982691386442e-05,0.00108372337103338,"ENSG00000229352","Significant"
2.77350323777012,3.76005169332024,1.19022999339068,3.15909674113384,0.001582589478028,0.020559778170637,"ENSG00000188282","Significant"
1085.59573157401,-0.214371941213541,0.0681107510058367,-3.14740240046935,0.0016472808913653,0.0210681436429097,"ENSG00000127837","Not Sig"
804.428301327974,-0.923478164871952,0.17312074991208,-5.33430085845252,9.59133835143622e-08,2.28470817748185e-05,"ENSG00000127838","Not Sig"
6.10221559911937,1.16790332092738,0.419621106354359,2.78323302436822,0.00538201359883925,0.0442895560775547,"ENSG00000273466","Significant"
4.59607557740962,-1.8615785323163,0.442137371178865,-4.21040756485433,2.54910405392367e-05,0.00144919631698838,"ENSG00000228135","Significant"
2.08629613116814,3.36331499978772,1.09771901219159,3.063912497127,0.00218462798413657,0.0251579031586597,"ENSG00000240317","Significant"
2587.58934303176,-0.449627285335775,0.105016125140213,-4.28150709936641,1.85631800098411e-05,0.00115982922595445,"ENSG00000144567","Not Sig"
1340.18560311921,-0.276204251949902,0.0806232542809997,-3.42586334939092,0.000612848624858109,0.0112372429296148,"ENSG00000198925","Not Sig"
2290.99556142179,-1.06822536674537,0.338721889766355,-3.1536945175944,0.00161217747513516,0.0208049858475428,"ENSG00000127824","Significant"
35.8556871924572,-1.49426053994699,0.422531214637065,-3.53645006140077,0.000405543165047374,0.00857328534096584,"ENSG00000224819","Significant"
37.9379207869597,-1.14395196139604,0.397960169815917,-2.87453883117296,0.00404618012079173,0.0371148989711675,"ENSG00000272944","Significant"
3375.92850401104,-0.521832545166709,0.107563630450832,-4.8513846453448,1.22602510219187e-06,0.000160338841673416,"ENSG00000123983","Not Sig"
2516.18583730784,-0.454696526369468,0.150230919326883,-3.02665076141953,0.00247279474428855,0.0268819771039597,"ENSG00000135919","Not Sig"
1020.07328618818,1.48841288583377,0.385433862552365,3.86165573511734,0.000112621187594603,0.00373709037790597,"ENSG00000153820","Significant"
10.9347646391647,-2.14451725121777,0.418375646236196,-5.12581760078614,2.96249307739582e-07,5.48319201886986e-05,"ENSG00000135898","Significant"
26.6088889780426,-0.852013191232809,0.227155253152764,-3.75079677624634,0.000176273529320252,0.00514707302853854,"ENSG00000261829","Not Sig"
31.1419265882726,0.757464889227597,0.273815162914372,2.76633653580563,0.00566899980481755,0.0456790231932128,"ENSG00000261096","Not Sig"
5.2112759457794,2.75673116722306,0.720824014756506,3.82441637735153,0.000131082226042273,0.00411599874023066,"ENSG00000244384","Significant"
470.451030175107,1.28827067969554,0.463076839322652,2.78198037625874,0.00540283068586196,0.0444197595895566,"ENSG00000182600","Significant"
1872.16463888918,-1.38930201885485,0.384219087608054,-3.61591098324635,0.000299293219061673,0.0071602822052398,"ENSG00000066248","Significant"
2443.67417683386,1.84537950819759,0.326979545362533,5.64371543838178,1.66419050469631e-08,6.34270549639898e-06,"ENSG00000252010","Significant"
711.545482246386,1.3862975815561,0.314821909179026,4.40343426279068,1.06550580234494e-05,0.000764156701633354,"ENSG00000251791","Significant"
8.92522339495852,2.65989044688574,0.733840996288008,3.62461413349796,0.000289393199866679,0.00701883743567558,"ENSG00000235529","Significant"
3.2324092179399,2.48849837217566,0.793264920926356,3.13703317331826,0.00170666815945648,0.0214662970127712,"ENSG00000124835","Significant"
8.59638177301052,-1.78414993651419,0.353290696916656,-5.05009034227437,4.41601166432668e-07,7.31768790015972e-05,"ENSG00000124839","Significant"
11.364248614382,-1.03461936630216,0.314017861883026,-3.29477871130643,0.000984992124729895,0.0152871465361657,"ENSG00000177483","Significant"
1.90563090960157,3.12432029251338,1.07757641977605,2.89939556506137,0.00373882874780383,0.0355228675792943,"ENSG00000264292","Significant"
12.3505998900292,1.17940823536728,0.373017715586738,3.16180220425223,0.00156796028084477,0.0204355702650989,"ENSG00000222020","Significant"
626.734950558627,-0.61240413271612,0.202883892371727,-3.01849558167025,0.00254033105979015,0.0273721697674239,"ENSG00000172428","Not Sig"
32.2294837583221,-1.55416488204972,0.403139437692617,-3.85515466049424,0.000115656488413805,0.0038131026172446,"ENSG00000178602","Significant"
25.8054807689545,1.11430594331892,0.290676831503361,3.83348730463244,0.000126339324181361,0.00402385847015615,"ENSG00000260942","Significant"
4.54134770936347,5.57978719137721,1.56280005442715,3.57037816550531,0.000356466225751288,0.00800518723637931,"ENSG00000226321","Significant"
496.751211006235,-0.391734085979334,0.0999822120804271,-3.91803779720555,8.92727103973488e-05,0.00321024681879072,"ENSG00000176946","Not Sig"
697.108257498172,-0.302422094484218,0.0807779774432304,-3.74386811921302,0.000181208791419647,0.00524409993043886,"ENSG00000168397","Not Sig"
467.54125358232,-0.324362726133639,0.106519368928408,-3.04510559344043,0.00232598630515311,0.026054223932493,"ENSG00000168395","Not Sig"
197.794830037663,1.8113274404282,0.57549957535289,3.14740013373166,0.00164729366314741,0.0210681436429097,"ENSG00000188011","Significant"
11.1579433004172,1.5751716845369,0.416389656097553,3.78292702873451,0.000154994864937073,0.0046461887659058,"ENSG00000233806","Significant"
9.42464010008204,5.47266056768234,1.36829406408308,3.99962311562731,6.34434367814026e-05,0.00262419759673029,"ENSG00000091181","Significant"
5.15921529314087,2.3677401273716,0.733161639872652,3.22949265019221,0.00124010068846516,0.0175878213904776,"ENSG00000229241","Significant"
1.45585252871477,-2.17955588581298,0.684768285549348,-3.18291009062204,0.0014580288132611,0.0195274852956791,"ENSG00000234325","Significant"
5148.26929708062,-1.55634367792795,0.423522034797946,-3.67476435711415,0.000238069035339926,0.00623157968607851,"ENSG00000150995","Significant"
1050.47586254162,-0.682065005566433,0.153013334129832,-4.45755273189263,8.29006481089619e-06,0.000654351003224554,"ENSG00000134107","Not Sig"
3.9375784049519,-2.26327925742201,0.517709735809918,-4.37171469043611,1.23274549848275e-05,0.000849829900620705,"ENSG00000229642","Significant"
2.76848918302689,3.02719537327835,1.01171216751694,2.99215080185111,0.00277019385380307,0.0289278489582494,"ENSG00000270207","Significant"
8.1205091540592,2.50170334423038,0.765175167859886,3.26945181876115,0.00107756086996604,0.0161607511327126,"ENSG00000231401","Significant"
110.845410318803,-1.71094266954832,0.47319079078648,-3.61575648313993,0.000299471798213477,0.0071602822052398,"ENSG00000180914","Significant"
253.233923431019,-0.4138451644455,0.152052788553955,-2.72172032082561,0.00649430788309803,0.0496450712237278,"ENSG00000156990","Not Sig"
7.4853788875346,1.36124465166345,0.436917742746021,3.11556276727984,0.00183594271259421,0.0225594112264706,"ENSG00000230082","Significant"
9.90503199618696,2.22922603110251,0.728814032017186,3.05870350071682,0.0022229704199862,0.0253881112306558,"ENSG00000269982","Significant"
35.9665913252033,0.681331590839362,0.189607735527422,3.5933744419453,0.000326422977503439,0.00761206913098428,"ENSG00000144554","Not Sig"
1028.76453782139,-0.384856150402217,0.141066582625009,-2.72818794671778,0.00636833121576706,0.0492037962656963,"ENSG00000254999","Not Sig"
13.4543039704093,0.957398291889884,0.33459763068907,2.8613421138644,0.00421851562561387,0.0380994510412161,"ENSG00000240288","Not Sig"
3.68031741553374,-2.23302537452402,0.571332520955414,-3.90845137047307,9.28896395426715e-05,0.00329987043057115,"ENSG00000226567","Significant"
601.864156198949,-0.938822025022221,0.254870998031756,-3.68351845550213,0.000230036620670085,0.0061164746193221,"ENSG00000132164","Not Sig"
4862.8628842464,-0.794004688930894,0.165969824691644,-4.78403041279388,1.71814670098811e-06,0.000206479440701179,"ENSG00000157103","Not Sig"
659.912050204389,-0.235832105487682,0.0820763996080211,-2.87332420298605,0.00406177061216583,0.037200129818734,"ENSG00000197548","Not Sig"
82.6434177881918,-0.757690595094734,0.159538422729635,-4.74926718047583,2.04155077125102e-06,0.000228850979101706,"ENSG00000132170","Not Sig"
567.495591731597,-0.464951724034956,0.0880543537565249,-5.28028091967573,1.28985969780506e-07,2.82701205828624e-05,"ENSG00000075975","Not Sig"
153.716252803016,-0.417233227791823,0.148699463394716,-2.80588253828662,0.00501789804714039,0.0424453081799805,"ENSG00000163528","Not Sig"
1.79285759750805,3.11527927539275,1.114736229352,2.794633558473,0.00519585734666108,0.0433053040148613,"ENSG00000235629","Significant"
58.8779742131428,1.43682090406239,0.40836491978228,3.51847290121893,0.000434038142153027,0.00901846074338052,"ENSG00000224660","Significant"
1278.35636223222,0.318668824722816,0.104221886422793,3.05759985412357,0.00223117291428648,0.0254165081896878,"ENSG00000206560","Not Sig"
2169.1736227327,1.84057574310984,0.377629345653596,4.87402730824374,1.0934586471628e-06,0.000145136235062967,"ENSG00000263740","Significant"
1.22223169942702,3.07220174362741,1.1101520583521,2.76737021790309,0.00565105406595123,0.0455894984655316,"ENSG00000207815","Significant"
10.9231414056816,1.45511700891407,0.509561850841042,2.85562391790589,0.00429523578313316,0.0385444317047459,"ENSG00000224728","Significant"
463.810014780025,1.99477109585536,0.579538430267485,3.44199968746625,0.000577430916859326,0.0108640898666361,"ENSG00000183960","Significant"
1183.74608970077,-0.272931565589787,0.0994888362917955,-2.7433386072513,0.0060817936291017,0.0478685876191535,"ENSG00000144566","Not Sig"
691.70953164413,-0.521598480386967,0.191415255137723,-2.72495773657997,0.00643097185061692,0.0494729095998352,"ENSG00000197885","Not Sig"
8079.55825006735,-0.459935588871823,0.128249629961075,-3.58625275574999,0.000335463823298094,0.00770209926141983,"ENSG00000174748","Not Sig"
2054.72060046462,-0.288743303969174,0.105843969281499,-2.72800902998301,0.00637178637486085,0.0492079083699462,"ENSG00000174738","Not Sig"
167.503623428202,-0.884779543162991,0.313795499359585,-2.81960558697849,0.00480827091678252,0.0413897332201455,"ENSG00000077092","Not Sig"
1132.97738986178,-0.704346843728725,0.137908045768061,-5.10736585241243,3.26680862443455e-07,5.92892430552989e-05,"ENSG00000152642","Not Sig"
25.503762660643,3.12670210450359,0.617298601767595,5.06513718895601,4.08106339357679e-07,6.9349484253016e-05,"ENSG00000263587","Significant"
275.239940442397,-0.75169948529865,0.102113312739625,-7.36142492228587,1.81957344181333e-13,4.89157841189253e-10,"ENSG00000173705","Not Sig"
21.7408135232396,2.48331845106381,0.535066103578952,4.64114328015432,3.46486759400256e-06,0.000337263665845883,"ENSG00000144681","Significant"
3.61473273729617,1.75347480461614,0.626948707747704,2.79683933142706,0.00516051887685089,0.0431455603621138,"ENSG00000271835","Significant"
1223.17336188066,-0.348245557387556,0.102454758855866,-3.39901788141896,0.00067628294720268,0.0119855817094306,"ENSG00000178567","Not Sig"
4.75179437285697,2.85981554859128,0.790935209912718,3.61573933332272,0.000299491627004504,0.0071602822052398,"ENSG00000271993","Significant"
447.081665678032,-0.917818184362075,0.259021196193124,-3.54340956590192,0.000394988753444828,0.00848301333857434,"ENSG00000144668","Not Sig"
437.908247386293,-0.519442057002394,0.118579877398514,-4.38052449031207,1.18393984301946e-05,0.000820424183686138,"ENSG00000144677","Not Sig"
79.3345437007139,0.710750688308573,0.222773495362028,3.19046342184261,0.00142044820666081,0.0191879178255715,"ENSG00000172936","Not Sig"
23.2737033213814,0.824027773245548,0.27977615348588,2.94531096728062,0.00322630224319939,0.0321173572934017,"ENSG00000168356","Not Sig"
1191.23095137513,-0.17890355018765,0.0569824072999282,-3.13962780206858,0.00169162609269878,0.0213723930857005,"ENSG00000114742","Not Sig"
57.7574376608662,1.37203916743003,0.435986538053057,3.14697599049048,0.00164968507421394,0.021078519202564,"ENSG00000230084","Significant"
1768.24552257327,0.777383032241686,0.188226645711732,4.13003711192008,3.62704679707239e-05,0.00180197358471312,"ENSG00000114853","Not Sig"
26.0603242969963,0.71081687780937,0.248957604267608,2.85517238929285,0.00430134744143664,0.0385731128536709,"ENSG00000144648","Not Sig"
5.62185230365515,1.74578949093595,0.569218762497597,3.06699217586547,0.00216224516824213,0.0249833429378656,"ENSG00000273291","Significant"
165.012239797193,0.842124830945306,0.263036392257702,3.20155254456296,0.00136689143112833,0.0187396179296365,"ENSG00000144649","Not Sig"
189.770163687367,0.511135137443562,0.117496420976859,4.35021878278515,1.36001770090836e-05,0.000920188088160972,"ENSG00000169964","Not Sig"
52.1633461429298,1.48457986274714,0.232345812443182,6.38952708954106,1.66399558803986e-10,1.38730432166611e-07,"ENSG00000163815","Significant"
604.171264966297,0.811122936167603,0.182970466041652,4.43308121641312,9.28958522747734e-06,0.000696170910909742,"ENSG00000163820","Not Sig"
4.44500910489798,3.87649910269449,1.06319819869954,3.64607380583983,0.000266277526509538,0.00663926928013829,"ENSG00000172215","Significant"
250.445067625442,-1.11770017883104,0.392093577641416,-2.85059547660641,0.00436374470834871,0.0389105431397176,"ENSG00000163827","Significant"
110.953358359249,-0.899496716572682,0.303827759530647,-2.96054816703459,0.00307092097673043,0.0309954813465265,"ENSG00000178038","Not Sig"
2.32542876112573,4.08456517551312,1.0021263559489,4.07589836477807,4.58370374087228e-05,0.00211980591823673,"ENSG00000206549","Significant"
53.0438809114341,1.33666823718811,0.385032346391481,3.47157388129946,0.000517416931792026,0.0100686844079354,"ENSG00000160808","Significant"
1658.43846993676,-0.585752382649483,0.17752441226086,-3.29955962219303,0.000968366549921712,0.0151703177835357,"ENSG00000114646","Not Sig"
1603.44722964007,-0.279773585373743,0.0747475781708392,-3.74291170657472,0.000181900157766419,0.00525121171044895,"ENSG00000132153","Not Sig"
9375.06470982143,0.615821532396332,0.185199641861386,3.32517669152541,0.000883625167541052,0.0142184775903665,"ENSG00000047849","Not Sig"
22.4934645807036,3.03560668369433,0.6350586350049,4.78004158414586,1.7525894044108e-06,0.000208738092501231,"ENSG00000265078","Significant"
263.724015224577,0.580420271358015,0.15270617865208,3.80089578877109,0.000144173931577851,0.00441102789055676,"ENSG00000164048","Not Sig"
15.9356292793712,3.08715118403884,0.965072067272998,3.19888150194026,0.0013796186264401,0.0188132004605078,"ENSG00000265053","Significant"
3128.66448614642,0.784797272269563,0.261086727803882,3.00588727305615,0.00264807147957773,0.0280906159060255,"ENSG00000164050","Not Sig"
802.356247505362,-0.625403128014136,0.16433068935455,-3.80575977908062,0.000141369543849963,0.00435519406509604,"ENSG00000213672","Not Sig"
942.508608485017,-0.224351555176189,0.0694725037056557,-3.229357561759,0.00124068667704483,0.0175878213904776,"ENSG00000172046","Not Sig"
63.8568956378639,0.715674594172175,0.196202812046647,3.64762658958233,0.0002646739182334,0.00663026804182994,"ENSG00000185614","Not Sig"
215.108332824495,0.825725107642902,0.208366144121559,3.96285639936392,7.40583311867144e-05,0.00289003887816625,"ENSG00000182179","Not Sig"
22.395649689332,1.66974379691796,0.425106018372028,3.92782911733961,8.57160776400905e-05,0.00314529984255227,"ENSG00000230454","Significant"
19.1556498203715,1.52105313527628,0.555922806790928,2.73608694713675,0.00621745957105191,0.0484166969924384,"ENSG00000232352","Significant"
1606.07200192176,1.46132359506991,0.498116567621865,2.93369803386914,0.00334949902535067,0.0329660891543137,"ENSG00000012171","Significant"
44.1260250938126,2.07333522991355,0.627160658966287,3.30590766539934,0.000946692787791691,0.0149803184374226,"ENSG00000004838","Significant"
9.21393816977376,-1.04913445669543,0.301193836942445,-3.48325340035397,0.000495359249221628,0.00978939956295097,"ENSG00000271858","Significant"
151.877906913303,0.460739149632356,0.165825386446556,2.77845967680496,0.00546172917166271,0.0447019827145974,"ENSG00000114735","Not Sig"
389.451243351156,-0.355909794277285,0.104859489703259,-3.39415912936895,0.00068839679420194,0.0120747784829149,"ENSG00000164081","Not Sig"
206.521786104803,-0.39231873838545,0.124366033243453,-3.15454894036434,0.00160746415252371,0.0207778760296415,"ENSG00000041880","Not Sig"
255.550867403749,1.74062361168826,0.631649759195405,2.75567842201898,0.00585705501388987,0.0467425577970589,"ENSG00000180929","Significant"
822.113553835045,1.0827496325856,0.375892181139447,2.88047926217418,0.0039707107292772,0.0367318278593573,"ENSG00000090097","Significant"
196.373149164116,-0.599172899834173,0.170937418733142,-3.50521789947915,0.000456233713993154,0.00927133200249319,"ENSG00000248487","Not Sig"
487.728995017559,0.583438843424461,0.186357996219216,3.130742201897,0.00174365151462577,0.0217331801882256,"ENSG00000164086","Not Sig"
4.57382075829505,2.36603297618682,0.67232842536647,3.51916249100601,0.000432911471687078,0.00900908358279217,"ENSG00000243224","Significant"
2.87705780673125,2.35608275387074,0.787030478949612,2.99363597330464,0.00275674640422693,0.0288902062986446,"ENSG00000239557","Significant"
286.491491930692,0.709659386077275,0.213437054144646,3.32491182902262,0.000884465010670102,0.0142234129111921,"ENSG00000010319","Not Sig"
482.250595601008,0.935180779922585,0.197139815827588,4.74374380434881,2.09804162067744e-06,0.000232586412779743,"ENSG00000010327","Not Sig"
2.86811468196706,1.85656643705075,0.673582395101324,2.75625736443346,0.00584669729279628,0.0466738590887229,"ENSG00000248592","Significant"
245.242483936916,-0.613655912360702,0.184188822229189,-3.33166749715745,0.00086327332487317,0.014034898863066,"ENSG00000056736","Not Sig"
660.348259521435,-0.847697469373267,0.22148007707896,-3.82742087032529,0.000129492993496838,0.0040836212452744,"ENSG00000157445","Not Sig"
32.3273232607916,1.94836519611434,0.552512250736467,3.52637465235799,0.000421290537675589,0.00882631625709938,"ENSG00000174844","Significant"
8.42171798024686,1.1656464243926,0.401042600016496,2.90654016392437,0.00365449980142876,0.0349832795846135,"ENSG00000272146","Significant"
1739.4222656601,0.793060312988035,0.281660306437134,2.81566232395279,0.00486767995826194,0.0416998312179694,"ENSG00000136068","Not Sig"
58.1750595071381,0.575248411389652,0.207994027456925,2.76569677708069,0.00568013238323167,0.0457549069602167,"ENSG00000168306","Not Sig"
117.089871283402,0.647049389564055,0.178740123884821,3.62005673656694,0.000294538424487166,0.00710487398453263,"ENSG00000189283","Not Sig"
190.45416722054,1.58220014260654,0.356582747484605,4.43711916453514,9.11708273044858e-06,0.000689050000469229,"ENSG00000163638","Significant"
3.01387874404378,3.81270080851691,1.01523581746788,3.75548295570011,0.000173007535480115,0.00508333484479514,"ENSG00000241587","Significant"
179.133620435089,-0.36431594752733,0.11038074408603,-3.30053897121207,0.000964993105024544,0.0151689159410685,"ENSG00000163378","Not Sig"
10.2600902557366,-0.743180459044216,0.252407804547625,-2.94436402383108,0.00323619115760175,0.0321677883359378,"ENSG00000244513","Not Sig"
8.90620313984721,-0.942058393480299,0.328329308423543,-2.86924855415298,0.00411448329898762,0.0374983413206779,"ENSG00000163380","Not Sig"
918.699124802208,-0.634296394129814,0.192911522062078,-3.28801715599808,0.00100895690869725,0.0155196546445508,"ENSG00000114861","Not Sig"
7.8230312171382,2.68854491028736,0.597256092632802,4.50149432287215,6.74773678058893e-06,0.000562571467404163,"ENSG00000270562","Significant"
4.79451011581591,1.89973815449034,0.612766207910163,3.10026585990991,0.00193347010962191,0.0233005970782717,"ENSG00000163421","Significant"
3.47011085892984,3.42566143827698,1.1338577400888,3.02124447993688,0.00251738011317675,0.0272378511497487,"ENSG00000242618","Significant"
17.262721776802,1.67657842661449,0.535362145256274,3.13167160112138,0.0017381417659138,0.0217096836015048,"ENSG00000255423","Significant"
55.1374406903852,5.22976199999883,1.00836107705152,5.18639812565041,2.14400218166696e-07,4.30073941388667e-05,"ENSG00000223247","Significant"
319.39520640571,0.375109549093097,0.136075958465899,2.75661882761678,0.00584023881673019,0.0466641902939637,"ENSG00000227124","Not Sig"
28.942307806318,1.30905757004269,0.424511657075299,3.08367873584798,0.00204458252578379,0.0240324751294557,"ENSG00000243915","Significant"
224.965765964898,-0.652742358893846,0.185046552779752,-3.52744943955136,0.000419583886848565,0.00881423505293926,"ENSG00000184500","Not Sig"
514.947215594753,0.948033890950836,0.348489177477962,2.72041128453921,0.00652007646617125,0.0497850944593539,"ENSG00000080819","Not Sig"
4.05467342137641,1.67873369935352,0.611979742937327,2.74311971715939,0.00608584933714643,0.0478685876191535,"ENSG00000249274","Significant"
320.338567573536,-0.450988521962736,0.132706875026505,-3.39838099474999,0.000677859469930458,0.0119855817094306,"ENSG00000057019","Not Sig"
5.18151687406131,2.49338064064693,0.747521308413559,3.33553119166403,0.000851366023486781,0.0138990776494345,"ENSG00000273374","Significant"
141.920222497146,-0.775305105853872,0.241752997319867,-3.20701341637578,0.00134120740668231,0.0185111600635682,"ENSG00000168386","Not Sig"
27.2518625941314,-0.863239189728326,0.299709112567989,-2.88025673404408,0.00397351460397488,0.0367450246514544,"ENSG00000261533","Not Sig"
146.421942689106,-0.635480316263323,0.151481929921858,-4.19508991330606,2.72763364885508e-05,0.00151605287745427,"ENSG00000206535","Not Sig"
169.872604201778,1.64739313507169,0.414103274790553,3.97821808075514,6.94336737542206e-05,0.00274432738087237,"ENSG00000154175","Significant"
72.3827657366077,-0.640023720391109,0.231103067350635,-2.76942979480255,0.00561545047936191,0.0454522968423718,"ENSG00000081148","Not Sig"
2.2121145882572,3.36586573528753,1.22997936010643,2.73652212749024,0.00620924189057364,0.0483950816239013,"ENSG00000241218","Significant"
164.576803832655,1.05894462060824,0.241590531289719,4.38322071214928,1.16937533877847e-05,0.000815329819581144,"ENSG00000144821","Significant"
5.72593807315222,1.80039093682685,0.485106436543402,3.71133178453667,0.000206171657621514,0.0056705707769942,"ENSG00000153283","Significant"
119.367490989873,2.44387598855252,0.56374269644792,4.33509117537328,1.45699720288965e-05,0.000971780709397322,"ENSG00000272761","Significant"
410.008333716337,1.45355073772212,0.497169307029352,2.92365340573267,0.0034594971175227,0.0336600742517827,"ENSG00000091986","Significant"
168.803718346171,0.424460835056738,0.126970333160894,3.3429922131406,0.00082880225526981,0.0136491452891008,"ENSG00000163611","Not Sig"
156.071094478265,2.9583792667282,0.618227138814345,4.78526269875804,1.70763835065816e-06,0.000206373075596482,"ENSG00000241529","Significant"
5.25243573330508,2.10559471845151,0.681107788725103,3.09142657492253,0.00199197240327016,0.0237075433454733,"ENSG00000181847","Significant"
984.579455943773,-0.377463388721289,0.124044654203375,-3.04296377095321,0.00234260534520715,0.0261208879734089,"ENSG00000031081","Not Sig"
13.1959928992687,-1.04767110164492,0.29605518646195,-3.5387696265864,0.000401996511303149,0.00854618414490372,"ENSG00000051341","Significant"
23.0272650636724,1.00711280217788,0.32627961808767,3.08665557499601,0.00202421990445992,0.0239067370591511,"ENSG00000272758","Significant"
404.783543762495,0.734822924936429,0.221326000068158,3.32009309665443,0.000899874341603105,0.0143915567264531,"ENSG00000175455","Not Sig"
246.118834308919,0.26121947207658,0.0952074187759183,2.74368820660279,0.00607532112178956,0.0478569587536063,"ENSG00000114491","Not Sig"
6.49921789356797,2.39381183489118,0.739718294706625,3.23611279053275,0.00121169495408761,0.0173427090558494,"ENSG00000243508","Significant"
23.9443750978223,1.26263963517114,0.457031166102913,2.76269919606932,0.00573255702753993,0.04603819654959,"ENSG00000241288","Significant"
1232.17458579222,-1.34404441933992,0.17242862765816,-7.79478696544806,6.45172326448272e-15,4.30313812432836e-11,"ENSG00000144908","Significant"
61.3441900112552,-0.830806229972598,0.246596964910365,-3.36908538300374,0.000754180623833918,0.0128127120248315,"ENSG00000246022","Not Sig"
5.42985625890054,2.1269249924848,0.649067130799552,3.27689524173679,0.00104955302379713,0.0159187180908946,"ENSG00000180767","Significant"
3079.63230192671,-0.846405201260351,0.246700355092173,-3.43090386288302,0.000601573756663249,0.0111145334169105,"ENSG00000074416","Not Sig"
55.0181888187419,-0.94288425986975,0.343693724544221,-2.74338514943829,0.00608093158547747,0.0478685876191535,"ENSG00000179348","Not Sig"
1667.12320462903,-0.543400052122617,0.117128772840851,-4.63933872901548,3.49525765412074e-06,0.000337862242587997,"ENSG00000181789","Not Sig"
512.535705668134,-0.481191299533158,0.146342976118364,-3.28810655828104,0.00100863655209423,0.0155196546445508,"ENSG00000183624","Not Sig"
28.9011805901693,1.84226849179331,0.57103192137871,3.22620929377346,0.00125441590988523,0.0177447306785938,"ENSG00000207088","Significant"
132.465040016743,2.80329554177924,0.522041542156904,5.3698706240828,7.87931476907829e-08,2.02127152619461e-05,"ENSG00000239437","Significant"
11.8899611644848,1.4193624226577,0.426815383946195,3.3254715646253,0.000882691034585924,0.0142121781804831,"ENSG00000249846","Significant"
769.280728461614,-0.318204909332961,0.0970895999191609,-3.27743558113234,0.00104754630760405,0.0159060006766525,"ENSG00000196455","Not Sig"
3.95998397610927,2.38275793888373,0.854035518499247,2.78999864440162,0.00527082622447617,0.0437660668667289,"ENSG00000249020","Significant"
1.63607622262853,3.56477391869412,1.01820968517737,3.50102142082174,0.000463478588681243,0.00937463629069513,"ENSG00000129048","Significant"
335.518975116451,-0.599322934067135,0.177666465263555,-3.37330364049334,0.000742719995725683,0.0126856765467129,"ENSG00000144868","Not Sig"
90.1980008275953,3.14160960273455,0.686233672903846,4.57804641011073,4.69338577846522e-06,0.000430291543586507,"ENSG00000244062","Significant"
104.758153006527,-0.561801372722548,0.181212209443708,-3.10024017944037,0.00193363776495722,0.0233005970782717,"ENSG00000174611","Not Sig"
1613.95752144962,-0.261340406526945,0.0846716064380724,-3.086517635851,0.00202515932957313,0.0239067370591511,"ENSG00000184432","Not Sig"
97.9297408662415,0.660360555147084,0.147274033763583,4.48388991780556,7.32944840412738e-06,0.000601668781457582,"ENSG00000248932","Not Sig"
1.42538008984157,3.303795202027,1.03120021751716,3.20383485758142,0.00135610237957817,0.0186588217559391,"ENSG00000114124","Significant"
23.2785754305937,1.46674837718884,0.368274027715432,3.98276355866781,6.81185168252702e-05,0.00272463854629893,"ENSG00000163710","Significant"
3.68927276400481,4.00905947082074,1.10326029955791,3.63382918104389,0.000279245776455222,0.00687237192394853,"ENSG00000243033","Significant"
5.79995329733566,2.0585630023875,0.640121027694509,3.21589654662918,0.00130037700269558,0.0181637476727306,"ENSG00000243759","Significant"
40.6551350478031,1.56675750501947,0.523285634005726,2.99407704550575,0.00275276422626666,0.0288902062986446,"ENSG00000239922","Significant"
176.209695601278,0.621908382491343,0.202548418924791,3.07041835128946,0.00213759123014818,0.0247901249589438,"ENSG00000169908","Not Sig"
1838.02090741292,0.896179428141365,0.326204633451553,2.74729214805731,0.00600895827241352,0.0475142257705158,"ENSG00000082996","Not Sig"
645.682615998821,-0.409023362975024,0.103511915058115,-3.95146165294484,7.76753199997521e-05,0.00299465298016385,"ENSG00000144895","Not Sig"
262.355585288526,-0.444913606300929,0.159011550969867,-2.79799551408212,0.00514208268000931,0.0430183831357693,"ENSG00000181788","Not Sig"
52.9605447533839,-1.13074284786358,0.238800889736604,-4.73508641073652,2.18961788882052e-06,0.000238435982268746,"ENSG00000174944","Significant"
288.804153423131,1.01200577905778,0.24303185382362,4.16408698339701,3.12600932753629e-05,0.00162714595121625,"ENSG00000181631","Significant"
12.5010188973979,2.82159070352856,0.676575658809489,4.17039937335829,3.04066296820964e-05,0.00160063534794143,"ENSG00000265813","Significant"
4.04504641190191,-2.09933580337885,0.451640835336395,-4.6482417866737,3.34776359194295e-06,0.000330796240257207,"ENSG00000238755","Significant"
18.2103616648684,0.979741147753654,0.262909844332552,3.72652895611771,0.000194134778815229,0.00547293235488886,"ENSG00000197980","Not Sig"
6.34922462067696,-1.15495911430829,0.39002488819578,-2.96124465197858,0.00306398444980152,0.0309519277305016,"ENSG00000241770","Significant"
11.4600471205516,-2.12070121056179,0.330495113941026,-6.41673997921862,1.39223413176398e-10,1.19817465810746e-07,"ENSG00000163661","Significant"
17.5369821729057,-1.50642646831544,0.465576098075248,-3.23561813964076,0.00121379644769781,0.0173634720794262,"ENSG00000244040","Significant"
228.43041888728,2.18464172506425,0.644043908799014,3.39206953938603,0.000693668327466433,0.0121512654684681,"ENSG00000213186","Significant"
1251.0906256767,1.07964174480381,0.212914918155135,5.07076607951519,3.96217533500278e-07,6.90482425229034e-05,"ENSG00000238741","Significant"
100.790906994418,-1.30831887380186,0.397736705799407,-3.28940943776431,0.00100397859556948,0.0155006625874989,"ENSG00000196542","Significant"
24.9481500231335,1.6351079264676,0.401417145415995,4.07333853359232,4.63439846944755e-05,0.00212441781385552,"ENSG00000114204","Significant"
391.815293544549,1.47291541419111,0.454730530404242,3.23909505896104,0.00119909602166602,0.0172347294141673,"ENSG00000174776","Significant"
2599.00105409326,-0.971995223860392,0.340885611348271,-2.85138237432772,0.00435295882497121,0.0388533250222171,"ENSG00000163536","Not Sig"
45.980330559297,1.28456706744028,0.277863740044115,4.62301078664073,3.78210047738267e-06,0.000357810846227277,"ENSG00000206120","Significant"
4.85579334550463,-1.81043750606415,0.437287883812055,-4.14015016899546,3.47078537667233e-05,0.00175373263379244,"ENSG00000269889","Significant"
11.4491398246688,4.45458520604709,1.09560133214227,4.06588151671637,4.78512433713831e-05,0.00216376834221208,"ENSG00000244738","Significant"
289.999472215527,-0.676525610286335,0.218578053392271,-3.0951213984517,0.00196732356881186,0.023546983172872,"ENSG00000163577","Not Sig"
20.9898439281197,2.40240550114918,0.743829963253558,3.22977779846473,0.00123886460716012,0.0175830729011643,"ENSG00000183657","Significant"
5.81022269178916,3.22757464937908,1.02750199498459,3.14118577397748,0.00168265262362986,0.0213058800881923,"ENSG00000243398","Significant"
1276.05447449121,-1.16033162752855,0.337854836389321,-3.43440881275844,0.000593847836748499,0.0110483029544025,"ENSG00000144959","Significant"
6.00158002198782,-2.10538459223235,0.707540782603857,-2.97563708551783,0.00292380640397013,0.0299210705989716,"ENSG00000228221","Significant"
561.191286897728,0.332741403006188,0.114833571550844,2.89759691797849,0.00376033533898312,0.0356054724713516,"ENSG00000171109","Not Sig"
357.147334391103,0.577223566869131,0.120381673095306,4.79494554301586,1.62719028128882e-06,0.000201915393090718,"ENSG00000269728","Not Sig"
604.690485193827,0.479224952237287,0.144905453003251,3.3071560959582,0.000942483576695896,0.0149225634081126,"ENSG00000114450","Not Sig"
15.0921995766231,1.16888501217377,0.381516550841736,3.06378585567224,0.0021855529325317,0.0251579031586597,"ENSG00000206932","Significant"
1995.38845369032,-0.748172771673182,0.258479988070754,-2.89450946379796,0.00379751462131855,0.0357620517409663,"ENSG00000053524","Not Sig"
37.6224923204467,1.88196211958835,0.545558832628859,3.44960434518094,0.00056140871660958,0.0106377826010722,"ENSG00000201229","Significant"
671.117184499861,-0.256767539632267,0.0699259628571731,-3.67199147699584,0.000240667710605944,0.00625197064387146,"ENSG00000161204","Not Sig"
14.214887210303,1.00151756551411,0.251054480112423,3.98924394842757,6.62842264821046e-05,0.00268753324972047,"ENSG00000272970","Significant"
7.88375453609387,1.68805422184957,0.427296401470347,3.95054630940231,7.79730085057386e-05,0.00299588327365171,"ENSG00000273403","Significant"
1010.05644549039,-0.231313921199659,0.0681410224963374,-3.39463531255482,0.000687200719486847,0.0120747784829149,"ENSG00000163904","Not Sig"
5.7907466594741,-1.41153995834689,0.439208695665017,-3.21382516393407,0.00130979400478871,0.0182414795221144,"ENSG00000230951","Significant"
7990.4534991695,-0.558841804602741,0.205226866538052,-2.72304408301787,0.00646834261516965,0.0496047109030498,"ENSG00000156976","Not Sig"
82.6579263015563,0.797727277997951,0.272010341261618,2.93270937530534,0.00336018269109334,0.0330067430101912,"ENSG00000090530","Not Sig"
10.1802713024029,-0.917722033861403,0.314541151232282,-2.91765331902052,0.00352676218946748,0.0341154780467016,"ENSG00000225764","Not Sig"
2.11830294774813,3.1579632631386,1.13725090230116,2.77683953184706,0.00548902712210527,0.0448245346160534,"ENSG00000238077","Significant"
40.284797788011,0.795664944158284,0.213382957509793,3.72881205436366,0.00019238456767956,0.00544864955533226,"ENSG00000163347","Not Sig"
1.69867363766751,-2.32045662280987,0.765943085306196,-3.02954183845427,0.00244924977263753,0.0266660899452999,"ENSG00000230126","Significant"
1041.44802785162,-0.537802994861743,0.159144044962633,-3.37934727616117,0.000726581641068953,0.0124786647927735,"ENSG00000127249","Not Sig"
6.71782799561892,2.94280612420872,0.738255432208805,3.98616250665987,6.71505290034532e-05,0.00270248312849273,"ENSG00000207370","Significant"
2488.12377336336,-0.51639295379125,0.179843259899955,-2.87135005269874,0.00408722639364236,0.0373331408489736,"ENSG00000061938","Not Sig"
174.594192857187,0.523026379357893,0.188235787828631,2.77857035259445,0.00545986886579479,0.0447019827145974,"ENSG00000185485","Not Sig"
1605.6963907606,-0.481998580459338,0.173485465764021,-2.77832254325538,0.00546403498930242,0.0447019827145974,"ENSG00000072274","Not Sig"
6.75475585663599,1.62411486288356,0.430662593813216,3.77120020687927,0.000162464258680454,0.00481598217481758,"ENSG00000235897","Significant"
34.2538415497875,0.636237122821962,0.231344965343486,2.75016628037407,0.00595650299949976,0.0472028102862379,"ENSG00000228109","Not Sig"
1.54216222508316,3.17623666440896,1.07871496089008,2.94446334719245,0.0032351526304817,0.0321677883359378,"ENSG00000273308","Significant"
5.85185524964961,1.13921729856742,0.418465574805566,2.72236802058746,0.00648159172107982,0.0496366032808367,"ENSG00000273375","Significant"
4.23571996703307,2.07927671029025,0.555920813435562,3.74023900533679,0.000183845356957895,0.00528535590331862,"ENSG00000272885","Significant"
121.557813680086,0.894826053071326,0.190121549948885,4.70659982159784,2.51882674169861e-06,0.000269878629083442,"ENSG00000215375","Not Sig"
44.3374656234819,-0.730676799649181,0.208132950340349,-3.51062529241211,0.000447054075560982,0.00918670903741307,"ENSG00000169026","Not Sig"
477.638466846178,-0.743124742840318,0.259002754931713,-2.86917698244655,0.0041154144978052,0.0374983413206779,"ENSG00000127418","Not Sig"
32.2461038341654,0.720988260714428,0.263467969424182,2.73653098055969,0.00620907481614969,0.0483950816239013,"ENSG00000178222","Not Sig"
230.466090837255,0.371678211819058,0.101750698206696,3.65283205294602,0.000259363877465973,0.00655869163553049,"ENSG00000196810","Not Sig"
683.097940673625,-0.328689163463978,0.0907616884456497,-3.62145271967703,0.000292953349979031,0.00707303386795526,"ENSG00000090316","Not Sig"
58.0157557310176,1.25760564149331,0.417967074875602,3.00886293942556,0.002622273855878,0.0279200279484002,"ENSG00000179979","Significant"
259.833043261735,-0.35652868842636,0.121638906105279,-2.93104155440022,0.00337827588541344,0.0330748705860349,"ENSG00000185049","Not Sig"
1114.98619259812,-0.316922434198955,0.0805866218836271,-3.93269288116598,8.39995301622634e-05,0.00313429855272591,"ENSG00000123933","Not Sig"
458.159674180227,-0.690655998826904,0.220088412136229,-3.13808433675919,0.00170055939551022,0.0214207857001026,"ENSG00000159733","Not Sig"
754.968438123544,-0.179325651681522,0.0586476717024804,-3.05767725258117,0.00223059677236621,0.0254165081896878,"ENSG00000063978","Not Sig"
5716.52868657857,-0.313124816814336,0.0633227417220982,-4.94490302060094,7.61817799504738e-07,0.000110516406642168,"ENSG00000087274","Not Sig"
114.661594245983,-1.23594878028312,0.264113237584998,-4.67961693849352,2.87411395205171e-06,0.000296055930991458,"ENSG00000163132","Significant"
88.7163599623457,0.560261814804821,0.178006431929735,3.14742455500695,0.00164715606790022,0.0210681436429097,"ENSG00000152953","Not Sig"
1260.8860644008,-0.796862390469149,0.175857006808495,-4.53130873162715,5.86193966794911e-06,0.000514443053951362,"ENSG00000109501","Not Sig"
378.896921457344,-0.329842330422589,0.110870119287488,-2.97503360276274,0.00292956455272758,0.0299538370761115,"ENSG00000109519","Not Sig"
1.32536524994354,-2.47653093998584,0.698943829332986,-3.54324744858144,0.000395231664599419,0.00848301333857434,"ENSG00000207807","Significant"
3.55297374402739,-2.5018500065857,0.902716717024556,-2.77146745972762,0.00558042496454331,0.0452655829707093,"ENSG00000251460","Significant"
6.81803338558964,2.2906067264828,0.75509769050721,3.03352368213994,0.00241715738527289,0.0265567508409218,"ENSG00000155269","Significant"
2.35267739269055,3.99076799669418,1.38033714894478,2.8911545268089,0.00383829340321356,0.0359809661645589,"ENSG00000109625","Significant"
3.73226244232977,2.81312164825723,0.731709031734592,3.84459057665099,0.000120753877866249,0.00389720258304879,"ENSG00000250413","Significant"
5.0564018067516,1.66525771267155,0.610804762911329,2.72633386932724,0.00640421824857028,0.049366697097257,"ENSG00000251152","Significant"
0.993495363699555,-2.4506275275592,0.848195164710248,-2.88922600542808,0.00386191399261668,0.0361262284042848,"ENSG00000248300","Significant"
4.29166302823752,2.68918224065623,0.667550646482745,4.02843178240521,5.61501482955506e-05,0.00243582082337723,"ENSG00000250634","Significant"
370.881101574247,1.6562320712996,0.492910240384616,3.36010887095234,0.000779117634113847,0.0131059768981862,"ENSG00000004468","Significant"
125.218854417273,0.862263667517375,0.158708984466545,5.43298585404996,5.54188025973485e-08,1.44952768087712e-05,"ENSG00000007062","Not Sig"
191.238865944643,0.55045006063766,0.171818199577113,3.20367727046641,0.00135684480015188,0.018659413620233,"ENSG00000263327","Not Sig"
350.497317281257,0.388603192526974,0.133133395276496,2.91890093931662,0.00351267829812584,0.0340265158886018,"ENSG00000178177","Not Sig"
1470.13895282033,0.930694955766947,0.228639145409513,4.0705844753749,4.68953317202336e-05,0.0021423297174043,"ENSG00000152990","Not Sig"
610.725435603152,-0.695967859084872,0.191356073639827,-3.63703041061991,0.000275799379856942,0.00680670828418443,"ENSG00000109819","Not Sig"
18.4519122065668,4.85883787624656,0.945894847511843,5.13676323433586,2.79510738569053e-07,5.28869999594593e-05,"ENSG00000261121","Significant"
96.9536661818935,-0.873194348934813,0.230415048665077,-3.78965850535247,0.000150854527984651,0.00455792520056909,"ENSG00000109610","Not Sig"
1552.27122191702,0.885083293286893,0.274776366577656,3.22110414483829,0.00127697735382503,0.017978089088495,"ENSG00000168214","Not Sig"
1426.67058982067,0.645790824953231,0.190053139125184,3.39794874173514,0.000678931396533419,0.0119875650086797,"ENSG00000109790","Not Sig"
5.31952373332087,2.44775417502258,0.898587260708492,2.72400275638523,0.00644959682123015,0.0495161995952803,"ENSG00000174343","Significant"
13.7828891779641,1.40075497150322,0.421870377502793,3.32034446171548,0.000899064414788808,0.0143915567264531,"ENSG00000179299","Significant"
9.06075857317437,2.57851184708946,0.775080790837373,3.32676525798519,0.000878603532762371,0.0141709330579052,"ENSG00000239627","Significant"
21.3396233052614,2.49302550699449,0.67547508292954,3.69077345707886,0.000223573191547965,0.00601887908911015,"ENSG00000248283","Significant"
214.433049334671,-0.417340785139665,0.117891078494339,-3.54005400976721,0.000400045153777193,0.00851780100368853,"ENSG00000226950","Not Sig"
9.30672176156184,2.15035247975116,0.6292534126028,3.41730761674632,0.000632437748919604,0.0115251411908648,"ENSG00000212588","Significant"
3.10401625367946,-2.19287146102426,0.671003544444689,-3.26804750761644,0.00108292186412838,0.0161946594243728,"ENSG00000248115","Significant"
957.189393472299,-0.285506123310906,0.075294963577239,-3.79183559891132,0.000149537897621643,0.00454387422625036,"ENSG00000145216","Not Sig"
935.716216229377,-1.37849220470446,0.483517695524543,-2.85096536789414,0.00435867165271282,0.0388783019133151,"ENSG00000072201","Significant"
1254.35256365527,0.586428721177985,0.13791964168221,4.25195943105199,2.11908253958777e-05,0.00125935679572322,"ENSG00000134853","Not Sig"
7.77829687101985,1.44501718445782,0.499738912326905,2.8915442620417,0.00383353588736276,0.0359489996270478,"ENSG00000249700","Significant"
10.5260190300832,2.17817705612273,0.739897556752602,2.94389005105344,0.0032411512114727,0.0322050924286332,"ENSG00000239040","Significant"
3.75355411008214,1.74770521847996,0.638481201184842,2.73728531903009,0.00619485385721056,0.0483603653850638,"ENSG00000270147","Significant"
967.347596902144,-0.389601628574496,0.122561456463591,-3.17882668675885,0.0014787247901622,0.019678056813185,"ENSG00000128050","Not Sig"
567.228534527729,0.574114610848148,0.201484897674528,2.84941758650096,0.00437993514139211,0.0389953874826174,"ENSG00000084093","Not Sig"
254.32357367195,-0.316167302583529,0.0853925483049156,-3.70251630686291,0.000213471634970617,0.0058233228521279,"ENSG00000084092","Not Sig"
13.0561022936998,2.4846364321883,0.59327116815747,4.18802828376923,2.81388455295693e-05,0.00153777006520079,"ENSG00000245067","Significant"
31.3487185002292,-0.937008845989345,0.251835264694161,-3.72072134983671,0.000198654536363972,0.00554143185704517,"ENSG00000173597","Not Sig"
4.89839511339587,-1.40288110376398,0.490090131896048,-2.86249612563418,0.0042031839932559,0.037986702491895,"ENSG00000272986","Significant"
37.6826716767415,4.49288282322367,1.1279767692814,3.98313417933771,6.80123297657489e-05,0.00272447589462525,"ENSG00000169429","Significant"
5.63852532757171,2.19750972164998,0.738610779872554,2.97519313491357,0.00292804136648741,0.029952920098358,"ENSG00000163739","Significant"
168.977401409786,0.607856258228248,0.181980187771275,3.34023316314105,0.000837080789186886,0.0137430636152104,"ENSG00000174796","Not Sig"
2.93396376796728,4.88759873710888,1.18456099650034,4.12608447479595,3.68991777016668e-05,0.00182980141617615,"ENSG00000174792","Significant"
4074.66052655547,-0.513023194502569,0.183182728307096,-2.80060898341089,0.00510062811885957,0.0428632359008777,"ENSG00000138757","Not Sig"
11.2080256401272,-1.81405283732061,0.562924555174093,-3.22255055432711,0.00127054742621717,0.0179159274757123,"ENSG00000169245","Significant"
19.8741778157063,-0.660675227353297,0.221877127806691,-2.97766260941013,0.00290455524062914,0.0298155557001712,"ENSG00000118804","Not Sig"
469.796019370769,-1.11101658329184,0.328389586804919,-3.38322720309595,0.000716393391082154,0.0123786653372285,"ENSG00000138771","Significant"
106.166297285015,-0.642889494226063,0.223662427334598,-2.87437412661315,0.00404829101563392,0.0371148989711675,"ENSG00000138772","Not Sig"
4.47953338420887,2.34538631802706,0.777985557463394,3.01469133395502,0.00257240901459515,0.0276063154064296,"ENSG00000242175","Significant"
7.85321041415476,1.44902823444818,0.501792566104842,2.88770366945896,0.00388065278911593,0.0362379894157592,"ENSG00000248719","Significant"
372.617912544069,0.589042714334128,0.150770740949268,3.90687682918752,9.34967831226505e-05,0.00331261710083558,"ENSG00000138670","Not Sig"
78.3913518356802,0.410068252266448,0.13063167028969,3.13911818900483,0.00169457085788196,0.0213742884255127,"ENSG00000163322","Not Sig"
2.23941018305403,3.89797220379266,1.06281417697378,3.66759522806858,0.000244842375131175,0.00633333788694651,"ENSG00000239466","Significant"
4.64735050026811,2.5261947275824,0.755455179075106,3.34393726795969,0.000825984124758337,0.0136264936337588,"ENSG00000248725","Significant"
527.041144123242,-1.44285231633744,0.291138153947505,-4.95590253896301,7.1995300074272e-07,0.00010670903392675,"ENSG00000261496","Significant"
4359.87152358803,-0.820608794982792,0.208021162070775,-3.94483324106994,7.98555311700028e-05,0.00304618522834742,"ENSG00000109339","Not Sig"
5.59123691886136,1.74170177108812,0.563872154223003,3.08882387265271,0.00200950531227911,0.0238060225326977,"ENSG00000252757","Significant"
305.266246269599,-0.405868874115766,0.0786848556650245,-5.15815744574309,2.49391870827116e-07,4.82226745851121e-05,"ENSG00000170502","Not Sig"
35538.1047514291,-0.870450860872795,0.146812702377825,-5.92898875080084,3.04805965589727e-09,1.76780833825399e-06,"ENSG00000152583","Not Sig"
2619.9153013995,-0.499915141596932,0.134752758282429,-3.70986945253586,0.000207366147257339,0.00569168872703554,"ENSG00000163644","Not Sig"
359.074074093838,-0.415129437069578,0.101126764425667,-4.10504023763873,4.04244511066356e-05,0.00193623686009682,"ENSG00000138642","Not Sig"
145.672325001464,0.629437656934694,0.216260553176649,2.9105523299968,0.00360790543892341,0.0346951610836043,"ENSG00000138646","Not Sig"
1245.50592053057,-0.763768985415356,0.278686387433127,-2.74060384667561,0.0061326398979435,0.0481037097927326,"ENSG00000177432","Not Sig"
58.8780699665002,1.24858512453599,0.417123246380615,2.99332424018555,0.00275956402981172,0.0288902062986446,"ENSG00000248019","Significant"
1.84844780461862,3.55674126457085,1.13842137475106,3.12427484537401,0.00178243877678868,0.0221179926167187,"ENSG00000251449","Significant"
2.54205412007069,2.98098622510116,0.975734855266422,3.05511913304276,0.00224971139600315,0.0255404469506247,"ENSG00000248750","Significant"
704.573816958288,0.273230936351403,0.0982615953948141,2.78064828129,0.00542504779322521,0.0445064114623171,"ENSG00000163104","Not Sig"
45.4191423597171,0.89636648794889,0.298964452508939,2.99823768487021,0.00271545804772906,0.0286459886339912,"ENSG00000163106","Not Sig"
12.6055355596896,1.23544088024792,0.327551716842518,3.77174295453898,0.000162111208696877,0.00481598217481758,"ENSG00000246090","Significant"
78.597301113518,0.666186739306704,0.244762728977992,2.72176545051762,0.00649342113393643,0.0496450712237278,"ENSG00000145331","Not Sig"
7.83926136259128,1.13280651102689,0.384134594647199,2.94898331681711,0.00318821186290471,0.0318570428054063,"ENSG00000245322","Significant"
27.729855323596,0.842148477172149,0.244808212142598,3.4400336075393,0.000581641956503803,0.0108972090994136,"ENSG00000246560","Not Sig"
57.2985694700977,0.826633677682943,0.210423011490439,3.92843763535104,8.54995161015992e-05,0.00314529984255227,"ENSG00000138778","Not Sig"
760.338270643457,0.517479178860209,0.170401436084633,3.03682404767525,0.00239084971113373,0.0264122068088351,"ENSG00000168769","Not Sig"
8.66353054171627,4.05083646756872,1.00130840733897,4.0455432490915,5.22019266991946e-05,0.00230578675895333,"ENSG00000249604","Significant"
338.441101800421,0.435979493312809,0.153203908227335,2.84574655018506,0.00443074447637288,0.0392543543006297,"ENSG00000138796","Not Sig"
1.63780393558696,3.54483763802458,1.04727414035527,3.38482303861914,0.000712241559989182,0.0123308842173598,"ENSG00000207988","Significant"
93.939777702312,0.913940880054377,0.194777872851295,4.69222128096723,2.70254583428348e-06,0.000283863072097831,"ENSG00000005059","Not Sig"
79.6035687643409,0.96372719074373,0.250659240663242,3.84477024742322,0.000120665439459349,0.00389720258304879,"ENSG00000174749","Not Sig"
12.9696670386266,2.8335699168538,0.608889004909015,4.65367233438091,3.26074830954014e-06,0.000323633138442411,"ENSG00000178403","Significant"
5.38718482956081,3.40548163833424,0.847836171616335,4.01667415515187,5.90252479386522e-05,0.00250355260692417,"ENSG00000249509","Significant"
17.189310652083,1.52158455951558,0.503121923989365,3.02428593739387,0.00249220768850101,0.0270173136617303,"ENSG00000234841","Significant"
1079.2758126324,-0.535635911172729,0.185683593863711,-2.88467009942666,0.00391824021308147,0.0364232510957493,"ENSG00000145390","Not Sig"
14.4296325973459,1.46821981476485,0.399100562617213,3.67882171134158,0.000234313990982543,0.00617103945254023,"ENSG00000145386","Significant"
635.82542681517,-0.511869386473113,0.171089471494452,-2.99182282814938,0.00277317154894799,0.0289278489582494,"ENSG00000138686","Not Sig"
814.010433836155,0.78466181666242,0.232200489638361,3.37924273064405,0.000726858018965104,0.0124786647927735,"ENSG00000196159","Not Sig"
4.5150368265813,3.03538061484703,0.890789271964335,3.40751815314695,0.000655565476963467,0.0117496576753404,"ENSG00000261668","Significant"
32.0081300484418,1.00302438108644,0.254786378764717,3.93672686094685,8.26005321311762e-05,0.00310536410477129,"ENSG00000251432","Significant"
538.665912391065,-0.340110790754868,0.116234558878899,-2.92607288258579,0.00343270507551486,0.033497124619481,"ENSG00000077684","Not Sig"
2.73016129450216,2.2871800439766,0.750866610294165,3.04605373660251,0.00231866391560984,0.0260319452518077,"ENSG00000249513","Significant"
69.2327746700359,-1.64334323651993,0.462022582059743,-3.55684613767955,0.000375333836056253,0.00824158963962533,"ENSG00000251372","Significant"
2.9316250977275,2.74567187146558,0.947609552499114,2.89747171102747,0.00376183662798965,0.0356054724713516,"ENSG00000250195","Significant"
7.34258817757389,2.31534160680161,0.640980445850447,3.61218758199346,0.00030362479897216,0.00722605353414652,"ENSG00000248863","Significant"
15.9292991767433,1.44679468249166,0.445235581748198,3.2495037274669,0.0011560656313234,0.0168495371832067,"ENSG00000250326","Significant"
2.97426637001585,3.76583821470532,1.24090558481269,3.03474999290439,0.00240735151170453,0.0265176428492011,"ENSG00000265623","Significant"
5.52236502083985,-1.13699093811335,0.348222894525125,-3.26512402254272,0.00109416156816509,0.0162987920028345,"ENSG00000249741","Significant"
49.6749060195622,-1.22281216784528,0.443925120997148,-2.75454600338587,0.00587736267795304,0.0468765796368039,"ENSG00000251600","Significant"
1.27817678015685,3.22983536688857,1.17981994370281,2.73756634148079,0.00618956346099246,0.0483603653850638,"ENSG00000272727","Significant"
693.695466725787,0.651132076285603,0.23741680968349,2.74256939579659,0.00609605673771112,0.0479188855938111,"ENSG00000109686","Not Sig"
462.169392721732,-0.550237273989779,0.171512073299076,-3.20815475788865,0.00133589592448915,0.0184755636361686,"ENSG00000059691","Not Sig"
359.232660035868,1.80305919135671,0.508612136494163,3.54505734720587,0.000392527675222159,0.00844535955423546,"ENSG00000145423","Significant"
108.19021029538,1.50321992456708,0.392538291733742,3.82948608128837,0.00012841114545607,0.00406874222045425,"ENSG00000121207","Significant"
4.39973458332263,3.29519876791936,1.09123881731707,3.01968617284066,0.00253036724998826,0.0273385040885165,"ENSG00000151962","Significant"
40.6543279677745,0.839057605780766,0.255646115773466,3.28210582524272,0.00103034928605672,0.0157257943951414,"ENSG00000248429","Not Sig"
171.975618682947,2.41263147636065,0.646221986260224,3.73344071798436,0.000188881666275085,0.00537225370421426,"ENSG00000251429","Significant"
354.820367315207,-0.357492975990196,0.124832052139967,-2.86379154921973,0.00418603386164879,0.0378830384650367,"ENSG00000171497","Not Sig"
3755.42427411798,-0.466415154200402,0.13074225178118,-3.5674401186009,0.000360485723505609,0.00806828743070986,"ENSG00000109756","Not Sig"
770.279148339166,0.76524727054182,0.245640092598936,3.11531909325267,0.00183746019697592,0.0225594112264706,"ENSG00000145416","Not Sig"
1.16484021058228,-2.05396197164147,0.70743536774062,-2.90339169527435,0.00369144625503282,0.0352237530753755,"ENSG00000121089","Significant"
420.036897255299,-0.339451733144183,0.0855971375801672,-3.96569024082452,7.31838543130993e-05,0.00286483235593071,"ENSG00000170088","Not Sig"
251.199903372544,0.614749252380088,0.180276717167469,3.41003132317421,0.000649554189001773,0.0116861341748017,"ENSG00000137628","Not Sig"
143.261722527935,0.851982986780735,0.240910425270916,3.53651356441979,0.000405445679944996,0.00857328534096584,"ENSG00000181381","Not Sig"
807.019880337989,0.363883861914579,0.111524992355535,3.26280104780943,0.00110316935095686,0.0163598972285593,"ENSG00000137601","Not Sig"
1.37908608545002,3.77872410160112,1.11035506049406,3.40316736154628,0.000666094656876691,0.0118629768697018,"ENSG00000201516","Significant"
4.82281712428417,3.92913483855268,1.05448725674005,3.7261093611502,0.000194458061352017,0.00547293235488886,"ENSG00000251504","Significant"
16.1814903766598,1.50045997729439,0.385021757496226,3.8970784068199,9.73601055920905e-05,0.0033909533382394,"ENSG00000177822","Significant"
842.241641139603,-0.178044490019183,0.0514113752625371,-3.46313416262416,0.000533922101680428,0.0102552251625141,"ENSG00000168538","Not Sig"
32.5885233891499,1.14315449818727,0.377293424803042,3.02988184536751,0.00244649427594313,0.0266550272199644,"ENSG00000271646","Significant"
271.801836525674,0.423671697788685,0.129875527441012,3.26213649435312,0.00110575887192573,0.0163891894133926,"ENSG00000164305","Not Sig"
1883.16802556988,-0.617547877877013,0.1809201192108,-3.41337315369262,0.000641640203494678,0.0116371984969643,"ENSG00000151729","Not Sig"
249.488766071173,0.943068703421003,0.235642423878947,4.00211764883844,6.27780670916918e-05,0.00261696258115507,"ENSG00000154553","Not Sig"
440.337300758155,-0.426786176701604,0.0779658439374023,-5.47401471141985,4.3995251728662e-08,1.23552560091471e-05,"ENSG00000164366","Not Sig"
1720.87399635328,-0.44808593492269,0.0944759925466598,-4.74285501368392,2.10727090703114e-06,0.000232586412779743,"ENSG00000073578","Not Sig"
6.4228063280543,4.94132197301853,1.1762577200048,4.20088377655738,2.65875061634639e-05,0.00149018503557784,"ENSG00000170561","Significant"
5.30449336457372,5.25504487178622,1.23568656363478,4.25273287453129,2.11177425957627e-05,0.00125935679572322,"ENSG00000186493","Significant"
110.57333849714,-1.20103949391966,0.239801342151912,-5.00847694655024,5.48624452992789e-07,8.7645220247872e-05,"ENSG00000250056","Significant"
3.36427923975827,2.15747135111041,0.757372446513208,2.84862667112196,0.00439083703249546,0.0390307071176946,"ENSG00000249159","Significant"
2.81695337438831,2.36461920233299,0.86875913914167,2.72183519665673,0.00649205091269919,0.0496450712237278,"ENSG00000250001","Significant"
24.2191047449562,1.39695997674156,0.416142915374866,3.356923607562,0.000788148855256748,0.0131996379845542,"ENSG00000250786","Significant"
2026.19865478927,-0.33663781547361,0.0856821055334979,-3.92891623493075,8.53295537194524e-05,0.00314434691116197,"ENSG00000154122","Not Sig"
1.59740815865293,3.42427984484792,1.08930363880804,3.14354944099416,0.00166912216774946,0.0212050049111371,"ENSG00000252908","Significant"
6.30585722817018,-1.48521932603676,0.496937037421873,-2.98874749554216,0.00280123526341363,0.0290857710207623,"ENSG00000248624","Significant"
2.50559209514604,-1.7097246434422,0.524288681476827,-3.26103672241448,0.00111005663056385,0.0164152882680811,"ENSG00000249114","Significant"
33.2581958309119,-1.47732513266719,0.47556379392634,-3.10647099618356,0.00189334881010861,0.0229526352772674,"ENSG00000113389","Significant"
18.2074410018609,1.49139114858286,0.457813535029274,3.25763882993869,0.00112343290489799,0.0165302005509641,"ENSG00000151388","Significant"
12.3376028916428,-1.55385832659607,0.504763693228199,-3.07838766425219,0.0020812397982363,0.0243425675480694,"ENSG00000182631","Significant"
113.817968852344,1.68349427106197,0.334601149353499,5.03134634867434,4.87047363139054e-07,7.92313207389441e-05,"ENSG00000082196","Significant"
133.297081700959,1.44501741448536,0.465522368290604,3.10407729663229,0.00190873456887404,0.0231048682227724,"ENSG00000215158","Significant"
17714.2190763995,-1.18951378031789,0.166241398252064,-7.15534032331878,8.3465592461588e-13,1.41999850349936e-09,"ENSG00000079215","Significant"
656.944317185523,-0.228634557574951,0.0516089982275862,-4.43012973370873,9.41764153672429e-06,0.000701824744576165,"ENSG00000113569","Not Sig"
14.6794758461916,1.98119197428478,0.514835981896656,3.84820028892711,0.00011898875452387,0.00387134266090528,"ENSG00000248587","Significant"
250.559619721195,0.745586572110092,0.216243009863556,3.44791062878999,0.000564940935622176,0.0106969902210533,"ENSG00000153071","Not Sig"
123.008793738437,0.636169868328078,0.203197209457408,3.1308002212571,0.00174330708958178,0.0217331801882256,"ENSG00000198865","Not Sig"
25.9556261620277,1.20548293159037,0.379802561729489,3.17397261909194,0.00150367874998734,0.0199090051468547,"ENSG00000215068","Significant"
2.20981725216076,4.45959647450566,1.09901745833793,4.05780312284577,4.95364996195509e-05,0.00221370900058626,"ENSG00000272144","Significant"
267.743584930562,-0.489777832128063,0.103271632736006,-4.74261730111391,2.10974593847962e-06,0.000232586412779743,"ENSG00000177453","Not Sig"
2139.09260793114,0.700564397569711,0.227947414262054,3.07335970376188,0.00211663186921784,0.0246162256490248,"ENSG00000112972","Not Sig"
7.03372052823633,2.00870080813303,0.561459837743856,3.57763934853238,0.000346711388792392,0.00786407352219445,"ENSG00000249492","Significant"
1357.88878553835,-0.409607076338502,0.120591765541489,-3.39664217120677,0.000682181095135068,0.0120290214389349,"ENSG00000112996","Not Sig"
55.7013942321343,-1.84550832482798,0.552721748454593,-3.33894645902393,0.000840967715033978,0.0137814359148596,"ENSG00000152669","Significant"
3.53512961173598,2.38217565399143,0.829679866155758,2.87119858051879,0.00408918552762716,0.0373358592373597,"ENSG00000265135","Significant"
8479.63058367499,-0.554013487096106,0.134580351694905,-4.11660008403054,3.84502401053599e-05,0.00187803335967827,"ENSG00000134352","Not Sig"
27.2573025643813,3.54665615213371,0.650674587801201,5.45073715590888,5.01614615466553e-08,1.3517753864679e-05,"ENSG00000251682","Significant"
84.1257597609128,1.30633547870726,0.439555245090243,2.97194833481982,0.00295916475730754,0.0301787295719449,"ENSG00000178722","Significant"
5.52737826100189,1.46042727154586,0.458142620242502,3.18771318584775,0.00143402702951244,0.0193224278385668,"ENSG00000186105","Significant"
2.46112814475485,2.9359564925166,0.980350145576791,2.99480395424353,0.00274621286532023,0.0288449657613695,"ENSG00000242547","Significant"
936.337976449126,0.468459609920449,0.152910604166139,3.06361754618053,0.00218678276640549,0.0251579031586597,"ENSG00000153914","Not Sig"
1147.55760450437,-0.507761743217965,0.158474024972421,-3.20406920507212,0.00135499902034363,0.0186588217559391,"ENSG00000069020","Not Sig"
5809.50894586656,-0.42779106827664,0.147582211559418,-2.89866281143516,0.00374757681884999,0.0355553349751419,"ENSG00000145675","Not Sig"
29.085932119556,-1.78072982519206,0.374881220520053,-4.75011744445814,2.03298543908419e-06,0.000228850979101706,"ENSG00000249335","Significant"
69.7615670368847,1.37961105870663,0.327236529483406,4.21594453676843,2.48734892337175e-05,0.0014240339469235,"ENSG00000253203","Significant"
58.3739124782951,0.608930421898972,0.175260705951665,3.47442639005978,0.000511946806183876,0.0100100491966409,"ENSG00000183474","Not Sig"
9.47288258959413,-1.17219661290565,0.344441493361259,-3.40318061412021,0.000666062347447167,0.0118629768697018,"ENSG00000205572","Significant"
93.5322988515723,0.966115917605249,0.316035901254311,3.05698154472591,0.00223578041030095,0.0254364117554025,"ENSG00000254701","Not Sig"
84.1759915766511,1.14083729758211,0.358571217027439,3.18161983842336,0.0014645391885936,0.0195753712487419,"ENSG00000215630","Significant"
137.018490728248,-2.55098987864135,0.530880188487446,-4.80520828232353,1.5459048715917e-06,0.000195465384214194,"ENSG00000164326","Significant"
503.399664735398,0.52265869497173,0.160339581207812,3.25969851632784,0.00111530698777186,0.0164393785230748,"ENSG00000157107","Not Sig"
394.555211691931,-0.453076736782471,0.102583338700506,-4.41666982691252,1.00233155712066e-05,0.000730633978481479,"ENSG00000049860","Not Sig"
124.575625209672,0.624984534914737,0.221411157293825,2.8227327951922,0.00476162386989851,0.0411117680339878,"ENSG00000152359","Not Sig"
5.177208413662,1.9329129657012,0.557829826703675,3.4650584697544,0.000530116211362697,0.0101945848713595,"ENSG00000171643","Significant"
67.8789110896093,1.90897372114325,0.539498686955914,3.53842144067951,0.000402527038573397,0.00855017425326405,"ENSG00000238961","Significant"
102.495113130425,0.969858997812601,0.251771655775742,3.85213734574028,0.000117091313145118,0.00384240977047798,"ENSG00000250802","Not Sig"
597.445513989689,0.394518435345785,0.144094145704341,2.73792133203854,0.00618288639135112,0.0483314140541937,"ENSG00000164329","Not Sig"
10.9751992895574,1.37276925905275,0.495165054331342,2.77234681051251,0.00556537074725263,0.0451937716846638,"ENSG00000189127","Significant"
2584.64416540468,-0.842227426852848,0.25352647698671,-3.32204918737935,0.000893589398975237,0.0143528426100303,"ENSG00000113319","Not Sig"
135.111013492981,0.784353435524218,0.211251946914775,3.71288145259389,0.000204912883682868,0.00564759382621408,"ENSG00000205464","Not Sig"
2.09907355530217,3.24567530599801,1.13610621269718,2.85684143764393,0.00427879528644337,0.0384615833716383,"ENSG00000249664","Significant"
2.25404014787266,3.21433329320695,1.04941248934691,3.06298364640901,0.00219142035424528,0.0251863599187211,"ENSG00000238835","Significant"
2.29281148672887,3.42843488086432,1.01674916252101,3.37195741805539,0.000746359868912798,0.0127323790058497,"ENSG00000249061","Significant"
374.917231254981,0.340181970556297,0.119152389296537,2.85501593853631,0.00430346691686372,0.0385731128536709,"ENSG00000164180","Not Sig"
3.78203213580257,4.68976269323434,1.05299328666177,4.45374415263554,8.43856486169646e-06,0.000660212527698533,"ENSG00000249958","Significant"
50.0139761057045,1.6239233773788,0.451305502636538,3.59827958642605,0.000320329161562817,0.00753620961316965,"ENSG00000248483","Significant"
13.832731303747,1.81535980896326,0.57220236739683,3.17258353407734,0.00151089087073186,0.0199747559664298,"ENSG00000251348","Significant"
7.76641198616515,1.90741814112225,0.643973591293583,2.96195087331255,0.00305696554743642,0.0309239767326442,"ENSG00000202512","Significant"
123.911470058963,0.737352717812682,0.176195560546309,4.1848541218999,2.85349289275543e-05,0.00154732392044354,"ENSG00000129595","Not Sig"
5.35155678892233,1.49339954854802,0.495829072533472,3.01192413126845,0.00259597470147202,0.0277587210663616,"ENSG00000238363","Significant"
4291.00201668174,-0.549923139168899,0.177885078625079,-3.09145175873886,0.00199180344235037,0.0237075433454733,"ENSG00000129625","Not Sig"
194.15352259632,0.406593748329551,0.144250423603168,2.81866588792896,0.00482236852867649,0.0414394180270954,"ENSG00000164221","Not Sig"
1.97296946935281,3.14573752615059,1.09131265340453,2.88252639272252,0.0039450008581335,0.0365610030527363,"ENSG00000250197","Significant"
1225.49705716207,1.16726786715837,0.386357571534109,3.02121131604462,0.00251765586923349,0.0272378511497487,"ENSG00000092421","Significant"
5.90561138627835,3.47265977740765,1.20307006959903,2.88649835546574,0.00389554783029176,0.0363262217980964,"ENSG00000239528","Significant"
2.03786189737348,3.22785581682049,1.04092495351505,3.1009495986435,0.00192901121654616,0.0232763863619335,"ENSG00000206786","Significant"
2.24143323601598,2.65183893081991,0.944910582584574,2.80644431303378,0.00500915697270008,0.042411710210938,"ENSG00000264536","Significant"
2.26321587840042,3.94272412888251,1.10480739409429,3.56869817305551,0.000358759437247934,0.00804314540028373,"ENSG00000252295","Significant"
9.33984382643227,1.4912576793163,0.496473531164998,3.00370026941214,0.00266717944202968,0.0282259739523641,"ENSG00000250539","Significant"
1920.00108731828,0.744075951267697,0.235861407250159,3.15471683113684,0.00160653949518969,0.0207759899137982,"ENSG00000164904","Not Sig"
61.9089872839903,-1.70482642766399,0.516998864182517,-3.29754385507147,0.000975344419424589,0.015217084073584,"ENSG00000205279","Significant"
40.196199962959,3.77764639699663,0.733082874871345,5.15309595475082,2.56220775407384e-07,4.91777990438389e-05,"ENSG00000113396","Significant"
3171.18297250768,-0.680001991656298,0.250062235751196,-2.71933100819301,0.0065414110966284,0.0498623733276998,"ENSG00000164398","Not Sig"
83.104191032571,-0.614599006975541,0.19607032602269,-3.13458451078628,0.00172097674230482,0.0215457243115675,"ENSG00000125347","Not Sig"
20.4175783730165,1.06052308481527,0.38081632877057,2.78486767686426,0.00535495711319231,0.0441622568231399,"ENSG00000205089","Significant"
9.11802384448958,1.73465643591022,0.543341258463772,3.19257263991831,0.00141011472513492,0.0191063741756599,"ENSG00000164406","Significant"
2354.68182245305,-0.527350379249625,0.19206932958391,-2.74562513646532,0.00603957295462346,0.0476564470647644,"ENSG00000213585","Not Sig"
22.259074395452,1.08966729187441,0.315060007843404,3.45860237652256,0.000542985869203454,0.010377020060515,"ENSG00000081059","Significant"
468.96716991805,0.31685122892012,0.100091436459516,3.16561776039929,0.00154754006468696,0.0202386379342076,"ENSG00000113615","Not Sig"
68.4802486193606,1.26459716612468,0.343221501562926,3.68449284315256,0.000229158464160758,0.00611258828093885,"ENSG00000270021","Significant"
212.571845339908,0.704688304618066,0.258233966366325,2.72887534716642,0.00635507212626842,0.0491582978419006,"ENSG00000145832","Not Sig"
93.7702668975587,0.934633029010396,0.234929640231823,3.97835295745622,6.93943059969622e-05,0.00274432738087237,"ENSG00000250159","Not Sig"
4.45396038487946,2.01699564902897,0.574507336743696,3.51082661617741,0.00044671565818726,0.00918670903741307,"ENSG00000078795","Significant"
1.31480671580151,3.16380707825501,1.11047661064787,2.84905332351772,0.00438495305100836,0.0389953874826174,"ENSG00000266475","Significant"
3367.47551515295,-0.223985608937863,0.0622653439870641,-3.59727570098058,0.000321567586496867,0.00755202609168127,"ENSG00000113013","Not Sig"
6.65024451943547,2.17778427127214,0.615688956101926,3.53715013025442,0.000404469680314917,0.00857328534096584,"ENSG00000252213","Significant"
68.1212592398718,3.13312367802473,0.673280196100695,4.6535212177192,3.26314008175002e-06,0.000323633138442411,"ENSG00000200959","Significant"
92.5884519649158,-0.597041570040792,0.153592995835309,-3.88716664320406,0.000101421130016591,0.00347791044693141,"ENSG00000158458","Not Sig"
1130.12791199182,0.341017817836845,0.0999804966660338,3.4108434065491,0.000647622740108874,0.0116861341748017,"ENSG00000185129","Not Sig"
3.75397407262522,2.77450513920806,0.940679628490402,2.94946871939873,0.00318320794952716,0.0318189602418266,"ENSG00000250069","Significant"
597.870527562463,-0.311341043363475,0.109025116930887,-2.85568181101646,0.00429445274164925,0.0385444317047459,"ENSG00000113068","Not Sig"
14.2200712548008,2.07820907581873,0.716816291824942,2.89922132005094,0.0037409073098878,0.0355299630190448,"ENSG00000113073","Significant"
8.38262824014784,1.7560790417591,0.453614150297279,3.87130569143015,0.000108253931629401,0.00363283854332173,"ENSG00000249637","Significant"
36.1217355507733,1.59727555055836,0.429704779737198,3.7171463429735,0.00020148574408697,0.00558777356184643,"ENSG00000131503","Significant"
13.1207531867596,1.52765010616791,0.409745164657115,3.72829318790444,0.000192781020995132,0.00545408786758125,"ENSG00000254996","Significant"
284.775272019019,-0.852411001821397,0.311526891452833,-2.73623569973719,0.00621464951681183,0.0484089443675979,"ENSG00000170458","Not Sig"
944.383144137053,-0.37701147475021,0.105910154041236,-3.55972926451813,0.000371237316614993,0.00821247128521675,"ENSG00000170445","Not Sig"
82.7091424950155,-0.763082077686192,0.234218672750461,-3.25798993190943,0.00112204387147979,0.0165204240878639,"ENSG00000081842","Not Sig"
32.5996103795509,-1.27397024622104,0.323365332149586,-3.93972426713854,8.1575313003023e-05,0.00308264557451509,"ENSG00000204963","Significant"
126.325633039855,-0.562674689651955,0.114773423533972,-4.90248240687366,9.46330927569205e-07,0.000130814315112015,"ENSG00000120324","Not Sig"
79.3845624852957,-0.764174853507421,0.230251694765605,-3.31886744323575,0.000903833232965071,0.0144170802463338,"ENSG00000197479","Not Sig"
183.7791580132,-0.614482925095079,0.164466581069453,-3.73621754097015,0.000186809071707469,0.00532464207401613,"ENSG00000120327","Not Sig"
104.41984978553,0.786500923223378,0.259616479086433,3.02947226613273,0.00244981395314405,0.0266660899452999,"ENSG00000253731","Not Sig"
55.6835465827689,1.08743528721201,0.253455239803512,4.2904431096198,1.78316963318548e-05,0.0011224448685653,"ENSG00000253953","Significant"
128.470157331572,0.871462383490031,0.227117134751879,3.83706136677924,0.000124515365181638,0.0039927228698088,"ENSG00000253305","Not Sig"
243.355848015887,0.963136684989263,0.320445335132508,3.00561930349523,0.00265040599805859,0.028104205732196,"ENSG00000254122","Not Sig"
99.7054884785249,0.970653328638034,0.335559168230908,2.89264433976097,0.00382013607899145,0.0358737805179208,"ENSG00000253873","Not Sig"
19.8022198726901,1.92531639338283,0.472079878919897,4.07836995253407,4.53525591928045e-05,0.00211162465393513,"ENSG00000248449","Significant"
268.462108033499,0.664842880962914,0.166378186625531,3.99597383796038,6.44288493814955e-05,0.0026485320071632,"ENSG00000253159","Not Sig"
2.45779207047996,2.89876011184979,1.00948538335481,2.8715226189966,0.00408499546743474,0.0373331408489736,"ENSG00000242020","Significant"
340.60481409716,-0.195249205773291,0.0611711091463939,-3.1918532865903,0.00141363116718432,0.0191383822146225,"ENSG00000171720","Not Sig"
444.085711535868,-0.378836015824743,0.108071755630198,-3.50541187765145,0.000455901395658496,0.00927133200249319,"ENSG00000113552","Not Sig"
2564.59319023809,-0.706606708675879,0.187422076509905,-3.77013595107904,0.000163158643793117,0.00483119806632249,"ENSG00000145819","Not Sig"
2992.23818965481,-1.37037221913957,0.435624309132407,-3.14576618065419,0.00165652380496828,0.0211216439471705,"ENSG00000183775","Significant"
16.9775279908125,-0.772843513341466,0.231176720232893,-3.34308537885166,0.000828524041581577,0.0136491452891008,"ENSG00000252793","Not Sig"
24.0019427372932,2.13826607906577,0.575290802631973,3.71684384537896,0.000201727036863281,0.00558865588419053,"ENSG00000248568","Significant"
27.3813311294517,1.35664091689632,0.346993014706729,3.90970670704402,9.24082511574166e-05,0.00329153502353634,"ENSG00000247199","Significant"
1.7702691288623,3.62687126017506,1.13663657024066,3.19088031753821,0.00141840023210357,0.0191699593679287,"ENSG00000253297","Significant"
885.451632557988,2.31495910247941,0.619445558955836,3.73714698412174,0.000186120132611419,0.00531420361477847,"ENSG00000169247","Significant"
1.58694105658828,3.50062511639903,1.20885024532869,2.89583025682986,0.00378156886805312,0.0356988202899391,"ENSG00000207714","Significant"
34.106223361743,3.0603425637515,0.654564404786524,4.67538800058885,2.93398367769718e-06,0.000300787455055161,"ENSG00000250072","Significant"
38.9927081978566,1.73948220314475,0.604668052648479,2.87675559428967,0.00401786658335156,0.0369419511621555,"ENSG00000249669","Significant"
12.0150448553697,2.09736783643772,0.665790055606699,3.15019399700481,0.00163162080132876,0.020968213563897,"ENSG00000269936","Significant"
168.625227771087,1.31283391042807,0.301328642114598,4.35681753057113,1.31967193657877e-05,0.000900448276112151,"ENSG00000230551","Significant"
1853.90554770317,0.763431341667193,0.271248669268596,2.81450723325477,0.00488520782541701,0.0417807050094566,"ENSG00000182578","Not Sig"
5.35304523411964,-1.06293529382157,0.382813064235355,-2.77664320559361,0.00549234339051419,0.0448378914674198,"ENSG00000214485","Significant"
2964.59000528149,0.448844058288026,0.158818845073664,2.82613853588874,0.00471128833272614,0.0409022002697041,"ENSG00000070614","Not Sig"
69.6820812097509,0.942664054469387,0.278173216192521,3.38876642177146,0.000702077881210789,0.0122018207380401,"ENSG00000145908","Not Sig"
32.3158482982754,0.734105095167497,0.261904695727915,2.80294743523857,0.00506379217815033,0.0426917003789241,"ENSG00000197083","Not Sig"
3.67834246686942,2.27964629994785,0.66983451987608,3.40329772847416,0.000665776889036797,0.0118629768697018,"ENSG00000254226","Significant"
672.956522565918,0.855432928335281,0.290902385579877,2.94061847114139,0.00327557714955706,0.0324504726227378,"ENSG00000164574","Not Sig"
1026.49500765321,-0.508753123105974,0.106711968546791,-4.76753573225386,1.86492927087084e-06,0.000217268331954424,"ENSG00000164576","Not Sig"
9.63886694756121,3.69896900936693,0.879057052018131,4.20788275445248,2.57774544856637e-05,0.00145702692420132,"ENSG00000251405","Significant"
4.2866999266592,4.33004659299746,1.32426521025305,3.26977297256797,0.00107633831092396,0.0161607511327126,"ENSG00000248544","Significant"
134.756761151373,1.84623431251805,0.6399149715684,2.8851244220666,0.00391258996069624,0.0363834045177466,"ENSG00000172548","Significant"
3.04366854663638,3.22975436531184,0.905962424147652,3.56499814917871,0.000363858756157416,0.00810976420678671,"ENSG00000039600","Significant"
453.880873127228,-0.670812485239692,0.245850163359694,-2.72854195446782,0.00636149974605737,0.0491937541232071,"ENSG00000155858","Not Sig"
993.889895894107,-0.627270004634262,0.1921990330795,-3.26364807659986,0.00109987691945792,0.016338316444442,"ENSG00000145860","Not Sig"
8.20107042539428,1.17994559196159,0.41578666247211,2.83786301596612,0.00454166693047372,0.0398839130654051,"ENSG00000249738","Significant"
38.8725283688496,0.973588882093666,0.307357265020386,3.16761304480339,0.00153695942942325,0.0201496514091317,"ENSG00000170231","Not Sig"
1189.86768616491,-0.306722070760163,0.0929160833480051,-3.30106543138905,0.000963184172570239,0.0151689159410685,"ENSG00000164609","Not Sig"
3.62846703912524,2.50139979037114,0.688481533425076,3.63321261200299,0.000279914183523579,0.00687409770245263,"ENSG00000253522","Significant"
4465.28131765285,-1.23974072682177,0.388863549709384,-3.18811245679439,0.00143204830019321,0.0193107725697298,"ENSG00000145864","Significant"
898.916447628578,-0.544156580418273,0.137127786746459,-3.96824446254927,7.2404040028102e-05,0.00284487096304821,"ENSG00000038274","Not Sig"
177.634810859618,0.882864970937733,0.243932490505505,3.61930044295518,0.000295400512479136,0.00711923240508659,"ENSG00000040275","Not Sig"
3.21932538243873,3.87518504000409,1.1964257018805,3.23896839888444,0.00119962864133246,0.0172347294141673,"ENSG00000253647","Significant"
959.437340207676,1.64716664379648,0.536297761840262,3.07136587358552,0.00213081873046803,0.0247488519417312,"ENSG00000120129","Significant"
119.076693228534,4.64586293305368,0.688820445851621,6.74466468153364,1.53380833862564e-11,1.70501969442472e-08,"ENSG00000212402","Significant"
13.5861331241703,2.98886397238727,0.692140388051968,4.31829152579788,1.57241649177138e-05,0.00102318291668216,"ENSG00000213376","Significant"
29.3705242325624,-1.95833159587702,0.456449581585493,-4.29035686498974,1.7838623047029e-05,0.0011224448685653,"ENSG00000248469","Significant"
1.31285427071931,-2.041013729336,0.708947659624857,-2.87893429314093,0.00399021460022355,0.0368197059309135,"ENSG00000251623","Significant"
617.19349504557,0.688951373126458,0.207464361041506,3.32081794515359,0.000897540632013634,0.0143912071469306,"ENSG00000175414","Not Sig"
1154.44351658384,-0.47256388730049,0.171332207833248,-2.75817310286703,0.00581254088630776,0.0465125309855443,"ENSG00000175416","Not Sig"
2124.06094852625,-1.08618924265013,0.384499606474686,-2.82494240399604,0.00472891156058523,0.0409937874059816,"ENSG00000074317","Significant"
36.8532330423155,0.636036214105202,0.227950244918571,2.79024141576337,0.00526687532260294,0.0437468763174732,"ENSG00000146094","Not Sig"
210.15108466005,-0.338608446009073,0.0862020501952804,-3.92807880139737,8.56271565667368e-05,0.00314529984255227,"ENSG00000027847","Not Sig"
34.3177671750712,-1.18414094276551,0.340995828856845,-3.47259656147475,0.000515449550589088,0.010045053732773,"ENSG00000087116","Significant"
1.24425492033941,-2.90987908467967,0.788388735968052,-3.69091915184033,0.000223445156444232,0.00601887908911015,"ENSG00000248473","Significant"
20.0327131815839,1.14478110330022,0.330785300081399,3.46079799500919,0.000538576784050898,0.0103149246386891,"ENSG00000233937","Significant"
7.7250588297218,1.75041050961661,0.458364382531478,3.81881877459447,0.000134092224801115,0.00418206233665274,"ENSG00000268397","Significant"
5.06105454336432,3.53622168065496,1.16248549184471,3.041949087075,0.00235051647682534,0.0261507210530538,"ENSG00000270477","Significant"
1.75328638547063,-1.65646452696634,0.571420254677532,-2.89885511303958,0.00374527920323963,0.0355553349751419,"ENSG00000219992","Significant"
6.6571961435084,1.38711710196636,0.459581647662388,3.01821691319002,0.00254266835481344,0.0273862935155704,"ENSG00000234817","Significant"
63.0228486774689,-0.835117839174621,0.225898638364574,-3.6968697342338,0.000218274272755132,0.00591201961709053,"ENSG00000219607","Not Sig"
312.179834573017,-0.476824705544054,0.1579161220506,-3.01948084433879,0.00253208304669307,0.0273385040885165,"ENSG00000214113","Not Sig"
110.914608958284,0.931521620209731,0.316131074791903,2.94663098470441,0.00321256326489944,0.0320044717491606,"ENSG00000112799","Not Sig"
2.97782594441144,3.21076438653728,0.933327229435701,3.44012719791593,0.000581440853968051,0.0108972090994136,"ENSG00000225092","Significant"
146.179377003964,0.621394621443239,0.228242096107789,2.72252416201865,0.00647852957960195,0.0496366032808367,"ENSG00000124786","Not Sig"
309.314037908199,-0.716879455580662,0.255306345275675,-2.80791867827096,0.00498628166358656,0.0422847193276853,"ENSG00000111859","Not Sig"
128.618985581945,1.06507211912103,0.309509791906772,3.44115807309204,0.000579230038006819,0.0108805742852405,"ENSG00000078401","Significant"
2.72116271176601,3.56806600857105,1.18165358083851,3.01955333308357,0.0025314771839226,0.0273385040885165,"ENSG00000223291","Significant"
514.65519100307,-0.683490344584561,0.219814544132682,-3.10939545552546,0.00187470615636926,0.022817192311029,"ENSG00000180537","Not Sig"
1.72208029511733,3.55925606749447,1.09169617369388,3.26029911367309,0.00111294775282708,0.0164152882680811,"ENSG00000226673","Significant"
278.078145669684,2.60818269327472,0.493784940684614,5.28202154091328,1.2776617147229e-07,2.82701205828624e-05,"ENSG00000240869","Significant"
2505.66625112531,0.271976908494658,0.0979293310755419,2.77727730300595,0.0054816389653505,0.044796451492459,"ENSG00000112308","Not Sig"
89.4698691032716,-1.04417840814799,0.302951175445411,-3.4466887498053,0.000567501984403491,0.0107226525792498,"ENSG00000272462","Significant"
57.5659762519447,-0.768665527165445,0.280045125956103,-2.74479166363328,0.00605493231927936,0.0477362704923327,"ENSG00000198366","Not Sig"
78.9086969113237,-0.731418494030909,0.238734542404559,-3.06373131706868,0.00218595137549628,0.0251579031586597,"ENSG00000197697","Not Sig"
194.373450083968,-0.751611766925852,0.249977767600289,-3.00671445361361,0.00264087703288677,0.0280513207407439,"ENSG00000187990","Not Sig"
104.949652443659,-0.85668173824013,0.271384216483786,-3.15671172531625,0.00159559003546377,0.0206845221361214,"ENSG00000124575","Not Sig"
10.7272961038679,1.83416347788548,0.655192463812259,2.79942700685741,0.00511933893987539,0.042915194540455,"ENSG00000261584","Significant"
34.8595573346548,1.4684399694368,0.311134354990438,4.71963300061136,2.36270524538007e-06,0.000255200863325891,"ENSG00000241549","Significant"
19.5428316466626,0.837562164711833,0.281644858231937,2.97382373663677,0.00294113970972263,0.0300523425184566,"ENSG00000224843","Not Sig"
1.63118927231469,3.52612470122529,1.13158878768758,3.11608310332501,0.00183270616466751,0.0225594112264706,"ENSG00000272312","Significant"
428.26835325775,-0.556322700840467,0.156759337466327,-3.54889673452448,0.00038684875690965,0.00839319011968655,"ENSG00000096654","Not Sig"
103.459019733194,-0.979005259970832,0.219895725423907,-4.45213411076336,8.50210348550298e-06,0.000663238651724369,"ENSG00000233822","Not Sig"
27.336998745281,2.66925687831334,0.740865018502825,3.60289231054194,0.00031469592844154,0.00742331801493531,"ENSG00000219392","Significant"
11.6239769553638,1.14878498249386,0.366215586737582,3.13690903417785,0.00170739091649239,0.0214662970127712,"ENSG00000261839","Significant"
679.874994772871,0.386099763565071,0.13836110163445,2.79052247347051,0.00526230468377239,0.0437225246522465,"ENSG00000198315","Not Sig"
220.820540171508,-1.4471147386543,0.255338777496281,-5.66743035603111,1.44954942328515e-08,5.68713662703303e-06,"ENSG00000235109","Significant"
2.87461950416166,-1.50483928774457,0.456926435814849,-3.2933951065032,0.000989852680075453,0.0153390304780933,"ENSG00000246350","Significant"
7662.90586125888,1.11038462567318,0.341563174315047,3.2508909307916,0.00115043983178715,0.0167994440461135,"ENSG00000263426","Significant"
24.6604110501295,1.30887016378353,0.318167288920378,4.11377979246345,3.89232757028674e-05,0.00189495268700146,"ENSG00000197935","Significant"
2356.97453192767,2.51177675121709,0.6351418352467,3.95467061344097,7.66401648412471e-05,0.00296997264565428,"ENSG00000204655","Significant"
49.852192073483,1.51429792156517,0.471164159275612,3.21394972803814,0.00130922593280067,0.0182414795221144,"ENSG00000206341","Significant"
933.542522107762,0.373875071098296,0.107843224892655,3.46683875107075,0.000526617702318488,0.0101808939711268,"ENSG00000231074","Not Sig"
3.69175130535386,-1.11447767934984,0.374984461432098,-2.97206362923294,0.00295805372693974,0.0301787295719449,"ENSG00000236603","Significant"
393.16164870432,-0.322160344623377,0.0826499325344914,-3.89788998906845,9.70344766512814e-05,0.00338513256414917,"ENSG00000204560","Not Sig"
241.90669280768,0.642702420361882,0.211344151897649,3.04102296936578,0.00235775843513537,0.0261876091969095,"ENSG00000146112","Not Sig"
18.3919335415326,0.755704561462795,0.237565582959006,3.18103553574592,0.00146749627654134,0.019595261842766,"ENSG00000137404","Not Sig"
12.1220224091348,-0.79416716474759,0.240715163073919,-3.2991987484549,0.000969612359195701,0.0151809202646609,"ENSG00000272273","Not Sig"
70.0522355525559,0.733973157522511,0.191919632218551,3.82437767849976,0.000131102815260324,0.00411599874023066,"ENSG00000206337","Not Sig"
17.8108537294064,1.41261655630788,0.438133003761892,3.22417289767923,0.00126337096664616,0.017833584137118,"ENSG00000204516","Significant"
12.1035495377545,5.25728302095341,1.17982914075582,4.45596980049627,8.35147889090316e-06,0.000657253998024795,"ENSG00000200816","Significant"
56.8544398255266,0.682562530589696,0.240353089179583,2.8398325684914,0.00451372179764312,0.0397316250147902,"ENSG00000204366","Not Sig"
300.819093587741,1.49509032783434,0.547480409548612,2.73085630418633,0.00631700080258378,0.0489631796665115,"ENSG00000244731","Significant"
280.327960204019,1.79431547896456,0.619719180610693,2.89536863647883,0.003787135017081,0.0357147313965019,"ENSG00000224389","Significant"
47.69590646162,-0.748584631685307,0.168552441003498,-4.44125654442331,8.94350928021461e-06,0.000683976924834751,"ENSG00000204315","Not Sig"
19.8126556720647,0.871129189858252,0.303294512506113,2.87222206119108,0.00407596443604948,0.0372917198866132,"ENSG00000225914","Not Sig"
185.588982263969,2.83905261579463,0.636103037623744,4.463196129986,8.07460796692191e-06,0.000643052137162716,"ENSG00000198502","Significant"
112.691702247545,1.68669495496801,0.434028405239888,3.88613955816042,0.000101850968018593,0.00348608352221492,"ENSG00000196735","Significant"
164.996894559053,2.1851385023593,0.530854049460108,4.11626981951375,3.85053505657639e-05,0.00187803335967827,"ENSG00000179344","Significant"
18.2054195161779,3.83768809164631,0.869184381267737,4.41527502605247,1.0088164871541e-05,0.000733357358604478,"ENSG00000237541","Significant"
6.11811443233062,1.6302780764489,0.524729437647805,3.10689273267557,0.00189064988576993,0.0229526352772674,"ENSG00000232940","Significant"
3414.78129840381,0.388533181790726,0.136540955163286,2.84554316560982,0.00443357499506163,0.0392543543006297,"ENSG00000231500","Not Sig"
5.12658647706617,1.93584874068909,0.689471805528998,2.80772719807419,0.00498924720086806,0.0422847193276853,"ENSG00000237649","Significant"
674.86049535531,-0.340354904474758,0.103487371823979,-3.2888544609449,0.00100596026696798,0.0155133028684617,"ENSG00000064999","Not Sig"
4.91411538273238,1.90576742330095,0.662895107117148,2.87491550750601,0.00404135629750381,0.037089557846957,"ENSG00000187762","Significant"
20.8658486993517,2.12988713652901,0.583416086152491,3.65071719323883,0.000261509062376922,0.00658188705203199,"ENSG00000272374","Significant"
79.0730615221645,0.743595114361741,0.229164263531236,3.2448127072849,0.00117527896527318,0.0170316499264113,"ENSG00000023892","Not Sig"
711.395825503577,-1.34406533334546,0.386431048973923,-3.47815046672443,0.000504886427705761,0.00991889911985419,"ENSG00000096060","Significant"
573.261744093865,-0.449659040397241,0.122832071774258,-3.66076248574257,0.00025146578852585,0.00643226823785346,"ENSG00000096063","Not Sig"
757.531147799991,-0.403171763789593,0.0966877029347264,-4.16983495886517,3.0482030223303e-05,0.00160084662269193,"ENSG00000112062","Not Sig"
161.28252846136,0.93874612498885,0.32833675311144,2.85909547467028,0.00424850895697627,0.0382796252830699,"ENSG00000146192","Not Sig"
121.915187595953,-0.538870796954873,0.150219174811813,-3.58723044265116,0.000334208942047566,0.00768313210572677,"ENSG00000137193","Not Sig"
349.146279954999,-0.386143737557151,0.116311699721836,-3.3199045193272,0.000900482403113637,0.0143915567264531,"ENSG00000112130","Not Sig"
842.299623325705,-0.297275865812454,0.0760316140640214,-3.90989813213931,9.23350520627579e-05,0.00329153502353634,"ENSG00000137200","Not Sig"
7683.65453861974,1.19099190753169,0.411201106989631,2.89637330076965,0.00377503044365572,0.0356636109087433,"ENSG00000146122","Significant"
1.689234626714,-2.70738361054773,0.823917580336882,-3.28598839879195,0.00101625195384103,0.0155819459060488,"ENSG00000220586","Significant"
754.945841883172,-0.764272859216022,0.10383566938822,-7.36040768763729,1.83349391352469e-13,4.89157841189253e-10,"ENSG00000112576","Not Sig"
269.632783425895,-0.740448591454484,0.249703762087391,-2.96530811255996,0.00302379916852349,0.0306481248894004,"ENSG00000124496","Not Sig"
289.724929597276,-0.362637445697271,0.0954158357968652,-3.80060021136644,0.000144346027505887,0.00441123444195826,"ENSG00000124659","Not Sig"
497.270939816876,0.539666963552717,0.141603023547598,3.81112599175055,0.00013833523428533,0.00429394346420791,"ENSG00000124587","Not Sig"
434.788897586453,1.61709402708152,0.479791226734935,3.37041183117527,0.00075055920218212,0.0127786655743566,"ENSG00000137221","Significant"
1.51877845675282,3.36775466292617,1.13685747330102,2.96233674142761,0.00305313672856076,0.0309125748695532,"ENSG00000272442","Significant"
75.3963513604929,-0.925899784921157,0.262588660519795,-3.52604633836182,0.00042181315745724,0.00882631625709938,"ENSG00000112782","Not Sig"
706.84493395695,-1.0341681608906,0.287741338303374,-3.59408963268339,0.000325527767370666,0.00759821111608224,"ENSG00000112796","Significant"
2513.57726924734,-1.12658344752907,0.307297375397178,-3.66610175590656,0.00024627596238257,0.00633333788694651,"ENSG00000172348","Significant"
94.5425489518094,0.809791331014967,0.246535269417026,3.28468755375186,0.00102095521387169,0.0156408555379842,"ENSG00000031691","Not Sig"
316552.477413088,1.23529744112357,0.155403397004765,7.94897322022954,1.88063697099144e-15,2.50867568745403e-11,"ENSG00000202198","Significant"
4.89987336848161,3.1988332915224,0.870980923458421,3.67267893632013,0.000240020970902615,0.00624124705917239,"ENSG00000217527","Significant"
9.5049618751235,2.42367467157198,0.531611324367862,4.55911031326123,5.13707836276893e-06,0.000464506687756514,"ENSG00000124743","Significant"
205.619622574949,1.12875313865067,0.321325680091359,3.51280090134639,0.000443409607861462,0.00914905253529462,"ENSG00000124749","Significant"
1.59319159409463,3.41917500670445,1.18499611272683,2.88538921772197,0.00390930020394224,0.0363834045177466,"ENSG00000231441","Significant"
766.274144314161,-0.573767837921188,0.208602813947607,-2.75052779520652,0.00594993435601525,0.0472028102862379,"ENSG00000151917","Not Sig"
2.57524391848777,3.43038619655712,1.10016415684508,3.1180675858359,0.00182041053134361,0.0224637985965385,"ENSG00000226803","Significant"
3.78190005598435,1.5519217662364,0.56401005129309,2.75158530008172,0.00593075718790923,0.0471333544880043,"ENSG00000225096","Significant"
71.8037511041143,1.15272214171627,0.288722981144084,3.99248489728295,6.53844985131426e-05,0.00266726763888705,"ENSG00000112280","Significant"
1.65840952398769,3.40535902834399,1.13627912416379,2.99693882948879,0.00272705427962354,0.0287228902984905,"ENSG00000217767","Significant"
4.13076810379562,2.46275294638821,0.888253768548962,2.77257810052562,0.00556141722449157,0.0451805877381884,"ENSG00000218350","Significant"
57.5042777914959,1.04692207494516,0.272248041391135,3.84547146637158,0.000120320866041439,0.0038956800790286,"ENSG00000233237","Significant"
10.6302548035326,2.13051071474285,0.744522143721001,2.86158139514146,0.00421533249007456,0.0380835948197423,"ENSG00000080007","Significant"
20.8913746092086,1.91741688483903,0.522752639698489,3.66792386920312,0.00024452796436359,0.00633333788694651,"ENSG00000231652","Significant"
208.161026330763,0.952767699569865,0.258668019961235,3.68336101120135,0.000230178811717058,0.0061164746193221,"ENSG00000118407","Not Sig"
2113.63745093808,0.545640312244338,0.192523122876816,2.83415469316618,0.00459470842639706,0.0402568887053685,"ENSG00000196586","Not Sig"
25.3964003283508,-1.30511187714555,0.370668224860283,-3.52097047875494,0.000429970482641889,0.00896886826145656,"ENSG00000135312","Significant"
11.973343377346,2.25273899147048,0.630107975068058,3.57516343326263,0.000350009182321021,0.00789340234585168,"ENSG00000269964","Significant"
1.84895874362999,3.70762116095327,1.17442605523212,3.15696432690304,0.00159420848139639,0.0206845221361214,"ENSG00000229495","Significant"
5.10204342132507,2.2374120694667,0.588479855107264,3.80201981435521,0.000143521245863903,0.0043961002507498,"ENSG00000112742","Significant"
11.2194639152537,1.15136701484503,0.410206855992527,2.80679612742992,0.00500368984211678,0.0423788702532805,"ENSG00000260645","Significant"
468.442536582872,-0.510297862835383,0.181606150571652,-2.80991508948948,0.00495545718239154,0.0421577302834898,"ENSG00000135318","Not Sig"
7.79341738407134,1.02850283285054,0.34405232715477,2.9893790905471,0.00279545061566634,0.0290468959009673,"ENSG00000272008","Significant"
10.3614113667957,1.67072199812972,0.533531446075046,3.13144053723633,0.00173951008246657,0.0217166071549488,"ENSG00000213204","Significant"
47.4050621667037,5.21377117560668,1.06498411887915,4.89563279224665,9.79898949267005e-07,0.000133381245242318,"ENSG00000223001","Significant"
2.05703662043948,2.67091233115001,0.965014432058487,2.76774340612984,0.00564458775186052,0.045551106059252,"ENSG00000111886","Significant"
4.58529307626239,2.19314943685123,0.623926182379121,3.51507838393387,0.000439624209315708,0.00910616015553864,"ENSG00000239316","Significant"
797.627926040004,0.286983160243902,0.100802351865932,2.84698873519927,0.0044134924097349,0.0391969254325291,"ENSG00000118412","Not Sig"
18.2490425671004,1.33128444716058,0.346284254412337,3.84448449560563,0.000120806122275248,0.00389720258304879,"ENSG00000261366","Significant"
88.6749258596074,-0.589676042335508,0.140006149795652,-4.21178671934182,2.53358704938543e-05,0.00144672622525411,"ENSG00000132423","Not Sig"
1365.92900900758,0.481879531851145,0.170665987292993,2.82352412155724,0.0047498851571275,0.0410768836651554,"ENSG00000132424","Not Sig"
1.74865697681436,3.51668035694506,1.10410358719145,3.18510001936555,0.0014470398584168,0.0194290771931061,"ENSG00000272017","Significant"
163.259637898046,1.34889269506228,0.435328781917875,3.09856079150023,0.00194463069847311,0.0233632757474562,"ENSG00000112276","Significant"
11.2847981117811,1.20990329042955,0.441639906534493,2.73956966417177,0.00615196756829252,0.0481738605090919,"ENSG00000203808","Significant"
1.85268514521046,3.70264272937255,1.01387793482004,3.65196105192855,0.000260245361750243,0.00656246314379463,"ENSG00000244710","Significant"
1290.16372584522,0.226460881135657,0.071058151773048,3.18697961437203,0.00143766907457101,0.0193324461897581,"ENSG00000025796","Not Sig"
1773.18426822125,-0.5162396672703,0.0984614442301696,-5.24306413852214,1.57931608496209e-07,3.31768297879556e-05,"ENSG00000118689","Not Sig"
6.75417518059131,2.06517461514051,0.645609457632568,3.19879857818913,0.00138001549163064,0.0188132004605078,"ENSG00000203801","Significant"
891.57085424849,-0.524680127144449,0.112359418979949,-4.66965860012219,3.01700700309633e-06,0.000307216526090103,"ENSG00000080546","Not Sig"
25.6265271859389,-0.568593834976365,0.206495793386284,-2.75353713338226,0.00589550817841616,0.0469791704575761,"ENSG00000243587","Not Sig"
281.501723845105,-0.367565791965004,0.117257113139758,-3.13469931267117,0.00172030344844468,0.0215457243115675,"ENSG00000112365","Not Sig"
2.82923605222381,3.66889597299452,1.07958341876702,3.3984367573788,0.000677721301093493,0.0119855817094306,"ENSG00000241162","Significant"
208.341255251816,-0.341427870534764,0.0945498564671614,-3.61108819507671,0.000304914942004415,0.0072502903188376,"ENSG00000197498","Not Sig"
586.640702009991,1.09872193098597,0.241439994563805,4.55070392530021,5.34667393035772e-06,0.000478670851637629,"ENSG00000112769","Significant"
3970.19995877642,0.460597146758971,0.137169219315699,3.35787539694961,0.0007854401057141,0.0131671679411183,"ENSG00000155130","Not Sig"
27.8268493830905,1.64531909524239,0.383596016815809,4.28919754928638,1.79319823812429e-05,0.00112566437164513,"ENSG00000227502","Significant"
104.902146593599,1.0032067761387,0.311066366874414,3.22505703917428,0.00125947572694458,0.0177974326902302,"ENSG00000228624","Significant"
111.796566422276,1.13312003326817,0.319851718318053,3.5426416941785,0.000396140542364495,0.0084879956805463,"ENSG00000111816","Significant"
15.1571447453919,1.25762058459919,0.34197644002053,3.6775065104593,0.000235525066269798,0.00619040009605849,"ENSG00000188820","Significant"
59.7115053840956,-1.57650817717135,0.43642774649531,-3.61230052358344,0.000303492550678724,0.00722605353414652,"ENSG00000183807","Significant"
66.4111328391186,-2.89119447563346,0.473952817526706,-6.10017362217822,1.05953314590196e-09,6.89445970719961e-07,"ENSG00000047936","Significant"
949.536109306599,-0.351946330604938,0.0888139393946264,-3.96273752750834,7.40952281819302e-05,0.00289003887816625,"ENSG00000047932","Not Sig"
344.466617289617,0.299536526305425,0.108666013252128,2.75648767577803,0.00584258144025021,0.0466689312109088,"ENSG00000146350","Not Sig"
34.6867619185815,3.37488968667869,0.735327583997532,4.5896410798728,4.44008818722797e-06,0.000412742553125627,"ENSG00000240606","Significant"
95.8261519480764,-0.4606067032553,0.160844403490254,-2.86367876817803,0.0041875244447351,0.0378836774028782,"ENSG00000172594","Not Sig"
18.1649112277362,1.71715432982801,0.611454658153169,2.80831016156534,0.00498022355136253,0.0422847193276853,"ENSG00000237321","Significant"
28.6582115076605,1.53836875536869,0.289180055717617,5.31976090657823,1.03903709045942e-07,2.43162022248833e-05,"ENSG00000236548","Significant"
25.5241435015841,1.75372829941217,0.472925288291568,3.70825655305402,0.000208691163356214,0.00571908775727006,"ENSG00000237742","Significant"
144.983719057306,1.48934094073604,0.234709289522066,6.3454707897108,2.21746270461057e-10,1.73999080871486e-07,"ENSG00000135547","Significant"
105.828901886282,0.98314876359028,0.288524099304907,3.4075100345476,0.000655584979517281,0.0117496576753404,"ENSG00000146374","Not Sig"
4.33267812457432,1.79008967596263,0.59387592318601,3.01424860997766,0.00257616608913777,0.0276289070886576,"ENSG00000213131","Significant"
2.19267242126689,-2.32067430522099,0.734636647665085,-3.15894165176329,0.00158343188591938,0.020559778170637,"ENSG00000233351","Significant"
34.2513783382714,2.73249242426775,0.463183735536428,5.89937041097344,3.64891232708217e-09,1.98672106069848e-06,"ENSG00000164483","Significant"
408.748502701813,1.44845738361776,0.383794500279035,3.77404413706989,0.000160622324278279,0.00477730545085864,"ENSG00000118523","Significant"
4.79048938754618,2.48270798821175,0.572262974436059,4.33840401898856,1.43521138258454e-05,0.000964483739948939,"ENSG00000227220","Significant"
8.74298895727336,1.42719107304056,0.381761681902704,3.73843458025286,0.000185169662086507,0.00530627434458209,"ENSG00000228495","Significant"
737.1180793175,-0.523792209155954,0.14793687176015,-3.54064678348194,0.000399147543161108,0.00851780100368853,"ENSG00000146409","Not Sig"
1.9216716320204,3.14160256149726,1.01687568379043,3.08946571500939,0.00200516848196651,0.0237865228681123,"ENSG00000206754","Significant"
3.21698138860156,-2.58397347947163,0.854234961878705,-3.02489782645835,0.00248717133782669,0.0269846458405361,"ENSG00000231023","Significant"
4.31240458870574,2.27254748212422,0.821964113717039,2.76477700692727,0.00569617205522264,0.0458270808248004,"ENSG00000227954","Significant"
267.837482271446,-0.647979274963497,0.196653844213803,-3.29502470472436,0.000984130275715824,0.0152826610161947,"ENSG00000146411","Not Sig"
3.45524874064037,2.91513363838867,0.982423377708681,2.96728854843385,0.00300438856933297,0.0305465253968118,"ENSG00000231971","Significant"
553.777661036534,-0.915595811060393,0.185477073611523,-4.93643658071771,7.95628934405554e-07,0.000114738293735166,"ENSG00000171408","Not Sig"
2715.39458035392,-0.248942968323299,0.0672064791591376,-3.70415131752147,0.000212099628831822,0.00579775204672559,"ENSG00000029363","Not Sig"
2283.7437086523,0.835363973048668,0.306060233711356,2.7294103612183,0.00634476957689373,0.0491070808070635,"ENSG00000135525","Not Sig"
9.1772294808852,3.2570324864518,0.735862554590166,4.42614244485614,9.59331877428485e-06,0.000710510974235927,"ENSG00000216613","Significant"
5.38343627625949,2.84032343615998,0.981483576073831,2.89390826846227,0.00380479298579803,0.0358053164261395,"ENSG00000218424","Significant"
3.58839323168759,4.17166339055761,1.00032354864221,4.17031409109582,3.04180112225459e-05,0.00160063534794143,"ENSG00000237499","Significant"
927.833975075382,-0.305814223238055,0.0787076680325497,-3.88544383136323,0.000102143107894209,0.00348921379706735,"ENSG00000135597","Not Sig"
328.337846487821,-1.29691952827535,0.221147992573209,-5.86448700340797,4.50523381398349e-09,2.31144486390895e-06,"ENSG00000164442","Significant"
2.10002336737292,-2.83830577118322,0.724425761258784,-3.91800778350468,8.92838239642682e-05,0.00321024681879072,"ENSG00000222764","Significant"
8.40883450057204,1.04499991524706,0.383559001920805,2.72448283057851,0.00644022788115014,0.0495070874089058,"ENSG00000229017","Significant"
16.3907629834706,1.02657652244104,0.27632929931168,3.71504768042398,0.000203165381656194,0.00561102403437433,"ENSG00000229036","Significant"
911.199275143205,0.509317870804825,0.164816836908791,3.09020534768956,0.00200018155081143,0.0237590576999547,"ENSG00000118496","Not Sig"
4.89883068205737,5.1119014208787,1.33255935204683,3.83615289857578,0.000124976618385398,0.00399790311978901,"ENSG00000118492","Significant"
3.62180533631554,1.86143418383534,0.660390543759838,2.81868691401536,0.00482205268118462,0.0414394180270954,"ENSG00000227681","Significant"
4.50276559190872,4.35905688122078,1.12562034130655,3.87258182999878,0.000107688502656684,0.00361841506596683,"ENSG00000215223","Significant"
8.33089090815072,1.92314951059641,0.541546047378756,3.55122065779084,0.000383448792428879,0.0083442335507423,"ENSG00000177688","Significant"
23.8695971463236,0.866882439037489,0.262535478738948,3.30196300782446,0.000960107313820544,0.0151387133719966,"ENSG00000178199","Not Sig"
859.808269085667,0.292847713140749,0.0701408794054171,4.17513603512265,2.97808039122696e-05,0.00158271328202279,"ENSG00000131023","Not Sig"
1.26519458052334,3.79262656636333,1.13183717349085,3.35085881184305,0.000805613654258776,0.0133990596304148,"ENSG00000231760","Significant"
184.931364357157,-0.370267976756806,0.128774742545078,-2.87531521662483,0.00403624321934261,0.037055379507516,"ENSG00000155906","Not Sig"
1539.3804182475,-1.27867943996352,0.377347233224712,-3.38860160451226,0.00070249996827578,0.0122018207380401,"ENSG00000074706","Significant"
1505.96357791719,-0.155042409981949,0.0533697724745589,-2.90506035145376,0.00367182292804543,0.0351113132248473,"ENSG00000213079","Not Sig"
521.991453697181,-1.50076193007364,0.352361421984444,-4.25915505057728,2.0520110036224e-05,0.00123858827071588,"ENSG00000146426","Significant"
41.8683766274321,0.945264911315265,0.26683879245628,3.54245686174038,0.000396418254730713,0.0084879956805463,"ENSG00000235381","Not Sig"
198.682662755162,0.651232027698605,0.189255644662535,3.44101772425245,0.000579530569336436,0.0108805742852405,"ENSG00000146425","Not Sig"
94.3751148370071,1.16257823245912,0.38015626514067,3.05815881274226,0.00222701517622914,0.0254043295706761,"ENSG00000164691","Significant"
4278.43016355488,-0.514747903119143,0.1230183643542,-4.18431756771745,2.86024036015579e-05,0.00154783676609729,"ENSG00000112096","Not Sig"
3.91486723162138,2.83272528181695,0.912190522616068,3.10540968315806,0.00190015640224646,0.0230219221868907,"ENSG00000220305","Significant"
16.6796984067724,3.34533367861827,0.813963196698562,4.10993235589393,3.95775037127937e-05,0.00191777155850299,"ENSG00000207392","Significant"
8.4239753444814,-1.00892149866141,0.328683104828814,-3.06958734367221,0.00214354717055486,0.0248318258633231,"ENSG00000198670","Significant"
1301.03568177297,0.677849785896003,0.242995538586499,2.78955650724719,0.00527802851698538,0.0437986074042466,"ENSG00000026652","Not Sig"
103.040363125939,-0.659476160000818,0.221493196187116,-2.97741046385776,0.00290694538379042,0.0298286138054402,"ENSG00000112530","Not Sig"
7.59872658047981,1.4863564485615,0.523687540989669,2.83825054488134,0.00453615609625268,0.0398616958142047,"ENSG00000232082","Significant"
243.658385262841,0.549307066743242,0.135941696304196,4.04075483591185,5.32794342786489e-05,0.00234174963281726,"ENSG00000130023","Not Sig"
2.3377594429092,-3.89767462278259,1.38196486059099,-2.82038620078644,0.00479658831221197,0.0413200450699074,"ENSG00000213863","Significant"
33.8960307348572,1.92781449795215,0.483346890673113,3.98846984464401,6.65008542618474e-05,0.00269222502405437,"ENSG00000273151","Significant"
11.2098070923217,-2.12635844350643,0.428586184984764,-4.96133220808791,7.00113335098324e-07,0.000105004682774181,"ENSG00000176349","Significant"
343.496008295899,1.28181429959619,0.278856621197223,4.59667873078625,4.29278747502257e-06,0.000400445024636808,"ENSG00000136297","Significant"
2.24010987655481,3.31825072691162,1.06358738624903,3.11986656650204,0.00180932980204788,0.0223684475388487,"ENSG00000237738","Significant"
703.79245864366,-0.461058677732741,0.125733629586339,-3.6669479696849,0.000245462716068,0.00633333788694651,"ENSG00000008256","Not Sig"
468.6648816151,-0.466468708025275,0.131040354736187,-3.55973325136657,0.000371231680913282,0.00821247128521675,"ENSG00000164535","Not Sig"
117.572625127493,-0.431377772911503,0.152947866731167,-2.82042360008672,0.00479602924258558,0.0413200450699074,"ENSG00000187953","Not Sig"
140.345722922913,-0.362783919062909,0.127874241451087,-2.837036724098,0.00455343742607815,0.0399527217501354,"ENSG00000106399","Not Sig"
655.356280307651,0.601582690684238,0.179350621993011,3.3542269549959,0.000795870562726251,0.0132876567613187,"ENSG00000106546","Not Sig"
984.882443667766,1.114134203422,0.352409279637736,3.16147805349305,0.00156970646556523,0.0204483392552806,"ENSG00000122591","Significant"
8.6851522125468,1.846606271933,0.55241533841416,3.34278602262226,0.000829418294535705,0.0136508640838483,"ENSG00000136231","Significant"
264.409611263696,1.49830761480588,0.383426376073401,3.90768008750407,9.31865797305348e-05,0.00330601696892412,"ENSG00000122585","Significant"
410.864247448891,-0.24736956475643,0.0800119317448159,-3.09165844845957,0.00199041723579672,0.0237075433454733,"ENSG00000070882","Not Sig"
28.0039056982698,1.35143843117421,0.468244549103486,2.88618080821594,0.00389948065220711,0.0363501901887609,"ENSG00000050344","Significant"
14.3479883138473,-1.10386785917919,0.362584301694191,-3.04444470988213,0.00233110274369751,0.0260877091525581,"ENSG00000225792","Significant"
8.50602773114156,2.80402214882605,0.738869424063076,3.79501716745377,0.000147633240432806,0.00450137968172209,"ENSG00000237065","Significant"
408.18898301462,0.375476215805694,0.0963838430548111,3.89563441242087,9.79420279095663e-05,0.00339834954257325,"ENSG00000180233","Not Sig"
1909.98058216011,2.77716390309192,0.915772832771129,3.03259040201948,0.00242464459972989,0.0265655413865272,"ENSG00000240583","Significant"
13.5770367882022,1.21574792233002,0.312107298887523,3.89528834046315,9.80819801259944e-05,0.00339834954257325,"ENSG00000106128","Significant"
775.689423596766,-0.399486276042048,0.133552278590066,-2.99123519463308,0.00277851402556131,0.0289503510321495,"ENSG00000122642","Not Sig"
274.616129505475,-0.901981060144693,0.310086127050664,-2.90880817121277,0.00362809403026045,0.0348158616707621,"ENSG00000164619","Not Sig"
5.99149010998818,2.2295590866783,0.809790310219804,2.75325483466593,0.00590059462634886,0.0470054046084377,"ENSG00000187258","Significant"
267.960250188513,1.57736971233168,0.556839320860302,2.83271969711961,0.0046153838029597,0.040358513431387,"ENSG00000227544","Significant"
116.062629503969,0.70372678063809,0.249267168963251,2.82318278642559,0.00475494538291083,0.0410905511687351,"ENSG00000228878","Not Sig"
4.14774035910408,3.71653774659395,1.02576051379279,3.62320219643852,0.000290978180680953,0.00704447085516076,"ENSG00000221156","Significant"
152.65462403302,0.754538445633265,0.242440758481644,3.11225905395933,0.00185661500734766,0.022690165726536,"ENSG00000136250","Not Sig"
68.9933189606105,1.45695565845158,0.501980746482797,2.90241342653071,0.00370299494174288,0.0352955348520036,"ENSG00000106483","Significant"
17.9798347610393,1.11737342830094,0.365153921053135,3.06000665439478,0.00221332073756195,0.0253266092990528,"ENSG00000261019","Significant"
251.747991385719,-0.484215517923751,0.148094381242838,-3.26964138585217,0.00107683907620202,0.0161607511327126,"ENSG00000164543","Not Sig"
290.47612078394,-0.55987424517831,0.162460208302501,-3.4462238540026,0.000568479238605099,0.0107335156452551,"ENSG00000106605","Not Sig"
756.490462988804,-0.444257583981032,0.0866444573002588,-5.12736299382078,2.93828658095107e-07,5.48319201886986e-05,"ENSG00000106608","Not Sig"
9.47181631143191,1.18825268213644,0.371998749218696,3.1942383801884,0.00140200296201535,0.0190351333453474,"ENSG00000214783","Significant"
119.681883122916,0.705687528083528,0.244439976643877,2.88695628993468,0.00388988265698491,0.0362957150308206,"ENSG00000122678","Not Sig"
3197.53532914961,-0.579381351466995,0.1487338403568,-3.89542386639858,9.80271506803817e-05,0.00339834954257325,"ENSG00000015676","Not Sig"
10.9855824023,-2.95236668866393,0.73958798113732,-3.99190733754739,6.55439853018309e-05,0.00266969157842374,"ENSG00000236078","Significant"
6.33989127113436,2.67098755330985,0.850904494314887,3.13899805578112,0.00169526572616608,0.0213742884255127,"ENSG00000231490","Significant"
1111.05547663532,-1.31009338761452,0.416266380363774,-3.14724765057807,0.00164815302855233,0.0210690343309763,"ENSG00000170419","Significant"
1228.03286511346,-0.536438064226756,0.176561372051992,-3.03825269362311,0.00237954327587603,0.0263498063642254,"ENSG00000146648","Not Sig"
20.0031594648904,7.70487201645631,2.72777266189606,2.82460196338382,0.00473393834467218,0.0409937874059816,"ENSG00000226278","Significant"
99.6902907753771,-0.598799707249776,0.190363941334271,-3.14555216209939,0.00165773630645382,0.0211216439471705,"ENSG00000239789","Not Sig"
1306.64067328864,-0.455481404300093,0.0998380204969465,-4.56220387817108,5.06194575569743e-06,0.000460913484014511,"ENSG00000146731","Not Sig"
9.45067669604472,-2.00636281971271,0.577505524093555,-3.47418810038548,0.000512401691615178,0.0100100491966409,"ENSG00000261275","Significant"
1.6322837962763,-2.60267411378255,0.919724904936048,-2.8298397703643,0.00465713210360168,0.0405772787041115,"ENSG00000213645","Significant"
3.35327165418114,2.36851710463636,0.871254296102421,2.71851411836014,0.00655758571287208,0.0499571185704495,"ENSG00000228014","Significant"
134.261437161884,0.519388331408711,0.141766053138052,3.66370029997893,0.000248597645330174,0.00637724671131126,"ENSG00000213462","Not Sig"
53.1564563786743,-1.40697306644324,0.293715851204355,-4.79025241802263,1.66571636624234e-06,0.000203851591444859,"ENSG00000164669","Significant"
44.7639790801101,-1.21461176307637,0.400337919299615,-3.03396631825763,0.00241361375260287,0.0265427870180098,"ENSG00000232270","Significant"
48.2009679080474,1.27204403860933,0.421749668428217,3.01611153210861,0.00256039062296996,0.0275438150928289,"ENSG00000179406","Significant"
60.7809260247152,0.810653725416518,0.238565584399851,3.39803298726363,0.000678722355938876,0.0119875650086797,"ENSG00000230189","Not Sig"
1.84461371219144,3.53881766884596,1.16159913220009,3.04650509005062,0.00231518559248532,0.0260290081845411,"ENSG00000236928","Significant"
10.315685003863,3.39178259189456,0.816267133419951,4.15523601652789,3.24951932858628e-05,0.00167195778662465,"ENSG00000273142","Significant"
665.072993220184,0.50062460558163,0.166112196942422,3.01377391182875,0.00258020007892917,0.0276293645794415,"ENSG00000158321","Not Sig"
124.88934200178,-0.481296773690251,0.165267705851489,-2.91222517557513,0.00358863834469347,0.0345511665095912,"ENSG00000254184","Not Sig"
70.4529814856973,0.680685309178433,0.237351066313144,2.86784179970941,0.00413282127395223,0.037586846432137,"ENSG00000106133","Not Sig"
4.01754425581633,1.67638044730787,0.572271072216933,2.92934682302516,0.00339675183917356,0.0332191870664631,"ENSG00000232415","Significant"
3230.71116043114,-0.286794315502679,0.0748352405278349,-3.83234307098948,0.000126928565400057,0.00403134190036682,"ENSG00000106682","Not Sig"
191.751757894442,-0.348507869749101,0.117741552549856,-2.959939479323,0.00307699482489195,0.0310363496912259,"ENSG00000006704","Not Sig"
134.187208987672,-0.286355200852471,0.100202291411992,-2.85777098325119,0.0042662818199041,0.0383780179717667,"ENSG00000174374","Not Sig"
6.41415889369044,3.00899557823925,0.76338284804011,3.94165992328027,8.09196540669367e-05,0.00307091813776928,"ENSG00000201643","Significant"
597.398264419464,-0.527776563812127,0.173186260422895,-3.04745054557663,0.00230791499193902,0.0260072642452158,"ENSG00000106211","Not Sig"
12986.5565469584,-0.762952935406125,0.257301101190543,-2.96521441951049,0.00302472029812928,0.0306481248894004,"ENSG00000170027","Not Sig"
232.923490479785,0.510680690355521,0.162494250711994,3.14276159382805,0.00167362091825637,0.0212419279153957,"ENSG00000186088","Not Sig"
633.536531764054,0.379086194438293,0.106002911664708,3.57618662058417,0.000348642807561592,0.00788926332734156,"ENSG00000127947","Not Sig"
48.0599038985712,2.80833173458692,0.659041572141564,4.26123609389496,2.03299324108168e-05,0.00122989176142445,"ENSG00000135218","Significant"
670.455423142339,1.3655605560977,0.420247175041557,3.24942233332721,0.00115639651345446,0.0168495371832067,"ENSG00000075223","Significant"
378.327545470334,1.71099966276597,0.357572639794358,4.78504077870718,1.70952620813459e-06,0.000206373075596482,"ENSG00000153993","Significant"
930.981380959079,0.613854029058312,0.195410128947522,3.14136238671212,0.00168163815330319,0.0213031454377853,"ENSG00000135164","Not Sig"
64.198558497345,-0.607504379373,0.185074929516784,-3.2824779723496,0.00102899024700005,0.0157140416712732,"ENSG00000006634","Not Sig"
2743.96931504847,-0.636179616410331,0.198904880377222,-3.1984112969165,0.0013818703774912,0.0188288660884003,"ENSG00000008277","Not Sig"
2469.27421622458,-0.444139440728761,0.155376697029921,-2.85846880013952,0.00425690968545968,0.0383164957821791,"ENSG00000075142","Not Sig"
2.38724004297758,2.47386032073493,0.812374939873463,3.04521988470037,0.00232510252708318,0.026054223932493,"ENSG00000254003","Significant"
1.83815536539215,-1.91408780708326,0.586102699376186,-3.26578909996577,0.00109159515566782,0.0162696464570178,"ENSG00000264868","Significant"
16.8068798847556,-1.01613111142464,0.252092935522294,-4.03077979682131,5.55921079087736e-05,0.00241948099004596,"ENSG00000127954","Significant"
1.79646378609017,3.72448587645665,1.14977968376576,3.23930395452649,0.00119821806989505,0.0172347294141673,"ENSG00000223969","Significant"
1.52382901736581,-3.59963349100821,1.29228108906954,-2.78548801917391,0.00534472150775302,0.0441051113842694,"ENSG00000243144","Significant"
12.4430980900027,1.74679653385909,0.526972269064414,3.3147788534686,0.000917156515937425,0.014573447700235,"ENSG00000243107","Significant"
353.543731260386,0.728383946362442,0.226745666166067,3.21233899936582,0.00131658919634956,0.0183039516255393,"ENSG00000157259","Not Sig"
89.2243700771457,1.04587120585005,0.373672016230344,2.79890160467714,0.00512767601414317,0.0429434762080948,"ENSG00000244055","Significant"
1.70742098470999,3.6444614671419,1.05133531411086,3.46650722964073,0.000527267554951605,0.0101839883852453,"ENSG00000266794","Significant"
160.577400930828,0.563790417481596,0.202331419101792,2.78646994117091,0.00532855597524901,0.0440261829865805,"ENSG00000205413","Not Sig"
6.20679190314046,1.78766064996936,0.614519971032087,2.90903588856028,0.00362545238974517,0.0348051256948584,"ENSG00000004948","Significant"
47.175420235185,0.954819857729708,0.243740064990029,3.91736934085403,8.95205383255199e-05,0.00321442589769387,"ENSG00000236197","Not Sig"
21.4817476023732,1.08833184848662,0.35545373548814,3.06181013118915,0.00220002954875066,0.0252558469583127,"ENSG00000238228","Significant"
15.8840162062265,1.2838646863687,0.446119588665713,2.87784871811744,0.00400397101543848,0.0369115213271884,"ENSG00000006453","Significant"
1445.21088578495,0.443113668153486,0.152880398875831,2.8984334905705,0.00375031841462438,0.0355638543878772,"ENSG00000196367","Not Sig"
259.894326480273,1.84622647738557,0.444212820866497,4.15617557769778,3.23619159599651e-05,0.00166998753558203,"ENSG00000266019","Significant"
405.203190904258,-0.233746710767583,0.0653386082334474,-3.57746693857378,0.000346940085296408,0.00786407352219445,"ENSG00000196652","Not Sig"
56.6534047691498,-1.30831975695272,0.425192328229024,-3.07700696859236,0.00209090412726068,0.0244127926525986,"ENSG00000160862","Significant"
64.1242960883233,-0.617838368388445,0.172231771204141,-3.58724969306703,0.000334184277893465,0.00768313210572677,"ENSG00000214309","Not Sig"
133.206669149303,0.702734200587826,0.231035402545689,3.04167323641604,0.00235267141219065,0.0261528835857643,"ENSG00000197093","Not Sig"
26.587334420115,1.07397616038599,0.390877829000136,2.74760060741542,0.00600330876720069,0.0475117990507704,"ENSG00000213420","Significant"
29.5581174777952,1.40857203405419,0.303541773997866,4.64045530044274,3.47642370807069e-06,0.000337263665845883,"ENSG00000066923","Significant"
20.3231635046381,2.36206263755922,0.605206474396925,3.90290378157796,9.50454935604252e-05,0.00334047906546993,"ENSG00000222482","Significant"
29.2557954447624,1.94651449673414,0.498772056583215,3.90261337026081,9.51596420314535e-05,0.00334047906546993,"ENSG00000121716","Significant"
3.34194928591138,2.30277694416173,0.741043885161292,3.10747715523018,0.00188691568464736,0.0229344070846045,"ENSG00000225807","Significant"
253.986246404337,0.660136892069296,0.239684626782389,2.75418954036063,0.00588376825029073,0.0469018460640878,"ENSG00000077454","Not Sig"
220.101644239872,-0.614798255511557,0.158064192050925,-3.88954795855016,0.000100431120759975,0.00345283746231363,"ENSG00000172336","Not Sig"
180.410694929555,-0.489279015930867,0.108722542153022,-4.50025363868174,6.78724268497865e-06,0.000564102328948739,"ENSG00000160993","Not Sig"
48.700911448283,0.761377205406201,0.246090521126457,3.09389082489267,0.0019755016765722,0.0235817703609682,"ENSG00000128606","Not Sig"
8.67699710373364,2.28666097391899,0.665483681478242,3.43608872397836,0.000590177662673451,0.011010734169556,"ENSG00000224415","Significant"
387.536328437401,-0.926472379142539,0.316058833419246,-2.93132885773071,0.00337515279235494,0.0330592155678121,"ENSG00000170629","Not Sig"
205.984159124072,-0.292371724539483,0.102443523695354,-2.85397957814236,0.00431753066558539,0.0386335220035046,"ENSG00000105821","Not Sig"
43.4133772464536,5.27213791024344,0.739345687930352,7.13081579606114,9.97757745442725e-13,1.56583405239214e-09,"ENSG00000243352","Significant"
1895.50897857566,0.28434464553398,0.101430459339271,2.80334573446902,0.00505754208190613,0.0426589203930362,"ENSG00000005483","Not Sig"
1051.92299162552,-0.41548359229083,0.135505563683242,-3.06617367580614,0.00216817334633811,0.025019332485707,"ENSG00000105835","Not Sig"
677.040840381239,0.63276045436792,0.2061724761171,3.06908306232172,0.00214716883528316,0.0248502346312206,"ENSG00000105856","Not Sig"
1.4313753478381,3.23873037807045,1.13442204445777,2.85496072109432,0.00430421518667785,0.0385731128536709,"ENSG00000225647","Significant"
3.51661659658034,2.4183257300714,0.855989027498198,2.82518309509113,0.00472536054642018,0.0409843608640911,"ENSG00000225358","Significant"
226.120828013966,0.728531226293833,0.260663628582897,2.79490940203091,0.00519142615413369,0.0432954230591224,"ENSG00000135272","Not Sig"
21.529825089069,2.21637153502917,0.465527679304691,4.76098765671577,1.92647832091654e-06,0.000222259883444164,"ENSG00000001626","Significant"
210.872095392979,0.463945203025305,0.129645151750319,3.57857734563655,0.000345469633086463,0.00784963934645947,"ENSG00000128534","Not Sig"
3.70127834412513,4.08391052911896,1.32306361232234,3.08670761638633,0.00202386558403451,0.0239067370591511,"ENSG00000128610","Significant"
13.4339046023634,1.80752221973973,0.565421920187542,3.19676714892872,0.00138977066265531,0.0189075428398679,"ENSG00000230316","Significant"
1407.16038934353,-1.69341367169694,0.374351807807537,-4.52358887116036,6.07997728129132e-06,0.00052739811015718,"ENSG00000081803","Significant"
3.63476205630151,-1.85051128540844,0.456390590323387,-4.05466572853138,5.02060452402829e-05,0.00223987806181523,"ENSG00000235631","Significant"
20.5599250401116,2.53352467706333,0.805376763132445,3.14576331605272,0.00165654002870236,0.0211216439471705,"ENSG00000241345","Significant"
59.1559406809044,0.57680815968209,0.182597761186474,3.15890050312849,0.00158365546462233,0.020559778170637,"ENSG00000224897","Not Sig"
356.091775578441,-0.511661400877156,0.179572283878689,-2.84933392740503,0.00438108712773472,0.0389953874826174,"ENSG00000106348","Not Sig"
3.42863228939355,3.01159999672201,1.0084023263604,2.9865063953112,0.00282184935959247,0.0292479095044939,"ENSG00000270810","Significant"
6.05342863602433,-1.08886454650323,0.382856392843552,-2.84405476010474,0.0044543391759105,0.0393631384147454,"ENSG00000135248","Significant"
851.3607674564,-0.21184576007121,0.0683731646859585,-3.09837581811854,0.00194584499834505,0.0233632757474562,"ENSG00000064419","Not Sig"
5.33679807700513,1.77249599496685,0.552500765847138,3.20813310050189,0.00133599653098004,0.0184755636361686,"ENSG00000240685","Significant"
1527.83290178374,-0.567247358097614,0.161317988107602,-3.51633047716445,0.000437555980529525,0.00907741524459346,"ENSG00000158467","Not Sig"
82.1001940010724,1.32469663258665,0.311552623184967,4.25191936772809,2.11946175373786e-05,0.00125935679572322,"ENSG00000273329","Significant"
2.81378312769392,3.15735333799165,1.0339371875079,3.053718713418,0.00226023898201657,0.025605484416654,"ENSG00000158516","Significant"
3036.35591673072,-0.382487006935548,0.0723271676881734,-5.28828957584206,1.23465412324339e-07,2.76801154235381e-05,"ENSG00000128585","Not Sig"
995.702097664065,-0.442981769686707,0.0772059326970203,-5.73766489455031,9.59908056959048e-09,4.00783804020066e-06,"ENSG00000205060","Not Sig"
16.4876907967356,2.25730678267763,0.587966905459267,3.83917319447499,0.000123449328082774,0.00396807786014498,"ENSG00000272941","Significant"
648.118377402444,0.290105996580495,0.099344597608268,2.92019902002553,0.00349807912037841,0.0339117924609649,"ENSG00000080802","Not Sig"
452.208289650619,0.836944622312542,0.294859140936744,2.83845574416868,0.00453324052429198,0.0398492006417087,"ENSG00000182158","Not Sig"
2.692205556814,-1.90880478135334,0.669419746960582,-2.85143184081442,0.00435228160368367,0.0388533250222171,"ENSG00000228360","Significant"
1.42851183202461,-2.25896037738782,0.731155616021272,-3.08957536246578,0.00200442847053945,0.0237865228681123,"ENSG00000188883","Significant"
124.060553406409,0.700744579422738,0.1672806154542,4.18903635379437,2.80141523633151e-05,0.00153777006520079,"ENSG00000059378","Not Sig"
2219.09298962564,-0.406468086949476,0.14947331078222,-2.71933554440159,0.00654132137886852,0.0498623733276998,"ENSG00000157764","Not Sig"
2430.46988673947,-1.06860844929889,0.286670383804166,-3.72765555729292,0.000193269270629218,0.00546210897364079,"ENSG00000261115","Significant"
2647.46355633408,0.50963627857293,0.154196420608789,3.30511095238668,0.000949388082477471,0.0149969927197783,"ENSG00000257093","Not Sig"
44.1218615106519,1.25903920165564,0.315333785380389,3.99271901720537,6.5319953539989e-05,0.00266726763888705,"ENSG00000270157","Significant"
16.5646374512879,0.687111760080549,0.243302328353297,2.82410680050213,0.00474125831770257,0.0410288779299341,"ENSG00000228775","Not Sig"
20.6666492147142,2.41602846185427,0.698316895487901,3.45978806680058,0.00054060069086636,0.0103388428900528,"ENSG00000127412","Significant"
48.8266758047873,1.76036542059098,0.646420516852368,2.72325115725406,0.00646428936311156,0.0496004532408551,"ENSG00000197993","Significant"
7.66836791284124,5.75246382591485,1.17922538926015,4.87817161867925,1.07073743532689e-06,0.000143548764005458,"ENSG00000179468","Significant"
2.17179155357184,3.90300464189116,1.2772995106409,3.05566909669666,0.00224558937183348,0.0255096195418992,"ENSG00000239293","Significant"
4.4959092542121,4.95715322374874,1.23739943344211,4.00610594265369,6.1727970893307e-05,0.00258125475777827,"ENSG00000179420","Significant"
19.223560386243,2.44258130498089,0.577842377015944,4.22707195272647,2.36751977893429e-05,0.00138212385519011,"ENSG00000231840","Significant"
4.23830271900215,2.26306741630478,0.62552310842461,3.61787979664628,0.000297026279359749,0.00713906676309796,"ENSG00000240322","Significant"
481.955481742421,-0.598882069315198,0.143057293268089,-4.1863092445968,2.83526999756518e-05,0.00154371771969472,"ENSG00000159840","Not Sig"
908.197342157894,-0.520214530716167,0.187586599533835,-2.7731966569517,0.00555085646745688,0.0451805877381884,"ENSG00000198420","Not Sig"
1030.44748594223,-0.308876372996706,0.0609599225473285,-5.06687607348744,4.04397368086698e-07,6.91597268152885e-05,"ENSG00000055130","Not Sig"
17.5967190513607,5.34184949963582,0.996283391948821,5.36177712366225,8.2407177564479e-08,2.05798505037512e-05,"ENSG00000252310","Significant"
23.4134290569054,4.0729199334489,0.790946217679536,5.1494271575101,2.61283220556835e-07,4.97912502945414e-05,"ENSG00000252316","Significant"
16.908343004201,3.40325517924191,0.649842854145529,5.23704332136853,1.63169403513756e-07,3.37260340835289e-05,"ENSG00000202354","Significant"
2983.14558194139,4.95202805013173,0.659353156997674,7.51043351741955,5.89318779815242e-14,2.24606224667012e-10,"ENSG00000201098","Significant"
400.083826569662,-0.238910426632274,0.0746840728119407,-3.19894748153152,0.00137930292958428,0.0188132004605078,"ENSG00000181220","Not Sig"
71.6141805365897,0.492243152241724,0.160711864315465,3.06289242762742,0.00219208844901497,0.0251863599187211,"ENSG00000181444","Not Sig"
11.5850670789976,1.91260193202572,0.443791993906706,4.30968101787746,1.63490189903287e-05,0.00105867834379364,"ENSG00000242258","Significant"
166.355602876687,1.14936549820155,0.301945699713752,3.80653044335841,0.000140929951949476,0.0043466707376417,"ENSG00000002933","Significant"
49.5356800321728,0.972334930888202,0.295743990422002,3.28775888058034,0.00100988292021188,0.0155199691407447,"ENSG00000213199","Not Sig"
558.609390441712,-0.767819026415152,0.265002943561161,-2.89739810470424,0.00376271945594521,0.0356054724713516,"ENSG00000164885","Not Sig"
771.192360990629,-0.30772739256068,0.0648068319254767,-4.74837888873421,2.05053620464901e-06,0.000228896466124816,"ENSG00000033050","Not Sig"
4140.50078122163,0.455999264601951,0.153042574136028,2.9795582515271,0.0028866433873886,0.0297002541196068,"ENSG00000055609","Not Sig"
127.666169833876,-1.264705244014,0.422707859161693,-2.9919132483653,0.00277235032600783,0.0289278489582494,"ENSG00000220575","Significant"
62.3059025140493,0.689317681814657,0.215378581723003,3.20049317949909,0.00137192616369248,0.0187796911858141,"ENSG00000273117","Not Sig"
7.3715865192756,1.62574284201797,0.498241389977486,3.26296224023345,0.00110254208886859,0.0163598972285593,"ENSG00000146910","Significant"
35.547923777365,0.96563078030026,0.282287674262367,3.42073306184376,0.000624525986776804,0.0113987873092012,"ENSG00000105982","Not Sig"
1379.19540187449,-0.334263539590662,0.115265429340935,-2.89994616340663,0.00373226757893793,0.0354810643868365,"ENSG00000105983","Not Sig"
1215.85541145308,-0.167685849411191,0.0590008118361683,-2.8420939338397,0.00448182842917898,0.0395405756157626,"ENSG00000105993","Not Sig"
179.107573491751,0.39834637176972,0.138194985950213,2.88249511391991,0.00394539254802758,0.0365610030527363,"ENSG00000146918","Not Sig"
304.389127074138,-1.02211542490057,0.335288246901179,-3.0484678015028,0.00230011560248457,0.0259482300511953,"ENSG00000182378","Significant"
418.84891710967,-0.601337327834902,0.155956567255184,-3.85579997314869,0.000115351782701973,0.0038131026172446,"ENSG00000169093","Not Sig"
702.037296323234,-0.562462147133142,0.200852124805237,-2.8003793720308,0.00510425804779372,0.0428632359008777,"ENSG00000214717","Not Sig"
463.784439404001,-0.611150562276397,0.167842943989933,-3.64120497262639,0.000271364974736622,0.00673510159118442,"ENSG00000146950","Not Sig"
271.829975961894,-0.567116091897019,0.19023509749721,-2.98113281596387,0.00287184210719932,0.0295936174499693,"ENSG00000101911","Not Sig"
282.80223829353,0.846669522896142,0.215821566153591,3.92300703764517,8.74505957904851e-05,0.00317427815659096,"ENSG00000046651","Not Sig"
7.23787029970229,1.37059827666282,0.443394656185382,3.09114748575088,0.00199384572328475,0.0237075433454733,"ENSG00000147003","Significant"
1033.60509351665,-0.468556732119374,0.103121785657335,-4.54372205768767,5.52695238457795e-06,0.000489878945741379,"ENSG00000102054","Not Sig"
996.678855977761,-0.493242174424396,0.179984378242948,-2.74047214119108,0.00613509827808983,0.0481037097927326,"ENSG00000131828","Not Sig"
80.2878386513703,1.28269688063671,0.455822989686477,2.81402410510047,0.00489255594935833,0.0418226530512435,"ENSG00000102174","Significant"
265.112587728144,-0.426076536702271,0.150667791423332,-2.82792050429093,0.00468514392026765,0.0407547944730423,"ENSG00000123130","Not Sig"
149.564209182404,-0.904578054082235,0.330144527656319,-2.7399456247353,0.00614493496489446,0.0481470543108427,"ENSG00000004848","Not Sig"
20.1759100327591,1.98210076686489,0.58392706075962,3.39443211329581,0.000687710877980563,0.0120747784829149,"ENSG00000237994","Significant"
23.8434585224541,1.01123815528055,0.348366429330754,2.90280024175474,0.00369842457889939,0.0352645708865107,"ENSG00000120280","Significant"
153.208671069087,-1.1615316266738,0.288649050311345,-4.02402718949167,5.72113077395844e-05,0.00246050467286402,"ENSG00000147036","Significant"
739.246441416686,1.07686535535124,0.26202655247571,4.10975660739979,3.96076362957813e-05,0.00191777155850299,"ENSG00000165168","Significant"
1.06222277356581,-2.12953297734222,0.759821121325596,-2.80267673215901,0.00506804402504873,0.042706995118217,"ENSG00000234191","Significant"
4.11518490518383,2.46166072484875,0.743009815836561,3.31309314141045,0.000922702462277154,0.0146354215167017,"ENSG00000264618","Significant"
417.581383224151,0.471147026891172,0.166790817465729,2.82477797069363,0.00473133890092541,0.0409937874059816,"ENSG00000183337","Not Sig"
2.720304034904,2.66734584621024,0.807423688879412,3.30352686321618,0.000954768214037777,0.0150634306223027,"ENSG00000264573","Significant"
1362.0113316661,0.424613781641754,0.151232643008974,2.80768604709604,0.00498988473217494,0.0422847193276853,"ENSG00000147044","Not Sig"
1052.03276107648,-0.908943238436016,0.211657076237774,-4.29441460022304,1.75154885893198e-05,0.00111260885732015,"ENSG00000189221","Not Sig"
573.630662222804,0.775690793039285,0.239405225509532,3.24007461152264,0.00119498426655279,0.0172143548851847,"ENSG00000147050","Not Sig"
6.52560093331881,1.71243350071566,0.51432966094095,3.32944729958373,0.000870185303203368,0.0141093520823554,"ENSG00000269902","Significant"
2.81782081786615,3.11114083827298,0.998270462909321,3.11653099422174,0.00182992443316144,0.0225499094467963,"ENSG00000233585","Significant"
1175.17938220451,-0.332216863816259,0.116604627771941,-2.8490881551118,0.0043844730027013,0.0389953874826174,"ENSG00000068400","Not Sig"
983.792633701615,-0.367749652440255,0.114044543819179,-3.22461417376823,0.00126142545963212,0.0178155478229356,"ENSG00000068323","Not Sig"
28.7906054231088,-0.525903509101365,0.167689419532391,-3.13617585753393,0.00171166532720734,0.0215054007685329,"ENSG00000234390","Not Sig"
922.179353832059,0.463136445058143,0.11235000636286,4.12226452006008,3.75166041005888e-05,0.00185010255230981,"ENSG00000184083","Not Sig"
5.33546766044424,1.17335489078008,0.431442969985307,2.71960600220241,0.00653597422674848,0.0498623733276998,"ENSG00000158571","Significant"
9.90465190981751,0.866590756556769,0.289894889201557,2.98932747294571,0.00279592296089374,0.0290468959009673,"ENSG00000227486","Not Sig"
156.368936343804,0.614006883131895,0.150645024696167,4.07585238457277,4.58460967361068e-05,0.00211980591823673,"ENSG00000235437","Not Sig"
112.991224925587,0.86193438210833,0.151384327746384,5.69368305781521,1.24327781308488e-08,5.04327995237634e-06,"ENSG00000186767","Not Sig"
1.98040373507538,3.08363962915554,1.01681521667414,3.03264504561772,0.00242420563860096,0.0265655413865272,"ENSG00000231729","Significant"
395.205708127408,0.694579938062455,0.237517828142373,2.92432759045822,0.00345201247901805,0.0336240383087706,"ENSG00000001497","Not Sig"
205.182975127882,-1.02056958483024,0.338668756997117,-3.01347426872011,0.00258274942205294,0.0276394592181911,"ENSG00000155659","Significant"
27.025192573263,1.11119010751303,0.37213756711293,2.98596595913097,0.00282684108710777,0.029270807675537,"ENSG00000131080","Significant"
15.1558976326845,0.949616623009297,0.273186036943651,3.47608037963217,0.000508799765843513,0.0099810801124552,"ENSG00000260118","Not Sig"
1.87525671003296,3.08349256709406,1.11442677002389,2.7668866632017,0.00565944266270047,0.0456295771526703,"ENSG00000186912","Significant"
812.919160641084,-0.257382467317632,0.0820745097189811,-3.13596106999477,0.00171291939852065,0.0215054007685329,"ENSG00000147164","Not Sig"
1597.96536310576,-0.262539246644626,0.0929254819128128,-2.82526645265024,0.00472413130108285,0.0409843608640911,"ENSG00000147140","Not Sig"
441.685297854375,-1.02579335346396,0.27300542141992,-3.75741019401277,0.000171680949681987,0.00505549233616527,"ENSG00000067177","Significant"
42.0280072932925,-0.863194461243101,0.283552495509392,-3.04421394596582,0.00233289170168037,0.0260877091525581,"ENSG00000186288","Not Sig"
5.36392245944955,5.2028037415312,1.25023340093488,4.1614659611883,3.16211136144765e-05,0.0016380964856711,"ENSG00000270641","Significant"
5583.85049218888,14.1320387775019,1.63954194158582,8.61950427680607,6.72445898629479e-18,1.79401841295359e-13,"ENSG00000229807","Significant"
260.056733483465,0.824723281145722,0.20990226496559,3.92908233401351,8.52706425475414e-05,0.00314434691116197,"ENSG00000225470","Not Sig"
258.362309573224,1.02057345491767,0.370555176580665,2.75417405940759,0.00588404658257438,0.0469018460640878,"ENSG00000230590","Significant"
4.94440612562046,2.01135843933749,0.558781775159271,3.59954194777413,0.000318778208815174,0.00750634054102384,"ENSG00000233984","Significant"
4.26077493507266,2.2333791281175,0.728554478329304,3.06549365153723,0.00217310990899048,0.0250654557985115,"ENSG00000234969","Significant"
2.62051752340933,4.1417955986193,1.0293511619869,4.02369546134734,5.72919925071781e-05,0.00246050467286402,"ENSG00000230986","Significant"
228.00066091939,1.15298501096472,0.345699662034136,3.33522168977669,0.000852314218466766,0.0138990776494345,"ENSG00000271533","Significant"
473.521314277119,0.576325315402771,0.18077449918856,3.18808968073326,0.00143216110734594,0.0193107725697298,"ENSG00000147100","Not Sig"
8.33221147608947,1.32713536218966,0.397899443941045,3.33535364876331,0.000851909827082409,0.0138990776494345,"ENSG00000235447","Significant"
4820.84592981656,-0.96868633599829,0.209291501319923,-4.6284074120982,3.68488543429918e-06,0.000352605661092423,"ENSG00000102144","Not Sig"
6.71293150655624,1.18050634226453,0.409162468306191,2.88517748744519,0.00391193048796543,0.0363834045177466,"ENSG00000182489","Significant"
26.5232348740437,0.669343403320849,0.199106498555145,3.36173559465949,0.000774542509526727,0.0130674234309488,"ENSG00000102384","Not Sig"
1183.51526879025,-0.344336239772327,0.0823418222183039,-4.18179037694145,2.8922256644183e-05,0.00155210704689594,"ENSG00000126945","Not Sig"
346.354017972383,1.00139101670502,0.277211969442412,3.61236572403144,0.000303416229156684,0.00722605353414652,"ENSG00000166432","Significant"
889.858919266068,-0.511556995235579,0.182972799619872,-2.79580897433031,0.00517699900469582,0.0432021133707475,"ENSG00000184905","Not Sig"
459.262069022271,-0.930691237412047,0.252041062909066,-3.69261749125312,0.000221957741417673,0.00599960545418652,"ENSG00000204071","Not Sig"
4.39218887108734,2.23613228620351,0.699345138182865,3.19746597797725,0.00138640764789623,0.0188810462675976,"ENSG00000232282","Significant"
445.106404226633,-0.585548325079827,0.175289166989634,-3.34047069271802,0.000836365075220162,0.0137397683754918,"ENSG00000204065","Not Sig"
959.662940153047,-0.246348677975919,0.0884850831227599,-2.7840701424685,0.00536814238237055,0.044229978572966,"ENSG00000133142","Not Sig"
363.715232902336,-0.540562091898658,0.197021401304133,-2.74367194792315,0.00607562199851811,0.0478569587536063,"ENSG00000172465","Not Sig"
213.21719826132,0.813175417254167,0.250011994295562,3.25254562104264,0.00114376233638536,0.0167398345023587,"ENSG00000147231","Not Sig"
100.537263781211,0.778395323149048,0.188057817260999,4.13912771341348,3.48628842546435e-05,0.00175823608512218,"ENSG00000133138","Not Sig"
202.819068990714,0.371580553740835,0.136494314258748,2.7223152536335,0.00648262684564915,0.0496366032808367,"ENSG00000089682","Not Sig"
266.245544484092,0.626202196657886,0.206100251228031,3.03833786192261,0.00237887079469712,0.0263498063642254,"ENSG00000147234","Not Sig"
1486.32740849501,-0.654974829395293,0.165628548181412,-3.95448029090918,7.67011939298999e-05,0.00296997264565428,"ENSG00000157514","Not Sig"
29.7733696453724,2.05257635787397,0.504569426805322,4.06797607788059,4.74232485105384e-05,0.00214805576742386,"ENSG00000197565","Significant"
1542.66104766742,1.53733521199574,0.534130322550625,2.87820246687087,0.00399948358633564,0.0368828975457479,"ENSG00000188153","Significant"
2.0804641275831,2.76932306031543,0.982207698278466,2.81948824588656,0.00481002925866637,0.0413897332201455,"ENSG00000260802","Significant"
21.1353782228032,4.02650764706943,0.80676665915814,4.99091974285487,6.00924640787579e-07,9.37547865004199e-05,"ENSG00000271907","Significant"
24.4834432547353,1.00500990836469,0.308166157514737,3.26125982317388,0.00110918353639071,0.0164152882680811,"ENSG00000203650","Significant"
1.40989050394692,-1.9539436866713,0.692849603753443,-2.8201555952201,0.00480003686078734,0.0413364052320676,"ENSG00000237903","Significant"
1398.13050128158,-0.519899427914108,0.148320845916049,-3.5052350511025,0.000456204321173067,0.00927133200249319,"ENSG00000005022","Not Sig"
491.957390513551,0.330349220343748,0.109433845274879,3.01871161991949,0.0025385204199501,0.0273669584905239,"ENSG00000077721","Not Sig"
169.950792390082,1.83458903042227,0.343415276204679,5.3421881830581,9.18312483055674e-08,2.20717646265246e-05,"ENSG00000125355","Significant"
6.49903493273468,-1.26535901848289,0.351718368156472,-3.59764838303799,0.000321107311980255,0.00754786077208918,"ENSG00000234592","Significant"
374.73168988292,0.409146060609527,0.126147797651267,3.24338647386142,0.00118117871928107,0.0170800363423846,"ENSG00000123728","Not Sig"
220.172471521861,1.14915427485737,0.207676335833784,5.53339055335175,3.14099006443526e-08,1.02193260889108e-05,"ENSG00000076770","Significant"
18.2149734353694,1.09576687961743,0.331285461729667,3.30762139061686,0.000940919228159201,0.014906641382458,"ENSG00000147257","Significant"
3.27501508637641,2.19606860972012,0.807379970836268,2.71999391741844,0.00652831171697217,0.0498337133897283,"ENSG00000165370","Significant"
5.7247779044324,1.34380467552806,0.439299938012351,3.05896850704831,0.00222100496543842,0.0253873999455577,"ENSG00000226574","Significant"
9.83876043910418,1.87401373563719,0.640925821932709,2.9239167334312,0.00345657195991801,0.0336561617951286,"ENSG00000225660","Significant"
14.5393650692361,0.924579077087726,0.330667227090983,2.79610134098148,0.00517231789723389,0.0432021133707475,"ENSG00000241489","Not Sig"
34.5014610524971,1.12711087922824,0.401400361944042,2.80794684331992,0.0049858455936905,0.0422847193276853,"ENSG00000241769","Significant"
80.7591015582918,1.53743921883136,0.502759798361761,3.0579995135671,0.00222819937761468,0.0254043295706761,"ENSG00000235703","Significant"
3030.030540072,-0.555715733544747,0.127546066023735,-4.35698058645991,1.31868959169986e-05,0.000900448276112151,"ENSG00000102181","Not Sig"
1.49455223196992,-2.21811420528319,0.783411585491925,-2.83135231385476,0.00463516336912262,0.0404386931081826,"ENSG00000147378","Significant"
225.423716649823,3.03055771614185,0.476071074636988,6.36576737717725,1.94315747752601e-10,1.57095449523989e-07,"ENSG00000147402","Significant"
2.2913136040056,-5.00628323362078,0.944196396602932,-5.30216303687727,1.14438566910588e-07,2.60949275778426e-05,"ENSG00000257088","Significant"
45.4923984393023,-0.573186501250748,0.204442014176205,-2.80366295333369,0.00505256928552784,0.0426304541330162,"ENSG00000189420","Not Sig"
12.3288532934656,1.23331074044763,0.420140518887591,2.93547202662833,0.0033304063823657,0.0328108980336538,"ENSG00000213397","Significant"
587.387220831374,-0.34122825131579,0.118155856352355,-2.88795038900319,0.00387761026207473,0.0362349436714157,"ENSG00000067829","Not Sig"
434.503098131549,0.454392121034515,0.151827209386988,2.99282403245868,0.00276409069634254,0.028893150911572,"ENSG00000071859","Not Sig"
381.983961322285,0.717801905396223,0.244498791631311,2.93580962346278,0.00332678423319674,0.0327994370131027,"ENSG00000130827","Not Sig"
526.684041212281,-0.825803589016958,0.114104770022153,-7.23723985295825,4.57907930034178e-13,1.01804380544849e-09,"ENSG00000130830","Not Sig"
72.9903908580494,-0.891733435211244,0.314817133775065,-2.83254416466539,0.00461791864361845,0.0403674480645795,"ENSG00000197932","Not Sig"
25.5156613143381,1.31008315053358,0.440164107050596,2.97635161420145,0.00291700206310607,0.0298767028552474,"ENSG00000253764","Significant"
4134.33017143345,-0.470035885433682,0.124030805649266,-3.78967050139825,0.000150847243385027,0.00455792520056909,"ENSG00000176595","Not Sig"
5.44150519601544,-2.08465222624267,0.61016790472248,-3.41652225577291,0.000634264791405738,0.0115505463275861,"ENSG00000253444","Significant"
19.3742988954344,-0.834437554154334,0.185121661941727,-4.50750898302219,6.55931545305735e-06,0.000556351641072925,"ENSG00000271927","Not Sig"
305.601651569344,-0.766360599958352,0.246256080092901,-3.11204742505948,0.0018579464912534,0.0226960414103248,"ENSG00000182319","Not Sig"
12.9539798286414,1.31940092400272,0.418987047752406,3.14902556315392,0.00163815864772146,0.0210117473858466,"ENSG00000260093","Significant"
26.5008440269793,-1.46898514878446,0.451788516818471,-3.25148845997495,0.00114802435982593,0.0167841281220104,"ENSG00000255495","Significant"
5.87510270798709,-1.2158511069298,0.386097975919179,-3.14907402463127,0.00163788700821971,0.0210117473858466,"ENSG00000270154","Significant"
5.15903574963827,3.24633716029639,1.03802015248888,3.12743172905902,0.00176340769459965,0.0219430755057015,"ENSG00000255069","Significant"
2.88553828659607,4.35832230852213,1.181986812743,3.68728505388981,0.000226659408298525,0.00608354763983536,"ENSG00000254491","Significant"
7.54143870572886,3.59876848983436,0.91721269090532,3.92359212374422,8.72383843059592e-05,0.00317427815659096,"ENSG00000265520","Significant"
11.9177750476527,1.81692244420745,0.408978311104457,4.44258875073547,8.88829516472256e-06,0.000683976924834751,"ENSG00000253944","Significant"
306.682301952831,-1.9316635070816,0.256584718268037,-7.52836536844615,5.13794559592502e-14,2.24606224667012e-10,"ENSG00000175445","Significant"
4754.87382997865,-0.725899002421408,0.24433292698065,-2.97094219510944,0.00296887655802005,0.0302430919020302,"ENSG00000147416","Not Sig"
906.005532098434,-1.17047743846036,0.355549926154553,-3.29201991720164,0.000994705668659444,0.0153931279200495,"ENSG00000061337","Significant"
2.10931658530691,3.8856384756819,1.17749640589703,3.29991535959022,0.000967139923376348,0.0151689159410685,"ENSG00000253300","Significant"
462.936463678706,-0.78726013721247,0.196043206051184,-4.01574812547663,5.92575166142277e-05,0.00250616388931446,"ENSG00000104635","Not Sig"
274.459002498886,-0.371581900686682,0.108237837617197,-3.43301297279098,0.000596913536710848,0.0110667520819379,"ENSG00000120910","Not Sig"
82.1998193418345,-0.420321414865139,0.13954052861354,-3.01218161520103,0.00259377365099829,0.0277463060284617,"ENSG00000120913","Not Sig"
1405.83859184622,-0.204513465088189,0.0660058108410044,-3.09841607098538,0.00194558068998832,0.0233632757474562,"ENSG00000158941","Not Sig"
54.479108817072,-0.902777106343871,0.314611267564631,-2.86950023542438,0.0041112102647743,0.0374856386377012,"ENSG00000134020","Not Sig"
556.861337266425,-0.297296559670289,0.0938265696220508,-3.1685753925338,0.00153188012484407,0.0201237652162893,"ENSG00000147457","Not Sig"
1154.25125002051,-0.453724416901701,0.128941940037845,-3.51882728589729,0.000433458797398912,0.00901344291177364,"ENSG00000197217","Not Sig"
1.26478448820321,3.27879570971819,1.03603818868827,3.16474406592047,0.00155219419272386,0.0202696959704748,"ENSG00000253390","Significant"
279.471425198316,0.971696291069596,0.315841158700948,3.07653472101665,0.00209421911088314,0.0244408012507661,"ENSG00000042980","Not Sig"
2514.2907082339,-0.926019611595205,0.29212363847597,-3.16995781795105,0.00152461068859148,0.02008426660499,"ENSG00000104722","Not Sig"
188.625548016341,-0.404370848058012,0.10932207002059,-3.6988949073307,0.000216540231898917,0.00588297031245541,"ENSG00000104756","Not Sig"
913.289208094054,0.45859450311213,0.14387019418883,3.18755740685402,0.00143479973103104,0.0193230802746981,"ENSG00000221914","Not Sig"
7274.69472135112,-0.948631675661361,0.295533739847875,-3.2098929758398,0.00132784402173715,0.0184028834576236,"ENSG00000240694","Not Sig"
3.64463602325433,2.66991436738846,0.901810366010476,2.96061618719234,0.00307024291074093,0.0309954813465265,"ENSG00000253208","Significant"
460.442377025392,1.27196158077808,0.402921721213754,3.15684539653618,0.00159485881010978,0.0206845221361214,"ENSG00000120907","Significant"
2902.55696797146,-0.830414881670139,0.300379779270868,-2.76454987644595,0.00570013921869466,0.0458270808248004,"ENSG00000120899","Not Sig"
68.0324769252509,-1.83697925084958,0.645653436826884,-2.84514748326528,0.0044390864322126,0.0392543543006297,"ENSG00000120903","Significant"
736.069999208936,-0.299869367253954,0.0988982709230858,-3.0320991909673,0.00242859384750569,0.0265869738439083,"ENSG00000134014","Not Sig"
15.3396889446992,0.846669351873351,0.301080416147036,2.81210369876687,0.00492186327557299,0.0419790250412442,"ENSG00000246339","Not Sig"
82.2978163697767,0.980934301659979,0.212665023818451,4.61257937035,3.97702603061167e-06,0.000373602385460172,"ENSG00000259366","Not Sig"
241.611837835379,0.725422958829963,0.198370448396905,3.65691041529794,0.000255273545444909,0.00650472103049162,"ENSG00000172733","Not Sig"
17.0237532363524,-0.808513794135097,0.268256715791241,-3.01395546333418,0.00257865657073944,0.0276289070886576,"ENSG00000272327","Not Sig"
367.551809141739,-0.409104472746303,0.142694890249422,-2.86698754265983,0.0041439932394747,0.0376558568242321,"ENSG00000172728","Not Sig"
312.382260373393,-0.340793405206591,0.0957079623828294,-3.56076335470842,0.000369778231579982,0.00820025785177925,"ENSG00000198042","Not Sig"
87.8905565368543,1.73267263015648,0.528447124023203,3.27880037829556,0.00104249351158352,0.0158476834162602,"ENSG00000239039","Significant"
664.14617575286,-0.593211893355579,0.179872223732884,-3.29796274847036,0.000973890538080079,0.015217084073584,"ENSG00000133878","Not Sig"
22.2723402693161,-1.10873936944634,0.356746462158081,-3.10791973307653,0.00188409231726144,0.0229105282279936,"ENSG00000253161","Significant"
19.1422633626169,-0.563276139005737,0.180357582833051,-3.12310760744191,0.0017895230777281,0.0221852630997714,"ENSG00000233170","Not Sig"
38.7295703631085,0.719709651282216,0.240180435309085,2.99653737556114,0.00273064761860855,0.0287380464760779,"ENSG00000187840","Not Sig"
133.165915717253,-0.528732644117401,0.120632155134624,-4.38301581802416,1.17047610817339e-05,0.000815329819581144,"ENSG00000147535","Not Sig"
5273.43683818016,-0.234806351154622,0.0638490110470036,-3.67752526318325,0.000235507757013636,0.00619040009605849,"ENSG00000147526","Not Sig"
285.179544704343,-1.0162596919665,0.341892807265123,-2.97245121971353,0.00295432151557345,0.030175476153899,"ENSG00000165061","Significant"
448.282468675596,-1.29749033228129,0.332336041989907,-3.90415172700618,9.45564487087247e-05,0.00333686705701067,"ENSG00000029534","Significant"
2.04965335501065,3.29561065189243,1.17249051119006,2.81077810049605,0.00494218576951332,0.0420716573531735,"ENSG00000253408","Significant"
380.120312666205,0.648454248145838,0.194624282538271,3.33182601723053,0.000862781768347598,0.014034898863066,"ENSG00000104365","Not Sig"
7.87983672460444,2.28285067690013,0.732654335568858,3.11586319233018,0.00183407339526388,0.0225594112264706,"ENSG00000254165","Significant"
141.70227229255,-0.581792877766432,0.212746612248002,-2.73467516882585,0.00624418618434743,0.0485808956480966,"ENSG00000255366","Not Sig"
548.336105386558,-0.324013196836233,0.108369617526927,-2.98988964093856,0.0027907825664585,0.0290274027643455,"ENSG00000104738","Not Sig"
25.2986701786347,-0.62411505909935,0.219861145678686,-2.83867828111592,0.00453008052923883,0.0398345479365731,"ENSG00000019549","Not Sig"
11.3467227793602,3.74627582505039,0.891696600681283,4.20128979093127,2.65398606951942e-05,0.00149018503557784,"ENSG00000240534","Significant"
75.6797395853762,1.98391066549367,0.353710906718004,5.60884786930063,2.03677960328917e-08,7.54711708835442e-06,"ENSG00000237807","Significant"
236.444212168904,-0.981773882236901,0.262354811666605,-3.74216076312913,0.000182444732857299,0.00525641795669532,"ENSG00000147509","Not Sig"
334.504126454824,0.27062917374927,0.0899495409117618,3.00867765422783,0.00262387345901115,0.0279200279484002,"ENSG00000035681","Not Sig"
367.909199939423,-0.918959583155641,0.303253980983724,-3.03032982510117,0.00244286807320387,0.0266550272199644,"ENSG00000198846","Not Sig"
42.7356225554146,-0.66779162944089,0.228621411430758,-2.9209496401134,0.00348966230728481,0.0338671155678616,"ENSG00000251396","Not Sig"
5.0575137603233,1.44887021395694,0.519677711465982,2.78801684580575,0.00530317860965465,0.0439117014670938,"ENSG00000254802","Significant"
329.265801134757,-0.783706655333721,0.264033289215266,-2.96821153750338,0.00299538108199577,0.0304898023222301,"ENSG00000177182","Not Sig"
2634.07864346612,-0.449195495106017,0.126553010610458,-3.54946510509087,0.000386014622048516,0.00838638770491234,"ENSG00000198363","Not Sig"
337.138381505003,0.96502461955262,0.219362385871672,4.3992255815323,1.08637855249809e-05,0.000770837590481294,"ENSG00000185942","Not Sig"
11.8069061055154,-1.34656708074495,0.482937015268137,-2.78828716410835,0.00529875519019778,0.0438886959699741,"ENSG00000253554","Significant"
230.585819169278,1.39755406293822,0.4544111811669,3.07552745368058,0.0021013058245408,0.0244763199934506,"ENSG00000180828","Significant"
5.23869959743175,2.05646972745796,0.745302945548791,2.75924003754435,0.00579359620884886,0.0464022099695647,"ENSG00000254330","Significant"
22.8782215725778,1.60220255549555,0.575621691967538,2.7834297731537,0.00537875052536443,0.0442895560775547,"ENSG00000254081","Significant"
25.4170129766807,4.07551803472317,0.853370835349704,4.7757878121685,1.79005066487014e-06,0.000212252274169202,"ENSG00000253190","Significant"
194.19505434662,1.11426020551287,0.262433211080886,4.24588107931753,2.17736098229099e-05,0.00128850726831045,"ENSG00000165084","Significant"
3.69163630267355,-1.96683963514919,0.566307727656345,-3.47309340681067,0.000514496262952351,0.0100338054088492,"ENSG00000104321","Significant"
3.48881612800536,2.03692933083505,0.640210827176236,3.18165398704563,0.00146436653634528,0.0195753712487419,"ENSG00000104432","Significant"
9.71081880377677,1.30389931556147,0.366703177110011,3.55573498391126,0.000376923880798314,0.00825611840379164,"ENSG00000272518","Significant"
2.57218354660803,2.67289741467195,0.859153252592664,3.11108339124126,0.00186402291129781,0.0227494360706835,"ENSG00000243424","Significant"
10.0399018690605,2.83513212976537,0.571868266894677,4.95766646602114,7.13449058022441e-07,0.000106335795636764,"ENSG00000253516","Significant"
1.66948898387066,-1.8686738547377,0.680228406738521,-2.74712704765947,0.00601198409241042,0.0475240662522719,"ENSG00000170323","Significant"
331.380513239371,0.682036895455642,0.239709636009847,2.84526273873957,0.00443748040466315,0.0392543543006297,"ENSG00000133739","Not Sig"
6.62078377188256,1.59390755672688,0.539107815789234,2.95656547734049,0.00311086173084207,0.0312833321210462,"ENSG00000250569","Significant"
430.002899553937,-0.381008252612294,0.0890984322589882,-4.27626214011031,1.90057416366415e-05,0.00118017880543637,"ENSG00000104325","Not Sig"
9.44231574256758,1.07904318066937,0.348973539092974,3.09204870797351,0.00198780229524078,0.0237070082408265,"ENSG00000254180","Significant"
2.41829053012386,4.11643042810922,1.14755841924492,3.5871205849527,0.000334349727304201,0.00768313210572677,"ENSG00000253799","Significant"
7.91476422165242,1.73234220111268,0.440674753782188,3.93111288142665,8.45535581791516e-05,0.00313746811118704,"ENSG00000246792","Significant"
3.37149925938846,4.55717575222787,1.26309073013331,3.60795597933561,0.000308618835835374,0.00731006821117856,"ENSG00000254251","Significant"
20.4061340921055,0.912642373607518,0.316589522321928,2.88273082101399,0.00394244176723265,0.0365590559290927,"ENSG00000271971","Not Sig"
717.772395116152,0.286512831526591,0.081630178295038,3.5098885915824,0.000448294481732815,0.00918670903741307,"ENSG00000183808","Not Sig"
5.71354393417965,-1.38560493046703,0.506183123106403,-2.73735900549922,0.0061934662767879,0.0483603653850638,"ENSG00000104413","Significant"
174.337934807634,1.57344165229745,0.575996177864257,2.73168766176823,0.00630108447433283,0.0488824171825314,"ENSG00000175305","Significant"
10.5127569950309,1.58227958489328,0.377831534735453,4.1877912228823,2.81682453018592e-05,0.00153777006520079,"ENSG00000253878","Significant"
800.121423655214,-0.447852360148232,0.10827888202845,-4.13610070364929,3.5325721257299e-05,0.00177219561675057,"ENSG00000180543","Not Sig"
578.912389448469,1.07391608257117,0.3859182106892,2.78275565346682,0.00538993821374295,0.044327423429238,"ENSG00000132561","Significant"
2.47681570045266,3.56143724817419,1.00024752469693,3.56055592264855,0.000370070484408794,0.00820025785177925,"ENSG00000245970","Significant"
8.72594030650019,1.3037500647395,0.467033729119135,2.79155440699857,0.00524555380544481,0.0436105110549897,"ENSG00000207067","Significant"
459.827672572859,-0.730115930892034,0.165191871704919,-4.4198054259972,9.87898083165118e-06,0.000727262617491064,"ENSG00000132541","Not Sig"
399.329136582403,-0.957436027811649,0.2956742951335,-3.238144280954,0.00120309948942643,0.0172752913231474,"ENSG00000104361","Not Sig"
421.96069046289,-1.3138228895283,0.476048304383676,-2.75985205163007,0.00578275432397086,0.0463576029474815,"ENSG00000156486","Significant"
2592.58013075586,0.421838284485359,0.139149277116254,3.03155210884013,0.00243299921770272,0.0265984133500538,"ENSG00000070756","Not Sig"
252.217752472458,0.487108182993366,0.141817496387101,3.43475378851541,0.000593092424390689,0.0110419489115975,"ENSG00000261087","Not Sig"
1191.49002149484,0.532808656192286,0.103293427872492,5.15820480708606,2.49328809399802e-07,4.82226745851121e-05,"ENSG00000120963","Not Sig"
2484.27964588857,-1.07949116762713,0.328371915289887,-3.28740406034467,0.00101115636291039,0.0155305933253232,"ENSG00000104490","Significant"
24.1444505860092,0.755759781728245,0.275207112018414,2.74614916811335,0.00602993399986561,0.0476236261641251,"ENSG00000246263","Not Sig"
7.69374593843331,-0.964536136539082,0.34805851044028,-2.77118963509607,0.00558518886998539,0.04527719655495,"ENSG00000253669","Not Sig"
252.174555825285,2.08514819637095,0.547141921259954,3.81098233447235,0.000138415659478196,0.00429394346420791,"ENSG00000154188","Significant"
1.4317097596441,2.81327948406689,1.03321605177718,2.72283757034932,0.00647238715202292,0.0496055204908991,"ENSG00000230948","Significant"
144.873746452798,1.23995747466518,0.38258070022287,3.24103509127056,0.00119096522265824,0.0171842948487286,"ENSG00000164841","Significant"
7.47404363107274,2.09239367075354,0.709684813286104,2.94834218174259,0.00319483217778644,0.0319112421082608,"ENSG00000174417","Significant"
11.0700430992711,5.1467053371423,1.1524345731144,4.46594145751248,7.97174082421535e-06,0.000638672893240965,"ENSG00000254241","Significant"
52.0470196490666,2.24830554183729,0.588769211114048,3.81865338641456,0.000134182141765986,0.00418206233665274,"ENSG00000253877","Significant"
1727.20257100103,0.703065412800776,0.231020621297569,3.04330154101344,0.00233997728535683,0.0261208879734089,"ENSG00000104447","Not Sig"
1580.73695073911,-0.754381984517445,0.23074895767283,-3.26927580573107,0.00107823145606014,0.0161607511327126,"ENSG00000177570","Not Sig"
38.4107486099275,-1.52678760009982,0.437063106883647,-3.49328867171184,0.000477110447832191,0.00955155683717265,"ENSG00000164761","Significant"
101.118126532482,2.12122580752276,0.444898338864309,4.7678888011531,1.86166483446785e-06,0.000217268331954424,"ENSG00000244642","Significant"
27.5706138965315,1.34979800615042,0.284133808662678,4.75057161449201,2.02842440582771e-06,0.000228850979101706,"ENSG00000170961","Significant"
30.7694881970291,0.762481628593077,0.189398747506485,4.02580079663393,5.67817439383457e-05,0.00245096689923968,"ENSG00000189376","Not Sig"
329.449755508784,-0.458187121093552,0.149675363581015,-3.06120600031513,0.00220447367735247,0.0252740094873605,"ENSG00000156802","Not Sig"
127.759281763014,-0.362393895040047,0.132244224234291,-2.74033816704168,0.00613759991508159,0.0481037097927326,"ENSG00000156795","Not Sig"
3.02355174112498,-1.46667250510444,0.523725641705069,-2.80045960768593,0.00510298933608457,0.0428632359008777,"ENSG00000175946","Significant"
2.65975442923991,2.61119644500881,0.948739167747859,2.75228064127186,0.0059181779975682,0.0470987944553404,"ENSG00000104537","Significant"
87.8662859563141,0.45307448762853,0.163137528187706,2.77725482702682,0.00548201806825086,0.044796451492459,"ENSG00000271975","Not Sig"
62.9675458009053,0.697852514920623,0.209617039634034,3.32917837280304,0.000871026008457567,0.0141093520823554,"ENSG00000180938","Not Sig"
2.82864041807571,3.63729214557012,1.13957539577828,3.19179596106145,0.00141391174125795,0.0191383822146225,"ENSG00000242170","Significant"
7.21070530424192,2.93935188884285,0.896703043288712,3.27795462594016,0.0010456220189382,0.0158861901157473,"ENSG00000147697","Significant"
513.349079818682,-0.487635233275015,0.126483378295463,-3.85533055684128,0.00011557335796531,0.0038131026172446,"ENSG00000008513","Not Sig"
293.468376133309,-0.369763876641454,0.0966911247010074,-3.82417598083438,0.000131210175207871,0.00411599874023066,"ENSG00000066827","Not Sig"
71.4876440266936,1.26613084515364,0.414362853591736,3.05560895282648,0.00224603981798123,0.0255096195418992,"ENSG00000259891","Significant"
3.14743645849591,4.36181692030732,1.043147946935,4.18139817379051,2.89721994585322e-05,0.00155210704689594,"ENSG00000254324","Significant"
3.10312257785696,-1.91741478349969,0.657562620692825,-2.91594248693676,0.00354615863228601,0.0342344230898004,"ENSG00000204882","Significant"
6.43847334102905,-1.4799932573348,0.534651559674306,-2.76814540340323,0.00563762972536774,0.0455362771550366,"ENSG00000160886","Significant"
316.93781440811,-0.468571543397405,0.097202529211802,-4.82056945633995,1.43149004994661e-06,0.000183609245396758,"ENSG00000130193","Not Sig"
2.75254258112391,-2.59536438449534,0.780181740501382,-3.32661513306813,0.000879076959812328,0.0141709330579052,"ENSG00000167656","Significant"
122.350803301469,0.684131179695237,0.221292672697285,3.09152206151483,0.00199133184311095,0.0237075433454733,"ENSG00000104518","Not Sig"
43.1424706039325,2.89811108271075,0.491069060590055,5.90163648108571,3.59913506154888e-09,1.98672106069848e-06,"ENSG00000181085","Significant"
1127.3977396277,0.837171788742766,0.295466854005276,2.8333864776853,0.00460576639404984,0.0403008335935899,"ENSG00000185189","Not Sig"
878.692124503806,0.264484937132439,0.0781369872004224,3.38488783108609,0.000712073464851207,0.0123308842173598,"ENSG00000197858","Not Sig"
471.418798543434,-1.28580803229349,0.368936213856514,-3.48517706855844,0.00049181147073068,0.00974817104578291,"ENSG00000170616","Significant"
197.729026051871,0.280521318285392,0.0950132857453889,2.95244308292965,0.00315270185514954,0.0315968943627102,"ENSG00000185803","Not Sig"
541.633617882553,-0.260665625472723,0.0689669041595091,-3.77957556090739,0.000157095916323916,0.00470380417244457,"ENSG00000160959","Not Sig"
416.431909087474,-0.525488807296117,0.0900588023689526,-5.83495220315385,5.38059890395215e-09,2.65831478071369e-06,"ENSG00000147799","Not Sig"
1.07510078798825,2.94697830982901,1.06809194074411,2.75910546406325,0.00579598264689185,0.0464022099695647,"ENSG00000244307","Significant"
126.684792782341,-0.29416192099733,0.105655379412868,-2.78416416307436,0.00536658646011668,0.044229978572966,"ENSG00000170631","Not Sig"
513.410069585887,0.861043844036873,0.275929910614084,3.12051651856304,0.00180534172258283,0.0223398477814412,"ENSG00000107099","Not Sig"
47.7640233531457,1.40519718688629,0.499064271018252,2.81566377015778,0.00486765804860256,0.0416998312179694,"ENSG00000173253","Significant"
3662.00663021811,-0.391497884267011,0.140671620476093,-2.78306230455024,0.00538484643083311,0.0442992038014791,"ENSG00000080503","Not Sig"
104.768474357741,1.6791285297926,0.574973003454689,2.92036064250609,0.00349626526475575,0.0339065288980075,"ENSG00000227835","Significant"
12.1406406375792,1.3670516938157,0.406416395184658,3.36367260281065,0.000769127250564072,0.0130227750161057,"ENSG00000237359","Significant"
3.48767725493351,2.29296633471114,0.814964704828535,2.8135774728963,0.00489935788150637,0.0418539765996505,"ENSG00000230225","Significant"
4.05724839957448,2.23230088427927,0.771282872511687,2.89427000629454,0.00380041209339233,0.0357767093294333,"ENSG00000107018","Significant"
92.1080449175001,0.507369663357829,0.154137562506484,3.29166787840236,0.000995951536028271,0.01539558691334,"ENSG00000107020","Not Sig"
3.65066711209625,1.96598929935731,0.706913980011664,2.7810870274837,0.00541772115084732,0.0444850428425068,"ENSG00000214190","Significant"
47.2676169835136,-0.614548997310713,0.211562902710482,-2.9048050931297,0.00367481859733307,0.0351273684551232,"ENSG00000120217","Not Sig"
19.1033044856312,1.03411250750111,0.316293992078534,3.26946617197947,0.00107750620313996,0.0161607511327126,"ENSG00000197646","Significant"
896.067552358115,-0.469840654800066,0.132123316188939,-3.55607676489277,0.00037643412797765,0.00825216606435145,"ENSG00000137040","Not Sig"
487.71835901116,0.745095401923488,0.227903361436295,3.26934801324448,0.00107795630841308,0.0161607511327126,"ENSG00000137033","Not Sig"
730.064231837615,0.645050578462699,0.120362210613999,5.35924502526273,8.35704481298512e-08,2.06442220894102e-05,"ENSG00000107077","Not Sig"
5.6999945491968,1.90630738623331,0.617080973811322,3.08923377504129,0.00200673467260007,0.0237945219245766,"ENSG00000224972","Significant"
469.135387231037,1.77638137235205,0.541656756477594,3.2795333042717,0.00103978936602264,0.0158213095201936,"ENSG00000265735","Significant"
12.3440195318792,3.1300882631739,0.813384006002372,3.84822942186642,0.000118974608202604,0.00387134266090528,"ENSG00000235448","Significant"
16.5732092886459,2.49876537711059,0.789507404841486,3.16496762638,0.00155100207146278,0.0202640471422896,"ENSG00000270547","Significant"
7.32250299574887,1.46600809586255,0.463884995979128,3.16028349390397,0.00157615697042715,0.0205223483719014,"ENSG00000214110","Significant"
19.3815146446367,-0.844163257708248,0.305360268754448,-2.76448295369779,0.00570130859681401,0.0458270808248004,"ENSG00000215237","Not Sig"
131.985329157592,0.656538184859988,0.225737293120072,2.90841701778877,0.00363263570102532,0.0348239625827001,"ENSG00000188921","Not Sig"
10.0083654111093,2.32306192742459,0.73163691329966,3.17515680960882,0.00149755549799312,0.0198574965859634,"ENSG00000261696","Significant"
163.256885720678,2.4001988165239,0.641106581127612,3.74383743230697,0.000181230935787122,0.00524409993043886,"ENSG00000244230","Significant"
14.1560371545891,3.2433918536652,0.677558520296473,4.78688077340687,1.69393394697801e-06,0.000206358282061308,"ENSG00000231459","Significant"
7.26010081357475,2.88989874785978,0.736632584341767,3.92312098227655,8.74092297212235e-05,0.00317427815659096,"ENSG00000120160","Significant"
2.230370263245,-1.83959830583912,0.634983450202437,-2.89708071171406,0.00376652839736084,0.0356054724713516,"ENSG00000215939","Significant"
48.780305184926,0.514815507555843,0.184614376761491,2.78859922280565,0.00529365288592561,0.0438639931448958,"ENSG00000235453","Not Sig"
10.8950538011681,1.79555953587083,0.427777529493822,4.197414338232,2.69979724752513e-05,0.00150891628706951,"ENSG00000241043","Significant"
99.7894118773529,0.722783085139416,0.172696473785831,4.18527992665198,2.84814893317843e-05,0.00154732392044354,"ENSG00000260947","Not Sig"
3.71920940872042,2.78970134841247,0.885035800112755,3.15207740529486,0.00162113292244473,0.0208635818803198,"ENSG00000227383","Significant"
564.20560491766,-0.832164538965865,0.169708414082786,-4.90349605506255,9.41458343610478e-07,0.000130814315112015,"ENSG00000122756","Not Sig"
138.65400427476,-0.376967443200111,0.137997336164905,-2.7317008695707,0.00630083190270139,0.0488824171825314,"ENSG00000164967","Not Sig"
154.572477224735,0.782107529127177,0.280941782167125,2.78387758166181,0.00537133029198334,0.0442425813089915,"ENSG00000137070","Not Sig"
1.56073913247789,3.43522374715748,1.0151223463382,3.3840489863603,0.000714252585379074,0.0123576814042337,"ENSG00000261215","Significant"
3.00287167441971,3.68691603123645,1.06388325073748,3.46552690690513,0.000529193571237341,0.0101937583299935,"ENSG00000179766","Significant"
39680.7558664419,0.659511905268136,0.216476880425743,3.04656970282961,0.00231468804993452,0.0260290081845411,"ENSG00000269900","Not Sig"
40.5603332741246,1.06524645791205,0.291871282305696,3.64971315265046,0.000262533313246787,0.0066014385147135,"ENSG00000137098","Significant"
226.658694719203,0.536485535533704,0.162569938627353,3.30002914476981,0.000966747881845492,0.0151689159410685,"ENSG00000122707","Not Sig"
254.6073202182,1.26212579750867,0.39230749648349,3.21718501130347,0.00129455089807425,0.0181203165843247,"ENSG00000122694","Significant"
3.24055375640709,-1.83498981569775,0.648036398433697,-2.83161535391055,0.0046313524719463,0.0404343760165192,"ENSG00000165304","Significant"
89.0841490824152,1.03768732684106,0.373866768000726,2.77555379524677,0.00551077817607854,0.044947126554448,"ENSG00000107338","Significant"
195.132752067502,-0.34481495552143,0.101611311861597,-3.39347016787951,0.000690130749844106,0.0120972393397444,"ENSG00000137124","Not Sig"
64.8574957794515,2.25065342603492,0.654547278582334,3.43848870765997,0.000584970934847885,0.0109442072726555,"ENSG00000225345","Significant"
18.0883518455041,1.28564596886345,0.394012559017789,3.26295682571227,0.00110256315351105,0.0163598972285593,"ENSG00000215142","Significant"
43.9620190751559,-1.04098720635715,0.34309024353967,-3.03414983654813,0.00241214594657394,0.0265427870180098,"ENSG00000232433","Significant"
80.5422635606625,1.2668531271658,0.366311569606859,3.45840326180644,0.000543387375891502,0.0103772597003646,"ENSG00000154529","Significant"
9.53147001692327,1.43647486872466,0.376750444355229,3.81280205570305,0.000137400152413246,0.00427355448062377,"ENSG00000268578","Significant"
9.63911039591411,2.80704227403509,0.598600840740765,4.68933901021822,2.74088974473248e-06,0.000286761558822423,"ENSG00000227449","Significant"
2.43977984538391,3.00740245313347,0.973680822178566,3.08869434893926,0.00201038152727493,0.0238060225326977,"ENSG00000226007","Significant"
21.9888869537145,1.06240544864687,0.309509821073357,3.43254196252168,0.00059795134188412,0.0110713944303317,"ENSG00000238113","Significant"
6.90761954395448,1.32471469302034,0.470121816342075,2.81781156919644,0.004835217688684,0.0414920465475717,"ENSG00000204794","Significant"
42.0306008663712,0.80548465900594,0.221220498966356,3.64109412450263,0.000271481853820011,0.00673510159118442,"ENSG00000233961","Not Sig"
3.20018498094444,4.50894790105217,1.14718615808755,3.93044134054839,8.47900786448465e-05,0.00313746811118704,"ENSG00000231242","Significant"
18.6070404047069,1.64691952449887,0.414794997136669,3.97044211204948,7.173938544042e-05,0.00282708281265135,"ENSG00000240907","Significant"
42.5317242350436,-0.939363111145001,0.341545652640959,-2.75032957931537,0.00595353508554572,0.0472028102862379,"ENSG00000235310","Not Sig"
264.586353162844,-0.857653797837042,0.285048443945402,-3.00880013925393,0.0026228159220692,0.0279200279484002,"ENSG00000107242","Not Sig"
7.346532061726,2.94766666888373,0.733647505961277,4.01782415251517,5.873800328422e-05,0.00249931609189746,"ENSG00000204711","Significant"
544.20530455275,0.569864769781771,0.189912329105795,3.00067284975645,0.00269383814266186,0.0284629337853765,"ENSG00000198887","Not Sig"
35.5125341058615,1.45248223805479,0.408303796113813,3.55735668362465,0.000374605356571847,0.00823623529964913,"ENSG00000165091","Significant"
28.656839979887,-1.39780681770088,0.50826963612841,-2.75012851121355,0.0059571896335606,0.0472028102862379,"ENSG00000224825","Significant"
166.325441609062,1.63846295485392,0.428795750678422,3.82108020487985,0.00013286842910738,0.00415081594866016,"ENSG00000119121","Significant"
111.651189365828,0.327041745438983,0.119074383926215,2.74653317242134,0.00602287948691376,0.047581996396616,"ENSG00000135045","Not Sig"
108.80374818925,-0.594475323814333,0.183876108859328,-3.23302101345384,0.00122488552441902,0.0174472615621863,"ENSG00000156049","Not Sig"
631.675156594363,0.706032872175233,0.218879102446167,3.22567510687266,0.00125675931019516,0.0177684587369882,"ENSG00000148019","Not Sig"
6.20403202115436,1.94165033381558,0.526678518315601,3.68659488908961,0.000227274721500413,0.00609393195468293,"ENSG00000233926","Significant"
2.54833135384119,3.61404805506109,1.29738616820358,2.78563787994231,0.00534225146654711,0.0441051113842694,"ENSG00000197506","Significant"
11.4563644688461,1.21398035968823,0.288811330264191,4.20336819396155,2.62972307196495e-05,0.00148326388661634,"ENSG00000230303","Significant"
14.4983378645648,1.1632535193707,0.396894935005059,2.93088527157918,0.00337997584199779,0.0330793747207113,"ENSG00000204446","Significant"
21.4306113304307,1.06744115580073,0.388034944327833,2.75088924697178,0.00594337338506729,0.047193020893869,"ENSG00000186354","Significant"
2.63880314366467,4.84081600045641,1.42000380026581,3.40901622907647,0.000651976009447943,0.0117052947214412,"ENSG00000237626","Significant"
73.0808572544125,-0.633020845696001,0.215546650999974,-2.93681596424376,0.00331600826380073,0.0327415930680753,"ENSG00000188312","Not Sig"
111.399874428102,-1.07647743401381,0.304350699454112,-3.53696389048751,0.000404755000700452,0.00857328534096584,"ENSG00000127083","Significant"
82.5213325567422,1.02066955115445,0.290664956051699,3.5114984792763,0.000445588012225629,0.0091798012186622,"ENSG00000157303","Significant"
20.8051960388915,0.990836860374994,0.343150084602085,2.88747374643361,0.00388349013472636,0.0362517961176923,"ENSG00000165140","Not Sig"
620.901741448776,0.914396310558806,0.272640957335457,3.3538479306091,0.000796961487412896,0.0132971454175664,"ENSG00000148120","Not Sig"
5.16954498228165,2.79802037275839,0.926794542547943,3.01902983272438,0.00253585559383677,0.0273669584905239,"ENSG00000230815","Significant"
4.34074772006404,2.54105380112646,0.807827759570198,3.14553909669856,0.00165781035366299,0.0211216439471705,"ENSG00000236095","Significant"
35.2309109416161,2.68069728453007,0.64517021256707,4.15502332921391,3.25254354083059e-05,0.00167195778662465,"ENSG00000130948","Significant"
17.5820563432888,1.83292168417495,0.616682195957333,2.97223058520368,0.00295644553653867,0.0301787295719449,"ENSG00000136943","Significant"
557.856101887292,-0.609671270912658,0.158373938961157,-3.8495681480915,0.000118326260006339,0.00386392446843223,"ENSG00000136842","Not Sig"
3.37093993217271,2.98380107319961,0.798096530246072,3.73864684298232,0.00018501341394069,0.00530627434458209,"ENSG00000136929","Significant"
67.9620965291996,1.31623905750085,0.407655116716771,3.22880543755163,0.00124308434873097,0.0176124521188495,"ENSG00000204291","Significant"
196.711156505298,1.03114706292749,0.325941884407637,3.16359176974597,0.0015583521292626,0.0203202719729213,"ENSG00000119508","Significant"
65.2248793350359,0.766611126488656,0.277395714843608,2.76360118583973,0.00571673643269605,0.0459249657596802,"ENSG00000241697","Not Sig"
513.201940700881,-0.365724896347357,0.130248586357735,-2.80789916093886,0.00498658386404668,0.0422847193276853,"ENSG00000136897","Not Sig"
7.16363157427543,3.08936197779785,0.784241278431449,3.93930039486935,8.17195586156546e-05,0.00308372857752058,"ENSG00000225376","Significant"
1049.32826963484,0.536297253188448,0.168698009989844,3.17903722290936,0.00147765114253095,0.019678056813185,"ENSG00000106701","Not Sig"
5.59411172271936,2.89109432127373,0.708046886541789,4.0831961501791,4.44204982881739e-05,0.0020754719331527,"ENSG00000232486","Significant"
2972.65778332264,-0.311805531536569,0.0750807201535484,-4.15293741054816,3.28234537580574e-05,0.00168403254386772,"ENSG00000106771","Not Sig"
11.1240031268893,2.28388207406188,0.810876847475743,2.8165584961164,0.00485412025363058,0.0416408598863699,"ENSG00000030304","Significant"
3622.91681036491,1.58116938395566,0.473544792191765,3.33900701692303,0.000840784404610881,0.0137814359148596,"ENSG00000198121","Significant"
547.207644418202,0.836808572045124,0.282549099341609,2.96163949556039,0.00306005841951275,0.0309239767326442,"ENSG00000165185","Not Sig"
6.95372609166148,-2.22258570513089,0.770246996790714,-2.88554932948969,0.00390731223336027,0.0363834045177466,"ENSG00000119457","Significant"
303.440021675561,-0.248819103443359,0.0742475297384246,-3.35121052942709,0.00080459108273777,0.0133925330595149,"ENSG00000136875","Not Sig"
314.397245786607,2.09638565631727,0.500560424510765,4.18807711050315,2.81327937690782e-05,0.00153777006520079,"ENSG00000095397","Significant"
619.453607191407,-0.408598959956963,0.148161940233827,-2.75778623924686,0.00581942388892622,0.0465264915717432,"ENSG00000136888","Not Sig"
1524.58253885759,3.02682642273476,0.763146575276566,3.96624517595173,7.30137579016703e-05,0.00286460889273333,"ENSG00000041982","Significant"
12.6175252004642,1.69291015885568,0.412603329698518,4.10299684225201,4.07832818114967e-05,0.00194992325349269,"ENSG00000256040","Significant"
29.506038278942,-0.735818832923263,0.245944870144032,-2.9918039457068,0.00277334307287648,0.0289278489582494,"ENSG00000188394","Not Sig"
586.397508082573,-1.22243264862241,0.274860278236241,-4.44746929773438,8.68878730892255e-06,0.0006738609203917,"ENSG00000236901","Significant"
36.4176717206063,-1.15241004136082,0.422909372132149,-2.72495744312973,0.00643097756633414,0.0494729095998352,"ENSG00000236668","Significant"
391.517820467425,0.467009508649546,0.151301009922352,3.08662519099652,0.00202442679826384,0.0239067370591511,"ENSG00000136935","Not Sig"
3.07453385960536,2.46092724775568,0.843510681568022,2.91748202071491,0.00352869991449032,0.0341218503148559,"ENSG00000177736","Significant"
145.477956025393,0.371778350315701,0.12218147409041,3.04283732933685,0.00234358983420609,0.0261208879734089,"ENSG00000167081","Not Sig"
1813.69444447517,0.970684350134984,0.340800880806297,2.84824483973883,0.00439610895274493,0.0390555413753853,"ENSG00000196814","Not Sig"
494.222064890234,-0.367030910129232,0.0700478226216254,-5.23971904325718,1.60821253955131e-07,3.35199237052261e-05,"ENSG00000169155","Not Sig"
2070.90285433422,0.37097247346689,0.136060905954193,2.7265177375181,0.0064006512340665,0.0493594944807543,"ENSG00000197958","Not Sig"
236.556798927876,0.817006012774286,0.143508460491603,5.69308603810221,1.24763475713797e-08,5.04327995237634e-06,"ENSG00000106991","Not Sig"
1673.32276536998,0.509036878338042,0.183710594845872,2.77086293670275,0.00559079551631842,0.0453088801882926,"ENSG00000167106","Not Sig"
919.478633283336,-0.26786167678336,0.051160378417037,-5.23572508787696,1.64338409642743e-07,3.37260340835289e-05,"ENSG00000167110","Not Sig"
25.487414603562,-0.708405200734523,0.233717604358588,-3.03103055791908,0.00243720580659271,0.0266266231425418,"ENSG00000273281","Not Sig"
318.404122092958,2.07604549203026,0.599143542690638,3.46502189226165,0.000530188317942392,0.0101945848713595,"ENSG00000207955","Significant"
2786.93654481271,1.95569907018904,0.644750712074127,3.03326391668133,0.00241923921845035,0.0265567508409218,"ENSG00000167123","Significant"
2194.42722915254,-0.684614514568584,0.117644969080117,-5.81932674148059,5.90851335501318e-09,2.81487906782851e-06,"ENSG00000136802","Not Sig"
449.29596193452,-0.33467127738082,0.118602153846108,-2.8217976362813,0.00477553007151644,0.0411785283703901,"ENSG00000148343","Not Sig"
124.356796431546,-0.755956184488685,0.202290624862298,-3.73698081660123,0.000186243126797026,0.00531420361477847,"ENSG00000188483","Not Sig"
35.7712878129757,-0.47311554776471,0.149200209570882,-3.17101128158901,0.00151909243383521,0.0200533731035575,"ENSG00000233901","Not Sig"
376.152714395305,-0.364620761933659,0.117536698459225,-3.10218652313217,0.00192096879435554,0.0232003288658268,"ENSG00000148331","Not Sig"
12.0341227236478,-1.21991895545859,0.427173306779482,-2.85579397424367,0.00429293603032027,0.0385444317047459,"ENSG00000148344","Significant"
725.668188916376,-0.371227478363205,0.101537922746907,-3.65604759601518,0.000256133818817592,0.00652041426739936,"ENSG00000136878","Not Sig"
1694.74058245124,0.907765409318959,0.333815364929806,2.71936377017829,0.0065407631504253,0.0498623733276998,"ENSG00000187239","Not Sig"
31.4301568303797,2.29944079813572,0.738602721245276,3.11323087770228,0.00185051193180317,0.0226363172070504,"ENSG00000264169","Significant"
85.7535156039439,3.21495205818358,0.634254671357229,5.06886618793674,4.00192442784719e-07,6.90482425229034e-05,"ENSG00000130720","Significant"
202.688878771009,-0.489632740089397,0.125526500812838,-3.90063243154884,9.59417257014283e-05,0.00336350762153536,"ENSG00000160539","Not Sig"
551.49752762286,0.814663675239544,0.240015514106819,3.39421257109646,0.00068826246319037,0.0120747784829149,"ENSG00000196358","Not Sig"
289.188422381455,-0.542763762798649,0.197870894894704,-2.7430197002317,0.00608770331289272,0.0478685876191535,"ENSG00000160326","Not Sig"
1.3406055143851,3.84008382201532,1.31486493009675,2.92051581429947,0.00349452460923307,0.033901971654447,"ENSG00000187616","Significant"
78.1645572026478,3.68734061046668,0.850531444622969,4.33533719861613,1.4553685326642e-05,0.000971780709397322,"ENSG00000221676","Significant"
1099.66285419908,-0.365680338792003,0.0942284423516719,-3.8807851394512,0.000104119795084909,0.00353411197591641,"ENSG00000186350","Not Sig"
80.2840148923646,-1.25905466011189,0.342107105302483,-3.68029380447584,0.00023296537657511,0.00615984467953157,"ENSG00000165643","Significant"
1480.62207437563,-0.310430349376155,0.113575434564287,-2.73325257849173,0.00627122205778143,0.0487215880254952,"ENSG00000148396","Not Sig"
2.61864991842066,3.60801437748365,1.05196971724068,3.42977019048371,0.000604092652684387,0.0111421983795424,"ENSG00000237886","Significant"
160.279957020419,1.38806897667664,0.48967839675221,2.83465430756798,0.00458752970786895,0.0402071961485663,"ENSG00000214402","Significant"
12000.1542052084,1.37598985839204,0.399751046672495,3.44211696215858,0.000577180631887091,0.0108640898666361,"ENSG00000107331","Significant"
97.242256780292,1.12699713814416,0.377818100247261,2.98290933495934,0.0028552256110475,0.029479320463288,"ENSG00000054179","Significant"
47.0360039641626,-0.89037277682451,0.169034592493623,-5.26739978894024,1.3836965002495e-07,3.0012714577363e-05,"ENSG00000232656","Not Sig"
3.51543988848752,2.23001261503685,0.693227126632531,3.21685711560295,0.00129603126798978,0.01812717009613,"ENSG00000237399","Significant"
194.108267517197,0.788524612464723,0.264560395795526,2.9805088932289,0.00287769882198851,0.0296310794565155,"ENSG00000187134","Not Sig"
172.317332715145,0.928942627569288,0.264794690811474,3.50816183180451,0.000451214480094711,0.00921742045516599,"ENSG00000196139","Not Sig"
376.336208014517,-0.593179114967912,0.117719303885545,-5.03892815697114,4.68146157919954e-07,7.70967367107807e-05,"ENSG00000196372","Not Sig"
10.4734419869074,1.34623965911311,0.398408283103885,3.37904535675047,0.000727380065419024,0.0124795966336425,"ENSG00000232807","Significant"
48.1040700295357,1.95222805437848,0.395679730479784,4.93385913908528,8.0620592308706e-07,0.000115638536677633,"ENSG00000215244","Significant"
21.5665780046669,1.9452751964694,0.465735167863043,4.17678399807128,2.95659539393936e-05,0.00158074165360538,"ENSG00000212743","Significant"
1078.7826271154,0.57819979407171,0.115251557549911,5.01685015251368,5.2525502677656e-07,8.49289627840718e-05,"ENSG00000198879","Not Sig"
15.0878811636955,1.64605068259086,0.484240574483237,3.39924155332805,0.000675730088301643,0.0119855817094306,"ENSG00000232591","Significant"
408.627536182493,0.486277147172589,0.151417058442359,3.21150834770512,0.00132040134354593,0.0183473892939905,"ENSG00000148429","Not Sig"
506.167741128107,0.337197783041535,0.110601533200625,3.04876228460483,0.00229786228524335,0.0259482300511953,"ENSG00000065665","Not Sig"
512.115470495442,-0.258494202517902,0.0915577156095675,-2.82329239864619,0.00475331987184399,0.0410905511687351,"ENSG00000151465","Not Sig"
277.388911485095,-0.643276539496085,0.154236296642618,-4.17072085818183,3.03637615591564e-05,0.00160063534794143,"ENSG00000107537","Not Sig"
19.5427865251049,1.29212049630882,0.346293234029567,3.73129004362383,0.000190501740878195,0.00540680419669081,"ENSG00000185267","Significant"
816.316783194054,-1.00000875416493,0.30987689450108,-3.22711622554175,0.00125044656959558,0.0177037781847228,"ENSG00000176244","Significant"
166.376003292274,0.616536851952818,0.136248980711302,4.52507496741717,6.03741007893824e-06,0.000527341903971797,"ENSG00000107614","Not Sig"
15.8001478384834,-1.92353652074141,0.557931376686566,-3.44762205733056,0.000565544806462299,0.0107008297103601,"ENSG00000120586","Significant"
11.4761940851228,1.42622580624059,0.506853570209416,2.81388134575301,0.00489472915647509,0.0418278280479176,"ENSG00000240291","Significant"
3.22595854291412,1.84950265875795,0.658745155691869,2.80761481549788,0.00499098846144462,0.0422847193276853,"ENSG00000225527","Significant"
11.1938148079447,1.42535897016498,0.430482580866019,3.31107234884516,0.000929391763120401,0.0147327646157393,"ENSG00000152487","Significant"
2085.24037057431,0.707743721607315,0.252847016271465,2.79909856973538,0.00512454913865948,0.0429390221326307,"ENSG00000120594","Not Sig"
65.8163333109131,-0.715295549540417,0.168146825111429,-4.2539937882645,2.09991128614158e-05,0.00125935679572322,"ENSG00000180592","Not Sig"
10.6844173584218,1.12192971899805,0.361620641439345,3.10250464280048,0.00191890537961171,0.023188231354337,"ENSG00000179133","Significant"
1.69472995647704,3.44289666691749,1.0823867459626,3.18083779181499,0.00146849828109606,0.0195988322367993,"ENSG00000223928","Significant"
2.93022196349205,4.30384740715111,1.21383788968579,3.54565254859954,0.00039164222780901,0.00843992164435911,"ENSG00000271563","Significant"
516.612066791144,0.356148588562841,0.084386368438475,4.22045165769285,2.43813338932257e-05,0.00140581877464862,"ENSG00000224597","Not Sig"
13.0277148901442,1.02597283354866,0.318695306176549,3.21929069448013,0.00128508137844783,0.0180540737733595,"ENSG00000237797","Significant"
6157.21336181726,0.540124437976074,0.190419305182007,2.83650041396701,0.00456109192348201,0.0400017657549561,"ENSG00000170759","Not Sig"
3.33537005649506,1.79213032924242,0.59063400198372,3.03424849098312,0.00241135723173448,0.0265427870180098,"ENSG00000269952","Significant"
8.42341320732871,1.2053074561163,0.363176422872095,3.31879323713916,0.000904073437989298,0.0144170802463338,"ENSG00000236514","Significant"
30.8222482054913,1.42071942400906,0.370314225215164,3.83652403086481,0.000124787990508228,0.00399666122301203,"ENSG00000099251","Significant"
126.220695688676,-1.130946529699,0.392141407104516,-2.88402731568098,0.00392624695067788,0.0364722640658549,"ENSG00000185904","Significant"
664.590219467522,-0.536862763728684,0.0701332092547357,-7.65490085843223,1.93461434103342e-14,1.03227152008861e-10,"ENSG00000165733","Not Sig"
7.49082163705811,2.76695080305906,0.6714018662447,4.12115447121891,3.76978544929339e-05,0.00185561081183945,"ENSG00000226808","Significant"
6.33300707990328,2.12019120816746,0.586359943698794,3.61585273849569,0.000299360529618269,0.0071602822052398,"ENSG00000273363","Significant"
36.7304990798084,1.43770453431972,0.453485306230405,3.17034425276231,0.00152258432449893,0.02008426660499,"ENSG00000204175","Significant"
22.4133972886277,1.19044256882534,0.388630132974826,3.06317618686158,0.00219001078290055,0.0251841800331913,"ENSG00000223477","Significant"
389.434873291004,1.10297728496508,0.346922231908252,3.17932142572166,0.00147620296455056,0.019678056813185,"ENSG00000165388","Significant"
3.38142039946496,3.99904378069932,1.07516449634306,3.71947157323479,0.000199640013588958,0.00555390607147007,"ENSG00000228865","Significant"
374.882816218318,1.03185733516444,0.345093734046067,2.99007844351848,0.00278905811623067,0.0290207806095624,"ENSG00000128805","Significant"
292.697379245311,1.00126457118219,0.30708261452315,3.26057068628581,0.00111188249127031,0.0164152882680811,"ENSG00000128815","Significant"
1.49528299894621,3.29920712743728,1.16162184737836,2.84017310356481,0.00450890591782462,0.0397138002580532,"ENSG00000228403","Significant"
9.12997286288153,-3.25339635034697,0.814318611703319,-3.99523761779411,6.46293988437668e-05,0.00265268881808131,"ENSG00000165606","Significant"
11.8248764313773,1.68040386201077,0.551531664770704,3.04679489745959,0.00231295473244491,0.0260290081845411,"ENSG00000174194","Significant"
11.3402844159089,3.5911968280129,0.850304494627468,4.22342449170077,2.40618008926003e-05,0.00139899631534244,"ENSG00000225784","Significant"
271.002442035495,-0.332920485117807,0.117963468711951,-2.822233770785,0.00476904000306717,0.0411491650199964,"ENSG00000138297","Not Sig"
299.214493869031,-0.58134384850652,0.199752484873242,-2.91032098486998,0.00361057736221383,0.0346951610836043,"ENSG00000214982","Not Sig"
96.816245351483,0.547361406564386,0.173830914582695,3.14881508780186,0.0016393388992902,0.0210167815925821,"ENSG00000226200","Not Sig"
4.22050212851462,-1.72345301074433,0.47767828185365,-3.60797858352782,0.000308591955758923,0.00731006821117856,"ENSG00000236671","Significant"
16.8518641414503,-0.922937695207,0.30418987044496,-3.03408425092182,0.00241267041612404,0.0265427870180098,"ENSG00000107984","Not Sig"
340.954842218969,0.938892361611411,0.165535621835463,5.67184483436829,1.41267902111668e-08,5.6252035230406e-06,"ENSG00000150275","Not Sig"
3.57099990851539,1.6681063357208,0.599639244705928,2.78184983796193,0.0054050042091077,0.0444222600712667,"ENSG00000236744","Significant"
125.102887558918,-0.859623398975163,0.244939760583641,-3.50952984083457,0.000448899683830168,0.00918670903741307,"ENSG00000122870","Not Sig"
3.4801074899987,3.00549856616328,0.860073906901262,3.49446546633616,0.00047501205778075,0.00954999750529964,"ENSG00000236556","Significant"
36.5875963424508,-1.27069675419354,0.358283893181385,-3.54661981288183,0.00039020726353642,0.00842942476428191,"ENSG00000182010","Significant"
2041.7395728964,-0.686733438959515,0.185470126174406,-3.70266335136769,0.000213347903518168,0.0058233228521279,"ENSG00000138311","Not Sig"
210.93140578943,2.60532127156231,0.769390334173282,3.38621523541981,0.000708637799828773,0.0122844365572656,"ENSG00000122877","Significant"
36.4110297905669,1.79480973388435,0.589265635320024,3.04584151239297,0.00232030106001089,0.0260319452518077,"ENSG00000228065","Significant"
1355.7243209546,1.93330078222842,0.550411263270425,3.51246588004243,0.000443969005989496,0.00915351554157169,"ENSG00000183230","Significant"
12.9132110227982,1.90463715341948,0.572018462456889,3.32967776116671,0.000869465444600959,0.0141093520823554,"ENSG00000226318","Significant"
1024.44386789022,0.356743343081521,0.124568099778568,2.86384189624525,0.00418536860004149,0.0378830384650367,"ENSG00000096746","Not Sig"
490.329410736332,0.367843854678208,0.1044242748535,3.52258950511525,0.000427352712217662,0.00892123866138888,"ENSG00000138336","Not Sig"
3.15248605687378,4.35238615675396,1.10733629733006,3.93050075866577,8.47691260650619e-05,0.00313746811118704,"ENSG00000227583","Significant"
296.086736223922,-0.247597479198149,0.0642496614581575,-3.85367756932692,0.00011635680562963,0.00382772283279024,"ENSG00000156502","Not Sig"
110.1603567005,-0.372646281681898,0.131844470048217,-2.82640812728526,0.00470732452281064,0.0408810908021045,"ENSG00000042286","Not Sig"
80.9112431961201,1.85780811505392,0.626482184594937,2.96546040851125,0.00302230243897869,0.0306469048914908,"ENSG00000138316","Significant"
183.307482720687,1.76731711835518,0.628258429894459,2.81304163105631,0.00490752970808519,0.0419011343893233,"ENSG00000214688","Significant"
21696.8468482193,-0.376892624159824,0.133126203151822,-2.83109271681099,0.00463892716804307,0.0404582994168752,"ENSG00000197746","Not Sig"
6644.58270763358,-0.664907789099596,0.190367741681239,-3.492754514118,0.000478065776131367,0.00956095715248031,"ENSG00000107742","Not Sig"
936.528584985027,-0.316799835225617,0.0910082397331862,-3.48100167802823,0.000499542361687669,0.00984290300403643,"ENSG00000107745","Not Sig"
1.96166783007367,3.72146762798773,1.19631246797953,3.11078228104817,0.00186592458313277,0.0227622322603563,"ENSG00000272627","Significant"
2.96988011126958,-1.51456825119547,0.543052039944823,-2.78899284007728,0.00528722339036665,0.0438340064734592,"ENSG00000267964","Significant"
3259.17697764105,-0.584797039160337,0.168494047407893,-3.47072818391412,0.000519049126941213,0.0100857331811104,"ENSG00000148660","Not Sig"
1743.90553040724,0.34992542529548,0.121526592072354,2.87941445019,0.00398414374540401,0.0367923056364256,"ENSG00000156650","Not Sig"
1143.04328560075,-0.338310434929077,0.118717216604398,-2.84971670163419,0.00437581856938534,0.0389791197371056,"ENSG00000165637","Not Sig"
2.19641911751237,-2.50527413268497,0.854224703683338,-2.93280459097291,0.00335915242058958,0.0330067430101912,"ENSG00000226051","Significant"
10.1710044566681,1.19650715966607,0.417714999081985,2.86441033311143,0.00417786419792188,0.0378683874445,"ENSG00000233871","Significant"
2.59025965561445,3.51673612428268,1.10708714608625,3.17656666570015,0.00149029532666987,0.0197907361972252,"ENSG00000226676","Significant"
1955.05894631687,-0.836307852140068,0.154156027293224,-5.42507397747938,5.79305421269406e-08,1.50051352757733e-05,"ENSG00000122378","Not Sig"
102.236172287759,-1.50340570697726,0.521084071405637,-2.88514999685518,0.00391227211608711,0.0363834045177466,"ENSG00000148604","Significant"
7.21621522116824,2.16023482978802,0.528740837382497,4.08562130453579,4.39590265112635e-05,0.00206112982125483,"ENSG00000225423","Significant"
461.037290799615,1.73944057045976,0.613127365655741,2.83699711983892,0.00455400228052632,0.0399527217501354,"ENSG00000122367","Significant"
527.387201844842,0.887881179339964,0.218170394325928,4.06966849046229,4.70800809832287e-05,0.00214447255984548,"ENSG00000148671","Not Sig"
128.346878519282,-0.931797805268813,0.209349201351957,-4.45092600903825,8.55007995721074e-06,0.000665036685651386,"ENSG00000198682","Not Sig"
7.30078595518465,1.91154073651281,0.538673719191707,3.54860589705606,0.000387276238233239,0.00839319011968655,"ENSG00000224745","Significant"
65.9601806062871,-0.432508760296126,0.135862141433689,-3.18343841582405,0.0014553706866387,0.0195016748110667,"ENSG00000184719","Not Sig"
270.441229607103,2.83831972120975,0.786716592638088,3.60780457380726,0.000308798938265986,0.00731006821117856,"ENSG00000138135","Significant"
5.65872157351048,1.91369400689479,0.602479800508382,3.17636210422323,0.00149134671784899,0.0197948453161657,"ENSG00000235100","Significant"
34.1136901355577,-0.752088176547955,0.243857331426075,-3.08413190675774,0.00204147059911079,0.0240142831189051,"ENSG00000186188","Not Sig"
1332.48483003468,1.01239861512268,0.330146723200209,3.066511172091,0.00216572714766113,0.0250019188976422,"ENSG00000108239","Significant"
16.5924544543472,1.42413492662953,0.362010951091254,3.93395537437911,8.35593036805156e-05,0.00313100935799505,"ENSG00000165841","Significant"
15.5048786961197,-1.04846575755943,0.34871260766485,-3.00667579695633,0.00264121285283364,0.0280513207407439,"ENSG00000138115","Significant"
937.668408447025,0.40228979504504,0.146840920248513,2.73963003203879,0.00615083785718298,0.0481738605090919,"ENSG00000177853","Not Sig"
113.533823185943,1.05988985364331,0.295224708301576,3.590112290197,0.000330535538805922,0.00765666528232835,"ENSG00000095585","Significant"
90.5730813186434,0.388321298537556,0.13469298659421,2.88301052902966,0.00393894274605935,0.0365393092914178,"ENSG00000231025","Not Sig"
139.326471934526,-0.498052427386443,0.117095107211157,-4.25340084012483,2.10548195764791e-05,0.00125935679572322,"ENSG00000181274","Not Sig"
406.732025738338,-0.663702223332082,0.154953083655655,-4.283246307037,1.8418608259808e-05,0.00115349776939769,"ENSG00000052749","Not Sig"
180.527346355154,-0.962058515608819,0.174899227397083,-5.50064474226983,3.78404964898935e-08,1.18494909328468e-05,"ENSG00000119986","Not Sig"
665.54271991918,-0.390869935719524,0.122349150069527,-3.19470903964109,0.00139971876992066,0.0190137968751085,"ENSG00000155256","Not Sig"
75.538105545383,-0.50095693813095,0.156539362173897,-3.2001979002217,0.00137333255139673,0.0187893021224172,"ENSG00000198018","Not Sig"
3.57808688883584,3.021990912761,0.968152264555108,3.12140044846116,0.00179993092904067,0.0222935734706946,"ENSG00000233690","Significant"
206.245400954404,1.98830375252157,0.316328970440557,6.28555693066122,3.26680418325097e-10,2.35554240013385e-07,"ENSG00000212464","Significant"
400.648037433842,3.21924634007067,0.515850640510354,6.24065589389542,4.35739874914727e-10,2.9807959289359e-07,"ENSG00000222414","Significant"
841.833232171453,0.514744189711374,0.172231227563794,2.98868095520433,0.00280184532866146,0.0290857710207623,"ENSG00000107829","Not Sig"
786.908403161757,-0.841030965412976,0.306280387564508,-2.74595109435742,0.00603357570662774,0.0476382853735193,"ENSG00000120049","Not Sig"
874.865825221181,-0.337232225009235,0.0854792651242468,-3.94519331113876,7.97356264078677e-05,0.00304618522834742,"ENSG00000198728","Not Sig"
1184.29861533481,-0.267349650111792,0.0602968868255432,-4.4338881190552,9.25486667137091e-06,0.000695522782888745,"ENSG00000166197","Not Sig"
235.165539347896,0.452937651415252,0.165762374405691,2.73245151705369,0.0062864923049949,0.0487975933095604,"ENSG00000107882","Not Sig"
7.57769741822025,2.37387996185999,0.700532500114425,3.38867927108628,0.000702301039491518,0.0122018207380401,"ENSG00000242311","Significant"
517.035276293266,-0.194419506098282,0.0657576009050113,-2.95660886988756,0.00311042402470325,0.0312833321210462,"ENSG00000148843","Not Sig"
3288.56166908707,0.867530499788915,0.275036351941666,3.15423940749809,0.00160917018700177,0.0207898554087265,"ENSG00000107957","Not Sig"
133.237421053271,0.90481153508734,0.30617571017043,2.95520351560117,0.00312462858818656,0.0313908721736712,"ENSG00000148841","Not Sig"
6.08603022373941,1.68903730311553,0.518295676870505,3.25882961886546,0.00111872833001298,0.0164807029908427,"ENSG00000229981","Significant"
8660.19622762786,0.811463132873644,0.262819144571313,3.08753433543523,0.00201824454884471,0.0238885298662947,"ENSG00000148700","Not Sig"
1.00488009190356,3.43132475467431,1.24836059838171,2.74866473607261,0.00598385571570967,0.0474000257242929,"ENSG00000239125","Significant"
1103.69992880956,-0.661807228639701,0.181196431795496,-3.65242969787969,0.000259770726747795,0.00655869163553049,"ENSG00000119927","Not Sig"
154.102284736766,-0.780130399179486,0.190326408882779,-4.09890778562404,4.15104367497345e-05,0.00197407654553684,"ENSG00000197142","Not Sig"
315.023993610489,-0.417597356679929,0.127938068210489,-3.26405863806604,0.00109828432407993,0.0163251174286758,"ENSG00000198924","Not Sig"
19.2615277487418,-1.74320967330658,0.487729756426405,-3.57413024392662,0.000351393995027807,0.00790511136491688,"ENSG00000095627","Significant"
49.1258800683819,0.552532833663851,0.194566187554103,2.83981939827139,0.00451390814572619,0.0397316250147902,"ENSG00000165816","Not Sig"
1.896757917216,3.60863241078587,1.1212683973668,3.2183484518608,0.00128931082891076,0.0180754196555492,"ENSG00000229668","Significant"
3966.50539900733,1.28498946203658,0.374272684957394,3.43329746915102,0.000596287501237417,0.0110628332722622,"ENSG00000187164","Significant"
1.23586965247413,3.56744520685314,1.22426049001626,2.91395927251216,0.00356876462000379,0.0343928672963887,"ENSG00000242853","Significant"
595.925082434295,0.458949655138879,0.156771767849329,2.92750194397226,0.00341696924761116,0.0333924258450616,"ENSG00000151923","Not Sig"
467.709295417717,0.227469149515169,0.0763800652610025,2.97812195810349,0.00290020558319225,0.0297823651862918,"ENSG00000107651","Not Sig"
37.3462422626085,2.42373534640837,0.694735060919955,3.48871891278799,0.000485341224439517,0.00966299890061333,"ENSG00000187908","Significant"
598.97028787577,0.6432687331649,0.202686003321435,3.17372054618273,0.00150498515091691,0.0199164180760478,"ENSG00000095574","Not Sig"
297.34567224015,-0.33068426783137,0.100315307624049,-3.29644872416356,0.000979154864726358,0.0152464482361209,"ENSG00000165660","Not Sig"
1.30032366041246,-2.53399972252423,0.842743418888741,-3.00684605269967,0.00263973409163888,0.0280513207407439,"ENSG00000203457","Significant"
1174.72494171455,-0.231449467213335,0.0575450953422473,-4.02205376212861,5.76928847435494e-05,0.00247057970594867,"ENSG00000019995","Not Sig"
65.4180540435499,1.16451842767951,0.298757679910416,3.89786943059907,9.70427125607899e-05,0.00338513256414917,"ENSG00000148848","Significant"
24.4018201929068,2.01190807761244,0.584417339340996,3.44258792848466,0.000576176523304249,0.0108586996588542,"ENSG00000235180","Significant"
487.290969687014,1.68112681470498,0.552549446688073,3.04249117392386,0.0023462869788097,0.0261332348232264,"ENSG00000154493","Significant"
1.42649687764264,3.7012157474368,1.15275213394062,3.21076460278099,0.00132382328567122,0.0183757967941845,"ENSG00000232259","Significant"
6.59001019509481,2.59761968865999,0.667445082590045,3.8918852747852,9.94682801434201e-05,0.00343745368645894,"ENSG00000148773","Significant"
648.909718949446,-0.467143325548398,0.1266661717497,-3.68798803260195,0.000226034278592328,0.00607287866924947,"ENSG00000175470","Not Sig"
659.952021389182,1.92279427986686,0.679451997142816,2.82991924072997,0.00465597550456425,0.0405772787041115,"ENSG00000148826","Significant"
4.07686755639008,-1.19793771805082,0.439557594317816,-2.72532594940145,0.00642380353474456,0.0494462361521783,"ENSG00000203268","Significant"
10.4130949390317,2.30573269045599,0.732065869797718,3.14962462475283,0.00163480365723066,0.0209888964250514,"ENSG00000151650","Significant"
850.361090546381,-0.180679812233084,0.0532848056836931,-3.39083177492712,0.000696808578405331,0.0121742999759501,"ENSG00000130640","Not Sig"
28.9403003329474,0.949417598701785,0.250519334007788,3.78979771147033,0.000150770015432765,0.00455792520056909,"ENSG00000148803","Not Sig"
2.42862812251046,-2.15861224667185,0.677803900340706,-3.18471499734185,0.00144896633228865,0.0194451573335659,"ENSG00000268925","Significant"
76.2084188880732,1.31636385529117,0.315269104729284,4.17536585585039,2.97507526912217e-05,0.00158271328202279,"ENSG00000142102","Significant"
142.982302445664,0.418301382523696,0.122458400895037,3.41586513841737,0.000635797262883639,0.0115688985045883,"ENSG00000185187","Not Sig"
13.8360054829043,2.25427542093571,0.753120508760726,2.99324662482657,0.00276026597155985,0.0288902062986446,"ENSG00000243562","Significant"
3.23726588159191,2.82513977342276,0.838428299128807,3.36956633782316,0.0007528656671758,0.0128015953693965,"ENSG00000254739","Significant"
43.8367141770443,0.838500326522143,0.21218261179427,3.95178624408273,7.75700146283456e-05,0.00299465298016385,"ENSG00000255284","Not Sig"
5.99058833170965,2.59363412425645,0.606895598468249,4.27360839459465,1.9233471598352e-05,0.00118505724889707,"ENSG00000255142","Significant"
19.1622115204431,1.33664114533075,0.249031506176939,5.3673575920191,7.98985483130933e-08,2.0301079718524e-05,"ENSG00000177685","Significant"
9.41613044500298,-1.6204586084931,0.540748112216692,-2.99669767102902,0.00272921232540419,0.028734276096866,"ENSG00000250397","Significant"
169.803663615509,-0.67704888172231,0.222537645934554,-3.04240156257167,0.00234698566799544,0.0261332348232264,"ENSG00000244242","Not Sig"
5.85207483802639,1.78358642456359,0.524493003003879,3.40059145565074,0.000672402390062215,0.0119513813220985,"ENSG00000229512","Significant"
202.407373564695,1.38850511552154,0.43338806175575,3.20383794121232,0.00135608785579018,0.0186588217559391,"ENSG00000167244","Significant"
17.522379366356,2.69016713223492,0.838788577847876,3.20720525205199,0.00134031329744931,0.0185083946494048,"ENSG00000180176","Significant"
959.545253276843,1.40081207769265,0.409650436030706,3.41953029823616,0.000627293463935059,0.0114392086974186,"ENSG00000269821","Significant"
434.218141444292,1.69370115622046,0.56574692309695,2.99374346916282,0.00275577540354078,0.0288902062986446,"ENSG00000129757","Significant"
328.317930024485,3.31175970509258,0.604863468050816,5.47521859067598,4.36971867380188e-08,1.23552560091471e-05,"ENSG00000207008","Significant"
58.4865481787577,-0.848028823021029,0.254842930370619,-3.32765292640348,0.000875809049872778,0.0141524588985802,"ENSG00000229368","Not Sig"
2.54241948633164,3.50652700617483,1.03505532706697,3.38776770137619,0.000704639161118512,0.0122310137797533,"ENSG00000175518","Significant"
10.0108533426319,1.69181911324031,0.431341929401145,3.92222271456233,8.77358359792428e-05,0.00317598964462716,"ENSG00000121236","Significant"
4.06659260998838,2.27123307676294,0.657769523640027,3.45293145263736,0.000554529896106311,0.0105598166297075,"ENSG00000254595","Significant"
263.682053508706,1.39565289638738,0.357591157475475,3.90292899365974,9.50355898539581e-05,0.00334047906546993,"ENSG00000179532","Significant"
233.077425667029,-0.495410887468105,0.127640198485239,-3.88130771768894,0.000103896280178783,0.00353391752324857,"ENSG00000158042","Not Sig"
21.7934962468535,0.974593927504391,0.312940286364065,3.1143127617982,0.00184373935976254,0.0226052952109856,"ENSG00000251364","Not Sig"
8.74280114290277,3.06770577157498,0.853438378647334,3.59452521509189,0.000324983671699469,0.00759215357028908,"ENSG00000212607","Significant"
103.089340695166,3.77202999858708,0.538072975395886,7.01025729049451,2.3788026497326e-12,3.1732037946108e-09,"ENSG00000201998","Significant"
1475.38885805647,0.336903394002437,0.114852924694449,2.93334623300822,0.00335329711384509,0.0329755302986632,"ENSG00000133812","Not Sig"
7.55715365381689,-2.3220674625097,0.780329122353067,-2.97575394278193,0.00292269260131006,0.0299210705989716,"ENSG00000255823","Significant"
335.33595941503,-0.682995896221178,0.225580785259368,-3.02772195528925,0.00246404688091116,0.0268038982768738,"ENSG00000133794","Not Sig"
1706.35564330108,0.658029245035265,0.232973178803736,2.82448498326758,0.00473566673358204,0.0409937874059816,"ENSG00000197601","Not Sig"
2900.91206323686,-0.454426312570961,0.12404582379554,-3.66337453907337,0.000248914161542122,0.00637923238787923,"ENSG00000011405","Not Sig"
165.387557566695,-0.948648442047435,0.257785912224926,-3.67998558904844,0.00023324713466351,0.00616118842147304,"ENSG00000187486","Not Sig"
8.31730065337798,1.16129178786011,0.421969242466734,2.75207686008457,0.00592186204328453,0.0471047577378616,"ENSG00000129167","Significant"
185.168685122539,-0.293253364254096,0.101397321256177,-2.8921214152512,0.00382650039324478,0.0359082673202172,"ENSG00000177054","Not Sig"
4.34464140810547,1.75327378498404,0.594037745831794,2.95145181814843,0.00316283887213868,0.03165482984281,"ENSG00000255270","Significant"
388.79846495735,0.332279526165703,0.109347654293793,3.03874397957309,0.00237566651879414,0.0263317021416322,"ENSG00000185238","Not Sig"
38.1615439072488,5.01741951215634,1.18000360710413,4.25203743611403,2.11834437818798e-05,0.00125935679572322,"ENSG00000165970","Significant"
1063.71325714601,-0.567335422209046,0.202612000885161,-2.80010769219247,0.00510855605320352,0.0428743460606667,"ENSG00000171714","Not Sig"
658.754530451504,0.856793705185692,0.198933016891786,4.30694571757167,1.6552420900269e-05,0.0010692543273566,"ENSG00000187398","Not Sig"
253.815228472856,2.01681544812854,0.633715153102788,3.18252678392467,0.00145996011803458,0.0195435403858728,"ENSG00000176697","Significant"
671.855203320328,-0.750668980535746,0.229412790875096,-3.27213220183721,0.00106739652133656,0.0161160564757996,"ENSG00000049449","Not Sig"
44.7710229263041,1.32941290436497,0.467205488216714,2.845456523722,0.00443478129450037,0.0392543543006297,"ENSG00000121690","Significant"
846.995751599215,-0.363444879366298,0.124677025007061,-2.91509104701298,0.00355584789958472,0.0342973485585758,"ENSG00000110435","Not Sig"
1271.2474508472,1.61573420800683,0.587979232313748,2.74794434770899,0.00599701872174671,0.0474901936709648,"ENSG00000026508","Significant"
2.96560313031699,3.10834841165311,0.997100927011546,3.11738594102934,0.00182462535368383,0.0224960804927119,"ENSG00000254919","Significant"
314.132588665022,1.76858158067343,0.503876160676044,3.50995287870048,0.000448186111720106,0.00918670903741307,"ENSG00000135362","Significant"
11.9472273852698,1.58451078932085,0.374812288877534,4.22747822400928,2.36325038136114e-05,0.00138212385519011,"ENSG00000254427","Significant"
3.25596929392139,1.96481255867777,0.695026148467557,2.82696206899542,0.00469918937524905,0.040837027147319,"ENSG00000255267","Significant"
101.444818345807,-0.783102759985738,0.260139952778677,-3.01031330105603,0.00260978336991577,0.0278634421981628,"ENSG00000110492","Not Sig"
3519.35011996513,-0.215781891439096,0.058860930351354,-3.66596127772778,0.000246411212063813,0.00633333788694651,"ENSG00000175216","Not Sig"
8.67734386089954,2.50623874905848,0.783364532673117,3.19932629641313,0.0013774916782848,0.0188132004605078,"ENSG00000212135","Significant"
3596.78130978114,-0.623991055129874,0.125774163740216,-4.96120217836405,7.00582238232476e-07,0.000105004682774181,"ENSG00000134569","Not Sig"
1554.00877116968,-0.311753941579011,0.0691679822306366,-4.50720017448949,6.56886565980627e-06,0.000556351641072925,"ENSG00000149182","Not Sig"
236.859988339654,0.947634785649999,0.316511958229179,2.99399362650254,0.00275351696354851,0.0288902062986446,"ENSG00000165912","Not Sig"
333.3484746383,-0.294299491431092,0.0970401164825499,-3.0327611105456,0.00242327351100703,0.0265655413865272,"ENSG00000123444","Not Sig"
1060.58773697583,-0.331266602849792,0.0931414366697246,-3.55659752194341,0.000375689056066643,0.00824260553190951,"ENSG00000149177","Not Sig"
4.93611016537684,-1.73757093264925,0.548378950602329,-3.16855876896941,0.00153196773320902,0.0201237652162893,"ENSG00000254714","Significant"
1.72055399890328,-2.46971785036556,0.60116885331372,-4.10819329170525,3.98766311541829e-05,0.00192190104221504,"ENSG00000214883","Significant"
2321.79153081853,2.24219784873165,0.498723896651807,4.49587008720596,6.92860321498835e-06,0.000572317841341983,"ENSG00000134817","Significant"
68.4509788132875,-0.433579013079783,0.128287985519418,-3.37973202497715,0.000725565354584712,0.012477083876874,"ENSG00000172409","Not Sig"
614.875920741346,-0.232849157480128,0.0744317849705307,-3.12835648872748,0.00175786831744219,0.0218945699538003,"ENSG00000156599","Not Sig"
1.96238283189501,3.69530988992086,1.08380587632257,3.40956805148476,0.000650658426966949,0.0116973828659375,"ENSG00000254732","Significant"
186.80343313945,0.768344524624258,0.245425157962195,3.13066733257482,0.00174409605993444,0.0217331801882256,"ENSG00000197629","Not Sig"
2.21740915715691,3.29930088747095,1.04916315915204,3.14469761799254,0.00166258578774658,0.0211521822752938,"ENSG00000255139","Significant"
288.596880989689,0.395788579079214,0.140110694269694,2.82482776309263,0.0047306037537995,0.0409937874059816,"ENSG00000166889","Not Sig"
2.6953886902923,-1.56692020178652,0.564220852928029,-2.77713982681599,0.00548395815001066,0.0447968522609107,"ENSG00000214788","Significant"
140.667999933479,0.858813337609954,0.310378362872006,2.7669884255563,0.00565767637994326,0.0456291257982183,"ENSG00000166927","Not Sig"
238.514936284869,0.250827711178307,0.0881347580524399,2.84595676803316,0.00442782057973258,0.0392457891185002,"ENSG00000167987","Not Sig"
327.582637380694,0.326097775634052,0.0955808776076198,3.41174703346786,0.000645479844409451,0.0116861341748017,"ENSG00000149476","Not Sig"
27.7480716395804,1.88135068101192,0.579932782807999,3.24408403315731,0.00117828978646804,0.0170475017425059,"ENSG00000243742","Significant"
2985.66429908015,1.76516983278937,0.609240413496755,2.89732886014262,0.00376355014119522,0.0356054724713516,"ENSG00000124920","Significant"
221.823031741944,-0.410186482525445,0.123346978522397,-3.32546842605443,0.000882700972489993,0.0142121781804831,"ENSG00000168496","Not Sig"
3788.12615523988,0.78445029124858,0.279346892532082,2.80815828713215,0.00498257298197586,0.0422847193276853,"ENSG00000134824","Not Sig"
2603.56029502829,0.743710719923943,0.25366697800195,2.93183892433262,0.0033696146563454,0.0330385701641451,"ENSG00000149485","Not Sig"
213.094328851858,-0.314208558861386,0.114628475264007,-2.74110388485684,0.00612331439204005,0.0480764875412703,"ENSG00000185085","Not Sig"
67.7783834239357,-0.611375394340292,0.199132642834551,-3.0701917357078,0.00213921390713167,0.0247923926274396,"ENSG00000168000","Not Sig"
1445.35658123246,-1.01606601031215,0.373330466249054,-2.72162628601094,0.00649615591446582,0.0496450712237278,"ENSG00000162188","Significant"
175.598276887279,-0.456221177493531,0.109363860115816,-4.17158992934588,3.02481633115806e-05,0.00160063534794143,"ENSG00000162222","Not Sig"
176.965808719931,0.384411703915198,0.118606891255609,3.24105707388244,0.00119087338468686,0.0171842948487286,"ENSG00000162227","Not Sig"
171.442726296793,0.82277345291945,0.202187810173203,4.06935241157528,4.71439924095153e-05,0.00214447255984548,"ENSG00000255717","Not Sig"
1.75356952027704,3.09634958346962,1.06319804056554,2.91229805297855,0.00358780110642705,0.0345511665095912,"ENSG00000133317","Significant"
107.566416329456,-0.457207520140149,0.152875019478349,-2.99072746940779,0.00278313758326554,0.0289717150469837,"ENSG00000133315","Not Sig"
349.988355673636,0.918931553553286,0.14702692017945,6.25009047616388,4.10214980570855e-10,2.88003301753943e-07,"ENSG00000126500","Not Sig"
163.055125387085,0.382563811264776,0.110125790154084,3.47388028480437,0.000512989856911978,0.0100117457151095,"ENSG00000149743","Not Sig"
153.850937368564,-0.319309510747993,0.109501286277637,-2.91603433715283,0.00354511482633192,0.0342344230898004,"ENSG00000110011","Not Sig"
328.464381631663,-0.282826938382758,0.094492329767125,-2.9931205959233,0.00276140610563084,0.0288908052910294,"ENSG00000173153","Not Sig"
34.3796697080676,-0.754210570652415,0.256713354600257,-2.93794832694559,0.0033039208620123,0.0326706095914108,"ENSG00000269290","Not Sig"
310.403249638198,-0.307219411955728,0.0996030270924156,-3.08443850477233,0.00203936765450399,0.0240085252605404,"ENSG00000133895","Not Sig"
36.7258161900059,-0.858522238876867,0.256266743538246,-3.3501117898614,0.000807789522161708,0.0134190639238806,"ENSG00000146670","Not Sig"
1498.07334222298,-0.281835026506655,0.080309554490155,-3.50935860989249,0.000449188814213145,0.00918670903741307,"ENSG00000149823","Not Sig"
29.5786983498185,-0.893879020933618,0.191594351279743,-4.66547690452775,3.07902079422362e-06,0.000311156044579894,"ENSG00000173825","Not Sig"
3877.15735730383,1.72978664316799,0.483397767884434,3.57839187122919,0.000345714840589598,0.00784963934645947,"ENSG00000245532","Significant"
2.49257260667689,-1.70830831614812,0.583615768458939,-2.92711130931054,0.00342126410953371,0.0334099213683199,"ENSG00000270117","Significant"
1027.47529555017,-0.402779972979475,0.106125356404335,-3.79532268843359,0.000147451546235839,0.00450098375517842,"ENSG00000142186","Not Sig"
136.524143888893,-0.554455127809389,0.145013161386542,-3.8234814171898,0.00013158051281426,0.00412023063541271,"ENSG00000254470","Not Sig"
327.231235680995,0.413370321626464,0.10390165621209,3.97847673171512,6.93581973988512e-05,0.00274432738087237,"ENSG00000172732","Not Sig"
514.559287997877,-0.602759203976602,0.118663492921895,-5.07956734741779,3.78295402523985e-07,6.76107545345878e-05,"ENSG00000175573","Not Sig"
1.20664621736387,3.04501110340472,1.09602675165886,2.77822699016791,0.0054656421760567,0.0447019827145974,"ENSG00000175513","Significant"
1267.91762201901,-0.746527469323792,0.24343202394457,-3.06667733039831,0.00216452374932815,0.024998843769838,"ENSG00000174996","Not Sig"
3.62827979254568,2.1916224946899,0.746147138962059,2.93725242683178,0.00331134448305691,0.0327195616167803,"ENSG00000254855","Significant"
36.4577171954584,-0.848204076582599,0.212547214875635,-3.99066191988871,6.5889147559652e-05,0.00267933225359244,"ENSG00000255468","Not Sig"
677.628784619561,-0.775280238409899,0.185021807128716,-4.19021006464687,2.78696321710978e-05,0.00153777006520079,"ENSG00000174516","Not Sig"
21.315742920608,1.49295162782217,0.338804358115554,4.40653017607577,1.05039680779575e-05,0.000757392876626564,"ENSG00000213402","Significant"
7.35756695230809,1.20818361121882,0.424607913263191,2.84541002058512,0.00443542887197859,0.0392543543006297,"ENSG00000175544","Significant"
125.244533379227,0.738846409665077,0.19063514581094,3.87570931121913,0.000106314544632586,0.00358579739096429,"ENSG00000172663","Not Sig"
602.107138970888,-0.434261772520757,0.128871265454809,-3.36973312854634,0.000752410149669962,0.0128015953693965,"ENSG00000110717","Not Sig"
98.5547824521877,0.871828611977919,0.214003659925911,4.07389580290239,4.62331727760536e-05,0.00212315041877578,"ENSG00000110719","Not Sig"
755.310230350665,-0.5603837731549,0.150481104208791,-3.72394777471444,0.000196131515646951,0.00549642090960609,"ENSG00000110090","Not Sig"
5.55960610932552,-1.18778105699522,0.38067898264704,-3.12016452480781,0.00180750053797442,0.0223561923285208,"ENSG00000250508","Significant"
21.4925614271403,0.931312614534039,0.324145926032538,2.87312762474934,0.00406429893352027,0.0372105117527066,"ENSG00000255980","Not Sig"
698.696838389447,0.771834098559923,0.205222658040246,3.76095946680781,0.000169262858985606,0.00499531395450994,"ENSG00000110092","Not Sig"
2.90427957504671,-2.12500891916919,0.532921566185506,-3.98747030333071,6.67815604078246e-05,0.00269789648730937,"ENSG00000226627","Significant"
387.397986518111,1.05093674012593,0.310872745040606,3.38060108803896,0.00072327464486354,0.0124572267594024,"ENSG00000172890","Significant"
3.14765446583176,2.45684852971367,0.838142230723779,2.93130263534395,0.00337543773030174,0.0330592155678121,"ENSG00000254978","Significant"
62.2265939213872,0.80501283401647,0.289115764246474,2.78439619546373,0.00536274835964475,0.0442128440936225,"ENSG00000137496","Not Sig"
706.466404235278,-0.332859859656135,0.102091510821427,-3.2604068347892,0.00111252509674577,0.0164152882680811,"ENSG00000162129","Not Sig"
239.40632187566,-0.355939243815792,0.121377691916249,-2.9324930981666,0.0033625239629034,0.0330068062775592,"ENSG00000214530","Not Sig"
2.80474530600776,2.32545341339227,0.767103137278595,3.03147425734973,0.00243362670967732,0.0265984133500538,"ENSG00000187726","Significant"
85.5730305132153,1.42266774461375,0.306976351505787,4.63445388426583,3.57881000671588e-06,0.000344689791224451,"ENSG00000175567","Significant"
198.785321427196,-0.465903245814627,0.161956541419683,-2.87671767827714,0.00401834934864783,0.0369419511621555,"ENSG00000162139","Not Sig"
100.991386696486,3.25885783871336,0.677425399036263,4.81065198226928,1.50438760508043e-06,0.000191121699599718,"ENSG00000207445","Significant"
6.75211297070671,-1.25862189241716,0.392612096878606,-3.20576442352034,0.00134704218975136,0.018567815580532,"ENSG00000271757","Significant"
103.213754699241,-0.680853051031756,0.187625841140401,-3.62878080595664,0.000284762892763952,0.00694287418410089,"ENSG00000137507","Not Sig"
307.75042761784,-0.369359832919886,0.129585242918293,-2.85032326676871,0.00436748148202431,0.0389249809840734,"ENSG00000188997","Not Sig"
20.6995540751543,3.00112631407171,0.654710712868314,4.58389675788816,4.5638964479128e-06,0.000421315547868047,"ENSG00000245832","Significant"
2.60664803130139,4.21536851208539,1.15805191001665,3.64005143087651,0.000272583589466295,0.00674358556064227,"ENSG00000255246","Significant"
105.875905147339,1.42123001769204,0.300276153041696,4.73307654735636,2.21142041480114e-06,0.000239831240839349,"ENSG00000246067","Significant"
3.06524359759935,2.21844619588267,0.753250180700619,2.94516516918619,0.00322782301468831,0.0321205110812642,"ENSG00000255234","Significant"
10.2686224468624,3.11739927712316,0.751520330612868,4.14812367694817,3.35211305692267e-05,0.00171093853872639,"ENSG00000250257","Significant"
3.4513980061648,2.40507830238312,0.857248735767689,2.80557812690072,0.00502264037134448,0.0424719564079554,"ENSG00000165325","Significant"
368.425281448322,-1.40012372111472,0.510412611007098,-2.74312133148929,0.00608581941709805,0.0478685876191535,"ENSG00000123901","Significant"
108.240187601194,0.639406061882015,0.226894950229275,2.81807092328808,0.00483131366978157,0.0414868518409355,"ENSG00000196371","Not Sig"
16.4885230215557,1.31555665654065,0.455917011595767,2.88551780933998,0.00390770351943877,0.0363834045177466,"ENSG00000270689","Significant"
592.881363732834,0.836353132106054,0.188278113682059,4.4421155266001,8.90787082505153e-06,0.000683976924834751,"ENSG00000149231","Not Sig"
6.62268826779254,-1.30939918874106,0.425023899837499,-3.08076602102068,0.00206468826108319,0.024180780560772,"ENSG00000187151","Significant"
602.199177465588,-0.606981822009664,0.181446609359947,-3.34523650869417,0.000822124330197628,0.013579751244263,"ENSG00000110318","Not Sig"
791.012234051272,0.302160346329648,0.103826249243516,2.91025004304022,0.00361139706620073,0.0346951610836043,"ENSG00000110330","Not Sig"
10.6172541431781,1.64748013160611,0.420349412562465,3.9193111310969,8.88024183075316e-05,0.00320589948312129,"ENSG00000255337","Significant"
6.0643429462895,3.88988208369697,1.01024079902713,3.85045039503745,0.000117900808624625,0.00385947935373788,"ENSG00000149968","Significant"
10.4619946708527,-1.6042068467775,0.451639301810223,-3.55196467700585,0.000382366187033822,0.00832797570503495,"ENSG00000256422","Significant"
167.559500664916,-0.337996072953492,0.101776984254951,-3.32094800634702,0.000897122483308799,0.0143912071469306,"ENSG00000137760","Not Sig"
1220.64039085112,-0.95850154296868,0.333097271521218,-2.8775424625705,0.00400785966754193,0.0369120250759257,"ENSG00000110675","Not Sig"
12.771278985017,3.55467757936982,0.891510780225722,3.98725136948968,6.68431942018625e-05,0.00269789648730937,"ENSG00000170290","Significant"
2001.25170286649,0.611900162784182,0.203595215170572,3.00547418205055,0.00265167106366584,0.0281064490693449,"ENSG00000149311","Not Sig"
15.285248858506,1.10621810555115,0.294818800304414,3.75219661842774,0.000175291897764249,0.00513349345823535,"ENSG00000166323","Significant"
12.1393905722909,1.81619833109049,0.60812495044437,2.98655453910147,0.00282140507115968,0.0292479095044939,"ENSG00000110777","Significant"
24.8768759363566,-0.505476119130609,0.155714053882886,-3.24618174484612,0.00116964143242503,0.0169868610645985,"ENSG00000255561","Not Sig"
1733.34173760057,0.801255793644867,0.246348898546306,3.25252436025913,0.00114384790651073,0.0167398345023587,"ENSG00000150764","Not Sig"
71.0839444927371,0.818897022310795,0.233113655991221,3.51286594013023,0.000443301086354534,0.00914905253529462,"ENSG00000150782","Not Sig"
3.97208218004926,2.58731333936085,0.81668564721237,3.16806515235359,0.00153457126143117,0.020140993606955,"ENSG00000268472","Significant"
111.533426802732,1.41761877852043,0.197504022058249,7.17767042790824,7.09092388679797e-13,1.41999850349936e-09,"ENSG00000250303","Significant"
17.1466533674893,1.10479262259386,0.396451919075759,2.78670015059945,0.0053247723976878,0.0440188503195817,"ENSG00000247416","Significant"
3.17168545529619,2.52284415362925,0.76728578935626,3.28801104963233,0.00100897879316935,0.0155196546445508,"ENSG00000227487","Significant"
64.1048212306302,-2.11145551044541,0.67363737311928,-3.13440969088207,0.00172200249732475,0.0215484543274517,"ENSG00000149305","Significant"
907.923566474071,-0.599816112980201,0.160422924223243,-3.73896758137573,0.000184777551179822,0.00530627434458209,"ENSG00000109906","Not Sig"
10.0757770849267,1.32001054246914,0.415695278219427,3.17542828035771,0.00149615500866334,0.0198487913854447,"ENSG00000256533","Significant"
1.30475300502496,3.17507650982289,1.15635016583357,2.74577425042707,0.00603682876418923,0.0476498682247942,"ENSG00000256674","Significant"
63.0689084941611,2.0951817088127,0.582814191827346,3.5949394132691,0.000324467077137279,0.00759215357028908,"ENSG00000231865","Significant"
510.255834114645,0.902986680022502,0.33030114864833,2.73382845841662,0.00626026497552041,0.0486648045693208,"ENSG00000177103","Not Sig"
4.68690728730535,1.4910266557768,0.523742170609114,2.84687149412225,0.00441511810473187,0.0391983147807459,"ENSG00000137747","Significant"
16.9167825204908,1.28193633422176,0.432072970564251,2.96694406166547,0.00300775675689281,0.0305563019126981,"ENSG00000160593","Significant"
625.110760223701,-0.580802154945894,0.195764645155439,-2.96683885123758,0.0030087861285902,0.0305563019126981,"ENSG00000149582","Not Sig"
1652.71838962492,-0.361473838521422,0.0985719800300804,-3.66710538239278,0.000245311714127646,0.00633333788694651,"ENSG00000095139","Not Sig"
46.6846143669096,2.2475634828019,0.692723445064823,3.24453214167102,0.00117643739652729,0.0170391820314613,"ENSG00000255176","Significant"
24.307254223497,0.97568890289003,0.307498075048454,3.17299190486407,0.00150876731204624,0.0199565707080226,"ENSG00000255121","Not Sig"
331.832512828186,-0.48944945222978,0.107380895196986,-4.5580682795753,5.16262552350047e-06,0.000464506687756514,"ENSG00000196655","Not Sig"
8.87185969509131,1.68345471290068,0.561469755523016,2.99829990189324,0.00271490370413882,0.0286459886339912,"ENSG00000248712","Significant"
8.36072084199707,1.80448292254377,0.455912109531094,3.95796225811962,7.5591898167275e-05,0.00293981960817016,"ENSG00000254854","Significant"
7.50785168333964,2.41258540222905,0.749816270499992,3.21756875270296,0.00129282038041073,0.0181055931385711,"ENSG00000137699","Significant"
416.233813563082,0.713233898660342,0.1779745246573,4.00750556875325,6.13634151825503e-05,0.00257298866601372,"ENSG00000149403","Not Sig"
7.99527828129178,2.46899636741874,0.785612677390038,3.14276543451569,0.00167359896020021,0.0212419279153957,"ENSG00000259571","Significant"
2.77318869379313,3.13818907902035,1.08984933492885,2.87947056390616,0.00398343482048125,0.0367923056364256,"ENSG00000255219","Significant"
414.976772282451,1.16023073646646,0.365986481557148,3.17014642598294,0.00152362136678149,0.02008426660499,"ENSG00000110002","Significant"
1323.63870412124,-0.351599895989876,0.116288249765669,-3.02352040467013,0.00249852179094372,0.0270747615193288,"ENSG00000154144","Not Sig"
195.162405736483,0.681137744007815,0.250016710249604,2.7243688764955,0.00644245065549774,0.0495070874089058,"ENSG00000154134","Not Sig"
146.012345497079,0.45377982853458,0.152463001525566,2.97632752860691,0.00291723119074626,0.0298767028552474,"ENSG00000154133","Not Sig"
46.2390177012515,1.22817586942133,0.33475288435898,3.66890302311559,0.000243593452182079,0.00631567513193944,"ENSG00000134955","Significant"
15.8275913149051,1.53335471168077,0.41618782758112,3.68428533960885,0.000229345210435916,0.00611258828093885,"ENSG00000203306","Significant"
1.32761844027705,-3.17787596171253,1.00887169063685,-3.14993075056601,0.00163309166949662,0.0209770113868562,"ENSG00000254880","Significant"
7.1355521171612,-1.75457161622942,0.435516609781469,-4.02871343324844,5.60829308037958e-05,0.00243582082337723,"ENSG00000134940","Significant"
76.3588312729634,-0.566684631042167,0.202084285113462,-2.80419939988899,0.00504416988239403,0.0425730491276148,"ENSG00000198331","Not Sig"
80.7162810261176,-0.453388737293827,0.14851703684291,-3.05277257701678,0.00226737704335845,0.0256754465788455,"ENSG00000110060","Not Sig"
234.646052411317,-0.356666241110195,0.0922543599861497,-3.86611799337985,0.000110581453184994,0.00370163436577474,"ENSG00000165526","Not Sig"
613.017840527576,-0.204931973304289,0.0723759917726493,-2.83149105504531,0.00463315294735557,0.0404343760165192,"ENSG00000182934","Not Sig"
383.292289988476,-0.501724399521558,0.149297867619321,-3.36055971543313,0.000777847137445328,0.0131011261236767,"ENSG00000110074","Not Sig"
1.89047764769674,-1.51360169076524,0.527380577165154,-2.87003685062001,0.00410423964427669,0.0374476776572017,"ENSG00000255062","Significant"
83.9937897017873,-0.496268406022318,0.157283486920599,-3.15524799035545,0.00160361736294794,0.0207583249034877,"ENSG00000110063","Not Sig"
17.4449946734353,2.18913440632731,0.634552011391387,3.44988963399104,0.00056081577919496,0.0106377826010722,"ENSG00000254938","Significant"
23.9244883020188,0.992794803996902,0.35311231754408,2.81155528898526,0.0049302616567206,0.0420372165994404,"ENSG00000273409","Not Sig"
30.6723554905161,0.774986008414904,0.194761806540028,3.97914777123217,6.91627446284974e-05,0.00274432738087237,"ENSG00000174370","Not Sig"
11.917219401449,1.45364483635023,0.377050422217502,3.85530621554826,0.000115584858553794,0.0038131026172446,"ENSG00000043039","Significant"
1455.06821964052,-0.544857678408411,0.0926410256729846,-5.88138650722321,4.06843872539371e-09,2.17083753509558e-06,"ENSG00000182667","Not Sig"
64.0101309267603,1.71343587168025,0.547000803835478,3.13241929384002,0.0017337208513055,0.021664608239803,"ENSG00000224795","Significant"
47.6058396990829,-0.695732819022439,0.221566052682392,-3.14006956661249,0.00168907719529967,0.021366946654054,"ENSG00000204241","Not Sig"
481.756967416168,-0.320222572276359,0.0879503219185473,-3.64094826819308,0.000271635717684862,0.00673510159118442,"ENSG00000151500","Not Sig"
368.032939897129,-0.267135381764917,0.0773711858410795,-3.45264685891739,0.000555115211072048,0.0105634227647583,"ENSG00000151498","Not Sig"
4203.72714633686,0.316207069262738,0.110581426661613,2.85949529508562,0.00424315712391337,0.0382652347095198,"ENSG00000109956","Not Sig"
43.4047217889493,-2.38102079694977,0.702365125439408,-3.39000430219279,0.000698915268132627,0.0122008503279298,"ENSG00000251226","Significant"
10.3200791736103,1.96396060275577,0.681899496045405,2.88013206366264,0.00397508624776299,0.036746821207231,"ENSG00000256577","Significant"
340.682166450131,-0.384821054775568,0.094221274489665,-4.08422680397704,4.42238211402559e-05,0.00206990758631735,"ENSG00000171823","Not Sig"
13.703594198086,1.16074731853585,0.326108917371057,3.55938539765568,0.00037172369862398,0.00821641802451463,"ENSG00000151062","Significant"
9.07387988428468,3.39944844412828,0.883929596015887,3.84583620624372,0.000120142002762561,0.00389461542126653,"ENSG00000235049","Significant"
144.478026353356,-0.394206366006808,0.0871234255332908,-4.52468855068351,6.04845093951684e-06,0.000527341903971797,"ENSG00000151065","Not Sig"
1539.67485374267,-0.451063135447039,0.117542015747247,-3.83746299210122,0.000124311961390794,0.0039909973741817,"ENSG00000004478","Not Sig"
3.16227480498718,3.21671990688608,1.05613610813993,3.04574370868862,0.0023210558956806,0.0260319452518077,"ENSG00000258092","Significant"
14.9937248223572,-0.780056225933694,0.256047450304468,-3.04652994984376,0.00231499415119344,0.0260290081845411,"ENSG00000197905","Not Sig"
211.359000287484,-0.641259402664015,0.192683658556454,-3.32804248927075,0.000874585264542291,0.0141498243012273,"ENSG00000011105","Not Sig"
21.512263035579,-1.7398025940445,0.599494688010827,-2.90211511267482,0.00370652313484045,0.0353165466837173,"ENSG00000250770","Significant"
14.2500264331518,1.133324718485,0.373989159427618,3.03036783263859,0.00244256064505188,0.0266550272199644,"ENSG00000130035","Significant"
1.40701294724794,3.16779968607558,1.02198402034447,3.09965676861351,0.00193745016953987,0.0233254661882465,"ENSG00000256433","Significant"
266.533518431901,0.586678508258301,0.168766969393772,3.47626381137084,0.000508451864019511,0.0099810801124552,"ENSG00000215039","Not Sig"
698.252248412761,-1.58826097237521,0.223704807308053,-7.09980706935854,1.24931168778375e-12,1.83003238950955e-09,"ENSG00000139190","Significant"
5482.74947234529,1.96031414970072,0.270269217660677,7.25319060257129,4.07066602490204e-13,9.87284535257831e-10,"ENSG00000239002","Significant"
25117.3549563504,-0.4750005126253,0.153852656978848,-3.08737282769581,0.00201934154635429,0.0238909149069561,"ENSG00000111640","Not Sig"
160.840434952385,-0.321687893127969,0.0900484097880856,-3.57238838403709,0.000353740267286913,0.00795066267139643,"ENSG00000111641","Not Sig"
3.54443024032596,4.51253881067075,1.12798932777153,4.00051551869357,6.3204641874939e-05,0.00262245200712519,"ENSG00000251898","Significant"
1062.15710785737,-0.37591332989489,0.132737938578914,-2.83199614156586,0.00462584068611529,0.0404102173100426,"ENSG00000111652","Not Sig"
7178.45538821916,-0.897472896523393,0.266159263717787,-3.37193935686191,0.000746408814616326,0.0127323790058497,"ENSG00000111674","Not Sig"
887.860610583449,-0.299756054587697,0.103059486570875,-2.90857314121735,0.00363082233691537,0.0348190902683556,"ENSG00000215021","Not Sig"
117.749166105022,-0.534029028698699,0.191702886290617,-2.78571198917226,0.00534103036139171,0.0441051113842694,"ENSG00000139178","Not Sig"
27.2770559230442,0.705926624732909,0.208792606946882,3.38099435155049,0.000722240275424467,0.0124474472274221,"ENSG00000111729","Not Sig"
297.85278282249,0.630778563538086,0.160169242570122,3.93820032745633,8.20950419906299e-05,0.00309352206958759,"ENSG00000226711","Not Sig"
11.8137914761606,-1.33611123747377,0.491443889639626,-2.71874626105034,0.00655298557702939,0.0499363331075599,"ENSG00000166523","Significant"
20.4666366559986,1.85151600849427,0.629917914947889,2.93929727121261,0.00328957394911864,0.0325649511645774,"ENSG00000197614","Significant"
300.433948415516,0.40154116856681,0.139274098898491,2.88310010075506,0.00393782284047629,0.0365393092914178,"ENSG00000111752","Not Sig"
7.06506589856001,3.27574436095329,0.935279167816026,3.50242416775143,0.000461045002430996,0.00933304225454994,"ENSG00000126838","Significant"
25.4633207609255,2.79855905297849,0.719182819062047,3.89130410071302,9.97068733025564e-05,0.0034412414913828,"ENSG00000110848","Significant"
2.38482187301145,4.08336145352376,1.08191804839185,3.77418738840081,0.000160530066214726,0.00477730545085864,"ENSG00000256660","Significant"
89.6124996400136,0.99144650794564,0.34719028154913,2.85562862970098,0.00429517204824049,0.0385444317047459,"ENSG00000172243","Not Sig"
30.3347137394097,1.52787008949477,0.496784781268713,3.07551709936206,0.00210137878728595,0.0244763199934506,"ENSG00000165685","Significant"
1.79766722276929,3.06176556991514,1.06328166852386,2.87954326736936,0.00398251647569012,0.0367923056364256,"ENSG00000183542","Significant"
19.2696430930912,5.96056750941185,1.06885238819149,5.57660494120912,2.45257984926672e-08,8.60952339455091e-06,"ENSG00000205809","Significant"
8.30404189894772,1.38867123573701,0.470410969832128,2.95203837664027,0.00315683693909441,0.0316147085806358,"ENSG00000256682","Significant"
19.6421048106288,1.75658589601532,0.519187638860822,3.38333535804039,0.000716111299242808,0.0123786653372285,"ENSG00000212128","Significant"
45.68892162218,1.15107819062842,0.320164319093896,3.59527318311459,0.000324051353376073,0.00759215357028908,"ENSG00000212127","Significant"
21.0781495006604,1.16307990545423,0.368888598508697,3.15292993645291,0.00161640597809861,0.0208291385920406,"ENSG00000256436","Significant"
21.5706676932753,1.29154642934487,0.47084988294786,2.74301104474925,0.0060878637801937,0.0478685876191535,"ENSG00000256188","Significant"
11.9314832709552,2.54003704318405,0.635036164184154,3.99983053948951,6.33878569189894e-05,0.00262419759673029,"ENSG00000256981","Significant"
239.472764049791,-0.65216143175824,0.101609320359799,-6.41832293975525,1.37783733683831e-10,1.19817465810746e-07,"ENSG00000111261","Not Sig"
16.4072160077527,1.06068000311018,0.344686345178126,3.07723244029885,0.00208932310678615,0.0244050136453361,"ENSG00000255670","Significant"
182.532732387395,0.911453556219929,0.246243479717562,3.70143224610598,0.000214385905951788,0.00583632814784463,"ENSG00000013583","Not Sig"
1378.42009114914,-0.635916301110399,0.215968516251739,-2.94448613227105,0.00323491443205443,0.0321677883359378,"ENSG00000084444","Not Sig"
191.702958786834,-0.479774913078518,0.143103086610012,-3.3526524440805,0.000800411487879696,0.013346361303214,"ENSG00000197837","Not Sig"
47.6991385798301,1.17700343159628,0.299925161996458,3.9243237338326,8.69737129103737e-05,0.00316990667586866,"ENSG00000111404","Significant"
199.263998252124,0.660969828815755,0.227387651177186,2.90679738056977,0.00365149633919816,0.0349670749581722,"ENSG00000172572","Not Sig"
677.410920831538,-0.721015147052716,0.220576789536205,-3.26877160814951,0.00108015451856488,0.0161714042653156,"ENSG00000139155","Not Sig"
6970.38274181821,-0.580795285214716,0.131435713909807,-4.41885441892352,9.92254555143548e-06,0.000727262617491064,"ENSG00000111716","Not Sig"
421.529118864338,0.459854888457393,0.154156604588082,2.98303721521474,0.00285403288892324,0.029479320463288,"ENSG00000205707","Not Sig"
22.9454038654325,1.81981048973854,0.602974393477614,3.01805600606504,0.00254401883759799,0.0273897815045508,"ENSG00000152936","Significant"
1.61166817673687,3.54817913336048,1.26723035883249,2.79994801941886,0.00511108362028973,0.0428800628634307,"ENSG00000256686","Significant"
482.301585287232,-0.394857569941645,0.12267480450295,-3.21873404682825,0.00128757845559028,0.0180701239435525,"ENSG00000152944","Not Sig"
12.475065064095,1.60521613454046,0.47827488129123,3.3562626793336,0.00079003492530091,0.0132146343398765,"ENSG00000257511","Significant"
20.1808328613321,1.13176037539155,0.402366015706447,2.81276333291836,0.00491177874122599,0.0419130622231445,"ENSG00000257680","Significant"
114.497259965655,0.511576886806588,0.176955834382856,2.89098626553198,0.00384034903374591,0.0359875911033745,"ENSG00000257742","Not Sig"
297.277162001145,0.583713481147872,0.137641688239212,4.24081895983009,2.22705715101417e-05,0.00131450570203334,"ENSG00000129317","Not Sig"
21.4174193834307,1.13194047046726,0.358948976547524,3.15348571642296,0.00161333123472296,0.0208049858475428,"ENSG00000257657","Significant"
31.4911274447393,0.507136749015914,0.183884273389867,2.75791257004722,0.00581717542822642,0.0465264915717432,"ENSG00000179715","Not Sig"
4.11920306509388,2.20280742827429,0.687656906315635,3.20335243933869,0.00135837631970661,0.0186628674050118,"ENSG00000258181","Significant"
30.4701170117911,-0.65102093238254,0.218713086448085,-2.97659798485387,0.00291465926808448,0.0298732979689688,"ENSG00000257433","Not Sig"
2800.02063750956,-0.668693434554982,0.173980837337499,-3.84348900021563,0.00012129743848331,0.00390832652330463,"ENSG00000152556","Not Sig"
16.0574218570435,1.39259435532515,0.392631919464833,3.5468190085597,0.000389912361770559,0.00842942476428191,"ENSG00000257735","Significant"
55.3056616345324,4.54825123370064,0.777235441154622,5.85183200980129,4.86187574563499e-09,2.44735817014709e-06,"ENSG00000221491","Significant"
14741.5401668876,0.838046304506347,0.236550004934417,3.54278709374237,0.000395922205992702,0.0084879956805463,"ENSG00000167552","Not Sig"
637.99548221455,-0.335033118176113,0.11191114153245,-2.99374229936674,0.00275578596852483,0.0288902062986446,"ENSG00000050426","Not Sig"
780.231848671476,-0.652637455039691,0.182338782776211,-3.57925749587069,0.000344571828075251,0.00783702625849925,"ENSG00000184271","Not Sig"
874.911935755491,-0.575302574356177,0.183608496554891,-3.13331128542946,0.00172846026133712,0.0216191239157117,"ENSG00000135503","Not Sig"
355.209295194296,1.6035506593115,0.424708064694939,3.77565389643192,0.000159588455862497,0.00475716247369336,"ENSG00000123358","Significant"
6.98640472784529,2.36576232983329,0.723328868320297,3.27065935488932,0.00107297071047623,0.0161607511327126,"ENSG00000170523","Significant"
148.803009280283,1.10173974066626,0.388819056353845,2.83355386692678,0.00460335488205493,0.0403008335935899,"ENSG00000257337","Significant"
146.494571427727,-1.33120551512898,0.394531661917414,-3.37414114917763,0.000740463892282588,0.0126667873148882,"ENSG00000167779","Significant"
84.7861872608678,0.611801465246241,0.178154089807083,3.4341140633299,0.00059449397516872,0.0110526165599486,"ENSG00000172819","Not Sig"
3.67240660959568,1.92809871513613,0.686282960022724,2.80948067699697,0.00496214978032954,0.0422012094323914,"ENSG00000135476","Significant"
5.88018696204625,1.72750838899231,0.514003422421901,3.36088888446029,0.000776920741766919,0.013093789304864,"ENSG00000170374","Significant"
952.709089424252,0.495617476469403,0.131713124595954,3.76285566066228,0.000167984163661371,0.00496306700146369,"ENSG00000197111","Not Sig"
744.966771926066,-0.523329105493701,0.175720024561428,-2.9781984540456,0.00289948180678356,0.0297823651862918,"ENSG00000139625","Not Sig"
405.973296683557,0.87357236023282,0.272707807936619,3.20332727853487,0.00135849501482562,0.0186628674050118,"ENSG00000170653","Not Sig"
1.7731914495828,4.28836881586655,1.07779900203,3.97882054797746,6.92579893119219e-05,0.00274432738087237,"ENSG00000250654","Significant"
31.917287884339,0.804788676297926,0.277801070341185,2.89699631217948,0.00376754184139681,0.0356054724713516,"ENSG00000250742","Not Sig"
20.8454565267773,1.09210308471861,0.291181377520214,3.75059385328583,0.000176416256172403,0.00514707302853854,"ENSG00000205323","Significant"
2409.927573744,0.375015220518609,0.0799206421584853,4.69234493605471,2.7009123755455e-06,0.000283863072097831,"ENSG00000092841","Not Sig"
372.651402115722,-0.518767744929813,0.141180173842568,-3.67450847247361,0.000238307736952745,0.00623157968607851,"ENSG00000139579","Not Sig"
1421.30658875882,-0.443329635398775,0.134303664780529,-3.30094965110027,0.000963581727403973,0.0151689159410685,"ENSG00000062485","Not Sig"
179.905433198256,0.291365511977779,0.106451359931759,2.73707646538812,0.00619878827443267,0.0483603653850638,"ENSG00000076067","Not Sig"
1010.48329125769,0.559331563839369,0.155994857221884,3.58557694657707,0.000336333813752569,0.0077154340645785,"ENSG00000076108","Not Sig"
6196.0703208403,-0.437878516263202,0.152355393137295,-2.87405983632367,0.00405232181252683,0.0371390909091045,"ENSG00000110955","Not Sig"
94.3854030480783,-1.10828043550783,0.389875837700872,-2.84264970623325,0.00447402136644176,0.0395108957415755,"ENSG00000166863","Significant"
6.10266477365171,2.16230416678288,0.538842661271937,4.01286743272845,5.99856044988577e-05,0.00252422072937701,"ENSG00000166866","Significant"
31.8988938380635,2.15783938355627,0.450255513828143,4.79247742067605,1.64734316869645e-06,0.00020266715598022,"ENSG00000182379","Significant"
13.9551168004008,2.26686563101441,0.358727420210427,6.319186946135,2.62943031244842e-10,2.00430203730889e-07,"ENSG00000185482","Significant"
724.574445011168,-0.658478497549888,0.167657664079262,-3.92751802410051,8.58269907184696e-05,0.00314529984255227,"ENSG00000166908","Not Sig"
1064.17036221994,-0.382941238247773,0.109334540369968,-3.50247265824661,0.000460961091214989,0.00933304225454994,"ENSG00000178498","Not Sig"
7.02251129469836,1.4775235413173,0.506208066289892,2.91880679054837,0.00351373931830646,0.0340265158886018,"ENSG00000257354","Significant"
409.484905350674,0.568285963496993,0.203539270267614,2.79202122887543,0.00523799194792449,0.0435748011158957,"ENSG00000196935","Not Sig"
2.74091729753333,4.21927538515669,1.1918433372001,3.54012583152807,0.000399936296992995,0.00851780100368853,"ENSG00000256571","Significant"
195.323894528466,0.471586924705485,0.139768114534529,3.37406658361255,0.00074066450058944,0.0126667873148882,"ENSG00000174206","Not Sig"
1.7503739247393,2.84431555858448,1.03872570863809,2.73827395907411,0.00617626019945446,0.0483073719909837,"ENSG00000256192","Significant"
251.675540578302,0.505344425724878,0.138310069088234,3.65370669725062,0.00025848152371742,0.00655138579480625,"ENSG00000153179","Not Sig"
450.261132669295,-0.939631900219762,0.255019189136025,-3.6845537130093,0.000229103710396279,0.00611258828093885,"ENSG00000111490","Not Sig"
202.917409287148,-0.639237425287177,0.214621713470815,-2.97843780552103,0.00289721821620264,0.0297823651862918,"ENSG00000090376","Not Sig"
47.7990206520078,0.86105558608755,0.280567616100286,3.06897709028463,0.00214793062182221,0.0248502346312206,"ENSG00000127311","Not Sig"
2.04261946919093,3.17268660576624,1.03630118152302,3.06154876819056,0.00220195118759188,0.0252670347241995,"ENSG00000247131","Significant"
10.4000713776582,2.70017802817289,0.825045524529902,3.27276246933332,0.00106501938307703,0.0160892707367566,"ENSG00000257139","Significant"
18.1669689739474,2.37777220101662,0.714632420095733,3.3272660659561,0.000877025916708276,0.0141635438449516,"ENSG00000127324","Significant"
175.289246274511,1.83127839065439,0.566103950271827,3.23488007772259,0.00121693831776566,0.0173815641548551,"ENSG00000139292","Significant"
24.5380612577813,1.9137303245001,0.589298886867501,3.24746977662353,0.0011643602969593,0.0169328841343157,"ENSG00000251138","Significant"
5.1440281835022,2.38128815665823,0.847986129767905,2.8081687577956,0.00498241097326063,0.0422847193276853,"ENSG00000257183","Significant"
299.638270676854,-0.437232820146395,0.141547481805802,-3.08894806582475,0.00200866548700866,0.0238060225326977,"ENSG00000139278","Not Sig"
247.660028911037,0.918180506403209,0.213571087988049,4.29917979560317,1.71431360147816e-05,0.00109679070920469,"ENSG00000177425","Not Sig"
1.29504460873114,3.65575061334659,1.24613812229109,2.93366405212394,0.00334986572575225,0.0329660891543137,"ENSG00000252220","Significant"
1.93938666401794,-2.47035166139522,0.724440261389398,-3.41001431457903,0.000649594699247755,0.0116861341748017,"ENSG00000180318","Significant"
24.443733208703,3.32763733528732,0.855783013806321,3.88841246157337,0.000100902049528063,0.00346456342259871,"ENSG00000198774","Significant"
36.3277376943023,4.72016451450471,1.31389292025413,3.5925031954596,0.000327516636853151,0.00761894219919971,"ENSG00000133636","Significant"
2.68882977328463,3.65697809929889,1.05504768788788,3.4661732747075,0.000527922933273147,0.0101839883852453,"ENSG00000257752","Significant"
507.41483578246,0.790437543789426,0.283208879378746,2.79100551339827,0.00525445772376785,0.0436709276051098,"ENSG00000139323","Not Sig"
1.74988562989258,-1.65263266386941,0.53351535442345,-3.09762905634713,0.00195075436782012,0.0234011581740437,"ENSG00000257194","Significant"
9.03907415645093,-0.827582099996532,0.290352687919227,-2.85026498610116,0.00436828190960365,0.0389249809840734,"ENSG00000257242","Not Sig"
17.464576292074,1.09785383056234,0.273199266885915,4.01850943114275,5.85674653857613e-05,0.00249788793256571,"ENSG00000246985","Significant"
95.6031998085428,0.936035729437665,0.209008467364766,4.47845841481664,7.51840126953117e-06,0.000609676071336845,"ENSG00000120833","Not Sig"
124.741703364691,0.776116740061053,0.193298198197319,4.01512661421081,5.94138904575249e-05,0.00250807465746251,"ENSG00000169372","Not Sig"
220.999049312072,0.575735634304109,0.143456414979649,4.01331396986174,5.98721912604219e-05,0.00252342842122716,"ENSG00000173588","Not Sig"
944.166902107392,1.33272117870879,0.480425198883633,2.77404512045921,0.00553639988988172,0.0451219393960429,"ENSG00000057704","Significant"
448.263334715303,-0.482674543605827,0.158884299698292,-3.03789955661061,0.00238233347102189,0.0263617895783463,"ENSG00000184752","Not Sig"
147.821616876738,-0.33485221819009,0.110372562464663,-3.03383568083143,0.00241465910783496,0.0265433417131969,"ENSG00000139343","Not Sig"
1392.4149889562,-0.959980963925964,0.264548436922535,-3.62875311263724,0.000284793437131841,0.00694287418410089,"ENSG00000255794","Not Sig"
2848.32855048386,-0.399301117784784,0.122838386965877,-3.25062163097032,0.001151529993247,0.016806164491158,"ENSG00000075415","Not Sig"
349.132800238181,3.37762322172181,0.495511806271332,6.81643339063509,9.33284683981774e-12,1.0825696558239e-08,"ENSG00000212443","Significant"
1.31216093388446,-2.12564071830739,0.693487975081516,-3.06514430629821,0.00217564994720393,0.0250839087906023,"ENSG00000257696","Significant"
34.7217358994538,0.950491816736692,0.221278145398787,4.29546178192933,1.74330069729862e-05,0.00111001239387183,"ENSG00000139354","Not Sig"
22.5681956313776,2.96523428100622,0.695211297662868,4.26522740780338,1.99698695599218e-05,0.00121638390408483,"ENSG00000258033","Significant"
2.73345549445769,4.15031826866832,1.1639607445669,3.56568577423341,0.00036290598359973,0.00810206588824871,"ENSG00000139351","Significant"
72.5315300009637,0.753536248901191,0.20827163111839,3.61804555356293,0.000296836158620786,0.00713906676309796,"ENSG00000204954","Not Sig"
171.02179557606,0.582178504998993,0.137899877163505,4.22174781424,2.42415241844105e-05,0.00140581877464862,"ENSG00000136010","Not Sig"
423.202465853432,1.16362723423036,0.357601828283264,3.25397451074726,0.00113802490322434,0.0166820694467705,"ENSG00000166046","Significant"
267.223216425605,-0.291459515277854,0.0908258629227659,-3.20899252590309,0.00133200954601227,0.0184414544255638,"ENSG00000013503","Not Sig"
278.172446037113,0.427866361956347,0.0924463965804256,4.62826435408021,3.68743129220683e-06,0.000352605661092423,"ENSG00000008405","Not Sig"
832.54269982502,-0.261386206133564,0.0866955957605123,-3.01498829139621,0.00256989176226397,0.0275903993261329,"ENSG00000075856","Not Sig"
1820.10483097334,0.395106710349081,0.139016831738068,2.84215015843211,0.00448103806856607,0.0395405756157626,"ENSG00000110880","Not Sig"
21.6739047946697,4.3598165165886,1.34341160227871,3.24533189172509,0.00117313807697394,0.0170184896773894,"ENSG00000110887","Significant"
523.650977995008,1.01521365348255,0.347454829934368,2.92185793956101,0.00347950205810852,0.0337930962534682,"ENSG00000076513","Significant"
9.79997499087093,3.1144495659146,0.791921339978506,3.93277641185819,8.39703357547828e-05,0.00313429855272591,"ENSG00000264626","Significant"
239.464171264958,-0.447918001021478,0.161066210664513,-2.78095572729685,0.00541991280133174,0.0444850428425068,"ENSG00000204856","Not Sig"
482.693648687551,-0.266070171494829,0.0946653874893816,-2.81063838168595,0.00494433218695968,0.0420765034819449,"ENSG00000089234","Not Sig"
121.561984802194,0.844655192398601,0.244413832256936,3.45584038595112,0.000548580062841587,0.0104614492469984,"ENSG00000089127","Not Sig"
343.958391140379,0.732794752398667,0.245742410826397,2.98196290145597,0.00286406702714027,0.0295249011657942,"ENSG00000111331","Not Sig"
145.420319383046,0.935836961646495,0.257729018373948,3.63108883722459,0.000282228008145271,0.00690451101642993,"ENSG00000111335","Not Sig"
544.274192390495,-0.552314487596978,0.17551542926213,-3.14681444200614,0.00165059675917703,0.0210800722537501,"ENSG00000135144","Not Sig"
45.9437448561407,-1.09365402129084,0.394352868106068,-2.7732878590265,0.0055493008850935,0.0451805877381884,"ENSG00000249550","Significant"
4.36367724495505,4.36238227656435,1.57335847976962,2.77265628441087,0.00556008137267077,0.0451805877381884,"ENSG00000089225","Significant"
1959.98170341774,-0.551741241175451,0.115992743088647,-4.75668758651381,1.96795367929211e-06,0.000225334919355511,"ENSG00000135108","Not Sig"
9090.32983324732,-0.28218855813962,0.0851473183612843,-3.31412149637267,0.000919315518291673,0.0145990587574426,"ENSG00000089220","Not Sig"
22.9326544734492,1.31884240454901,0.299661121336131,4.40111282594335,1.07697102554935e-05,0.00076984141646614,"ENSG00000240342","Significant"
24.6364154663221,1.86359077927366,0.535647407066633,3.47913712395109,0.000503031120185855,0.00989166526087961,"ENSG00000213144","Significant"
2632.64507987047,3.62524377942559,0.575068957968891,6.30401576922138,2.90030966163186e-10,2.14937115174101e-07,"ENSG00000202538","Significant"
429.045167973463,3.92533727643135,0.642643243849385,6.10811257101043,1.00816238725946e-09,6.72419108242378e-07,"ENSG00000200795","Significant"
2.35677685831725,4.06680745009785,1.04679804373379,3.88499718206586,0.000102331075298737,0.00349116465203965,"ENSG00000241030","Significant"
17.0007611071459,-1.63752747686503,0.477874604866874,-3.42668863377079,0.000610989225710344,0.0112185695476437,"ENSG00000256008","Significant"
15.9149719017475,1.41732287889513,0.334718800918991,4.23436889413974,2.29194450022113e-05,0.00134981870466666,"ENSG00000135114","Significant"
2996.42264263412,-1.22780384489813,0.428504546875023,-2.86532279261024,0.00416584359142074,0.0377900514027589,"ENSG00000110931","Significant"
82.3156434724017,0.673277249754169,0.22908420595357,2.93899462405813,0.00329278785456001,0.0325725944278111,"ENSG00000158023","Not Sig"
443.544538911357,-0.520896522214534,0.146096353445571,-3.56543137408694,0.000363258207971478,0.00810314860407279,"ENSG00000110987","Not Sig"
204.339628795244,-0.265907328862312,0.0920204608596187,-2.88965439184189,0.00385665572302799,0.0361096396899513,"ENSG00000139719","Not Sig"
18.9311329848145,0.957464616049378,0.311452962480093,3.07418689623341,0.0021107715437602,0.0245660114293203,"ENSG00000235423","Not Sig"
62.532484302001,1.22115318769969,0.440840958637316,2.77005383409564,0.0056047028282194,0.0453802327022961,"ENSG00000197653","Significant"
1040.23429827653,-0.342260620460447,0.125446384511376,-2.72834184734443,0.00636536050543816,0.0492037962656963,"ENSG00000119242","Not Sig"
3310.45531701067,-0.681050459272058,0.217998403677603,-3.12410755208676,0.00178345254249298,0.0221202837662344,"ENSG00000139364","Not Sig"
316.969845768734,-0.880177902515616,0.160352558180944,-5.48901690437897,4.04176946245759e-08,1.18494909328468e-05,"ENSG00000181234","Not Sig"
21.6698400989159,1.80618050542443,0.481771100237357,3.74904286399613,0.000177510747104344,0.00516445934787001,"ENSG00000250208","Significant"
70.1337074211911,-0.87925986003998,0.311159192286228,-2.82575569623914,0.00471692242682157,0.0409377922658337,"ENSG00000111452","Not Sig"
1.87329089977024,3.61372025336979,1.1897348513731,3.03741648754688,0.00238615513234842,0.0263821934421564,"ENSG00000256955","Significant"
115.68844877411,2.50313372535149,0.592688275361602,4.22335623869785,2.4069092122725e-05,0.00139899631534244,"ENSG00000208892","Significant"
391.595222780918,-0.380751569736738,0.123036876279288,-3.09461343014308,0.00197069563491863,0.0235661984957392,"ENSG00000185163","Not Sig"
19.7293258510057,-1.12738996543751,0.385672727975907,-2.92317782321371,0.00346478580287516,0.0336992418647125,"ENSG00000255916","Significant"
1167.36411374607,0.240383255892409,0.0791056524127473,3.03876206769863,0.00237552389510281,0.0263317021416322,"ENSG00000198040","Not Sig"
6.81625241823502,1.87917762677164,0.566730486879692,3.31582237108511,0.000913738867803745,0.0145277945495448,"ENSG00000265624","Significant"
1094.81834067779,-1.53356083059116,0.418533593149389,-3.66412841332853,0.000248182255341459,0.00637271837368122,"ENSG00000121742","Significant"
2.08078143236368,3.22897708631561,1.16542849653828,2.77063508907391,0.00559470873695267,0.0453130644787979,"ENSG00000236953","Significant"
89.6999031764484,0.740895614056584,0.2396675779991,3.09134685735158,0.00199250732371754,0.0237075433454733,"ENSG00000127863","Not Sig"
7.1832525725004,3.51839231141155,0.866030641448497,4.062664925489,4.85156468817108e-05,0.00218013702820349,"ENSG00000228741","Significant"
2.50827870668221,4.10320978454862,1.31736891492484,3.11470062642455,0.00184131688631095,0.0225963630220284,"ENSG00000240654","Significant"
3.15920924174842,-1.76251995285841,0.601033877451362,-2.93248021281636,0.00336266349797241,0.0330068062775592,"ENSG00000075673","Significant"
3.84844671320468,1.72694825879729,0.633529314133964,2.72591689171957,0.00641231417819987,0.0494030245003428,"ENSG00000234031","Significant"
3.24962816708972,-1.52472579920934,0.511610837194767,-2.98024531217833,0.00288017631148087,0.0296451480763881,"ENSG00000230641","Significant"
4.26647310156991,1.80278619668033,0.583015771317239,3.09217397774197,0.00198696359176928,0.0237070082408265,"ENSG00000234772","Significant"
547.930286901684,0.452198740997273,0.138079489339936,3.27491608752992,0.00105693363266801,0.015976165657762,"ENSG00000152520","Not Sig"
5.06830877861619,-2.09312887579431,0.544166215328531,-3.84648810755482,0.000119822943874085,0.00389373485946006,"ENSG00000237879","Significant"
419.402552691379,-0.449723628713315,0.151170218448494,-2.97494859324123,0.00293037650469099,0.0299538370761115,"ENSG00000139597","Not Sig"
98.2648477696048,1.24422696906877,0.346276549304647,3.59315977812326,0.000326692123204655,0.00761206913098428,"ENSG00000133116","Significant"
5.89988983359441,2.75252622077603,0.764228064560761,3.6017078519068,0.000316133517594282,0.00745064144513943,"ENSG00000230300","Significant"
95.90721768836,0.430356109362773,0.130496685566972,3.29783172264487,0.00097434508233989,0.015217084073584,"ENSG00000133119","Not Sig"
103.428586964512,0.508166494231561,0.159602734852232,3.1839460313888,0.00145282096279455,0.0194772916916561,"ENSG00000133111","Not Sig"
382.593444537939,0.671220323547198,0.165626344245475,4.05261811824079,5.06476383452047e-05,0.00225580691721488,"ENSG00000102710","Not Sig"
624.720868250242,-0.650007952358499,0.178114501001901,-3.64938255280833,0.000262871389991685,0.00660371545535609,"ENSG00000183722","Not Sig"
4.73473783809708,1.52637546853763,0.543964705906896,2.80601930964043,0.00501576864992921,0.0424407522396008,"ENSG00000215483","Significant"
45.9925132989612,1.01471268110085,0.208058597257775,4.87705240002012,1.07682837126343e-06,0.000143643520584686,"ENSG00000168852","Significant"
3.64209911459747,2.74576219186797,0.830634870780737,3.30561873628921,0.000947669420023516,0.0149868834954401,"ENSG00000229473","Significant"
11.8508441757909,2.06793795873978,0.561876549882555,3.68041335622927,0.000232856173190616,0.00615984467953157,"ENSG00000233725","Significant"
307.280746905282,-0.569827977293746,0.19967172566199,-2.85382407250972,0.00431964451952675,0.0386335220035046,"ENSG00000151778","Not Sig"
5852.85445130787,-0.548067081151731,0.19483299642322,-2.81300955799709,0.00490801922735618,0.0419011343893233,"ENSG00000102804","Not Sig"
20.0194962434028,1.44603695757174,0.41682700798984,3.46915370130475,0.000522100667945855,0.0101302717964563,"ENSG00000253051","Significant"
5.44538322621082,-1.7288370805528,0.484723788602612,-3.56664376951003,0.000361582474851138,0.00808605100297864,"ENSG00000214455","Significant"
40.3875270488353,3.3440998126408,0.671818059621588,4.97768668875085,6.43487060295111e-07,9.87767464256618e-05,"ENSG00000173988","Significant"
3.88306036233039,2.102375556189,0.733996786452955,2.86428441512496,0.0041795254914061,0.0378683874445,"ENSG00000231473","Significant"
248.407988542947,0.981263382906816,0.221232464285012,4.43544027807177,9.18843029936199e-06,0.00069248059874768,"ENSG00000139679","Not Sig"
168.908481064828,-0.380464695801288,0.102602768311417,-3.70813285121617,0.000208793113519286,0.00571908775727006,"ENSG00000102543","Not Sig"
79.4522160095819,1.14245793613142,0.339747264435775,3.36267000715582,0.000771925785482435,0.0130508289169112,"ENSG00000231607","Significant"
558.03348844249,1.33891235340752,0.468100658221846,2.8603086321083,0.0042322889924243,0.038210909654446,"ENSG00000150510","Significant"
6.15724025159767,2.49767487276495,0.553610200312478,4.51161281232746,6.43365498852161e-06,0.00054838172983632,"ENSG00000224892","Significant"
103.996624287827,0.419735463212255,0.150050363395069,2.79729721218421,0.00515321049386855,0.0430979632495044,"ENSG00000102796","Not Sig"
31.1391810291604,1.33738616170566,0.342148977586965,3.90878315971507,9.27621773894028e-05,0.00329973617409584,"ENSG00000197168","Significant"
177.472483625202,1.36215599884296,0.421273947820215,3.23342092690783,0.00122317192180181,0.017441477125468,"ENSG00000136098","Significant"
24.4900051743059,1.44458503728955,0.437671647571246,3.30061370277451,0.00096473613373212,0.0151689159410685,"ENSG00000243406","Significant"
14.6534880406539,-1.04589275913242,0.369990106051787,-2.82681277695039,0.00470138061356284,0.0408427656754291,"ENSG00000102837","Significant"
1947.81774695071,0.412718665872509,0.143132963593811,2.88346342805937,0.00393328316325052,0.0365121995519696,"ENSG00000118946","Not Sig"
100.387279743725,1.68384971573315,0.520556610751447,3.23471007947135,0.00121766305016885,0.0173815641548551,"ENSG00000150361","Significant"
677.593900551526,-0.505042861831656,0.121166901585417,-4.16815859135943,3.07070263801598e-05,0.00160949461060173,"ENSG00000136111","Not Sig"
5.90510274455158,1.45406718885035,0.490963262916048,2.96166189749923,0.0030598358089225,0.0309239767326442,"ENSG00000236051","Significant"
3661.70426495706,1.28294840732563,0.459484657688605,2.79214634451427,0.0052359669247672,0.0435715413555409,"ENSG00000139737","Significant"
373.952909319194,0.873169595796967,0.243803300109113,3.58145109359137,0.000341691106387388,0.00778770283528536,"ENSG00000234377","Not Sig"
4.04243862737005,1.96443574497437,0.704127457017274,2.78988658288634,0.00527265083530754,0.0437675954060889,"ENSG00000271776","Significant"
3.56785041962492,3.54301145355314,1.04947193088997,3.37599448757872,0.000735493928374315,0.0126025963488108,"ENSG00000152192","Significant"
7.26265233173072,1.77801480482226,0.583751867104765,3.04584003069778,0.00232031249385518,0.0260319452518077,"ENSG00000184564","Significant"
24.130087889605,1.60103084769103,0.423189005895916,3.7832524602135,0.000154792265278376,0.0046461887659058,"ENSG00000215417","Significant"
1.65095730543801,3.45271995631925,1.13496744241403,3.04213127821134,0.00234909419747919,0.0261458006235074,"ENSG00000263741","Significant"
17.6339395699522,1.22555237095902,0.335006459508636,3.65829474678361,0.000253898957601998,0.00648207683240547,"ENSG00000238230","Significant"
395.240947748748,1.03301878742242,0.254232211524823,4.06328836627987,4.83861925247561e-05,0.00218013702820349,"ENSG00000125257","Significant"
5.38886632938066,1.87722833073956,0.588793601929298,3.18826210846798,0.00143130729674557,0.0193107725697298,"ENSG00000269189","Significant"
7.38236117550673,5.08758697407801,1.06710030912243,4.76767453873383,1.86364522579246e-06,0.000217268331954424,"ENSG00000231981","Significant"
16.4811297332298,0.960803525903148,0.285552699114347,3.36471526580949,0.000766226869887506,0.0129956558561531,"ENSG00000228889","Not Sig"
11.7509807993311,1.7391119245813,0.371556392284125,4.68061365837415,2.86017489225643e-06,0.000295762038567865,"ENSG00000201793","Significant"
87.2717451715041,1.39942658861996,0.408442659198214,3.42624982259952,0.000611977230468253,0.0112289824839495,"ENSG00000169508","Significant"
38.1736548986653,-1.00448357486025,0.277810463302167,-3.61571541590101,0.000299519282621073,0.0071602822052398,"ENSG00000270581","Significant"
4.12678816635332,1.8078480746638,0.606553505516431,2.98052530934525,0.00287754458560435,0.0296310794565155,"ENSG00000269942","Significant"
4.07372017933724,-3.31267756402553,0.671840497719627,-4.9307500444964,8.19144921228361e-07,0.00011624450719921,"ENSG00000139780","Significant"
736.114597037193,-0.719824707778513,0.198424955235514,-3.62769242872774,0.000285965632246539,0.00696101925429326,"ENSG00000125266","Not Sig"
9.29578754815018,-0.963710010045466,0.318806694831611,-3.02286628753039,0.00250392853047473,0.0271223342527549,"ENSG00000235280","Not Sig"
64.0289194634036,-1.70250287380414,0.238026328659052,-7.15258216767607,8.5160523467858e-13,1.41999850349936e-09,"ENSG00000153531","Significant"
685.994973314911,0.345108910523899,0.104711175818792,3.29581735497965,0.000981357937437691,0.0152652750978867,"ENSG00000150403","Not Sig"
5.40376394674842,2.64618021073058,0.679182109470848,3.89612767154927,9.77428787330146e-05,0.00339834954257325,"ENSG00000233695","Significant"
531.664528762961,0.335405309265222,0.0836999449912906,4.0072345244686,6.14338536021117e-05,0.00257298866601372,"ENSG00000130177","Not Sig"
68.7354000376406,2.29815785902525,0.681823719834241,3.37060414909584,0.000750035485044174,0.0127779033879269,"ENSG00000222489","Significant"
185638.39892859,1.15709782656832,0.289228580949005,4.00063445587464,6.31728802345603e-05,0.00262245200712519,"ENSG00000259001","Significant"
9.27278664093503,1.46775686952306,0.477244636235815,3.07548112242757,0.00210163232043014,0.0244763199934506,"ENSG00000214274","Significant"
6.76832069673911,1.18693544191375,0.377810464712675,3.1416161085332,0.00168018175015501,0.0212948070842687,"ENSG00000092200","Significant"
1692.00345094064,-0.283504557926242,0.0688476519300358,-4.11785369549486,3.82417336136438e-05,0.00187322824118947,"ENSG00000092201","Not Sig"
9.25001440286175,2.98415521037728,0.840544640478602,3.55026380119218,0.000384845304060646,0.00836779777264381,"ENSG00000199436","Significant"
15.6166372694106,2.86668152074417,0.691445242642865,4.14592702928586,3.38441605797002e-05,0.00171659384050536,"ENSG00000200785","Significant"
14.4805687419047,2.26362585386949,0.539794913955509,4.19349237154181,2.74692318602639e-05,0.00152360007650724,"ENSG00000263621","Significant"
123.233348663916,0.751935188571424,0.242419399751104,3.10179461438914,0.00192351362721176,0.0232205520635215,"ENSG00000139880","Not Sig"
5498.43830517763,-0.436730944840473,0.107347371522328,-4.0683897392833,4.7339152786685e-05,0.00214789329455097,"ENSG00000092096","Not Sig"
584.213382490931,1.49674148334028,0.468967813814489,3.19156547475208,0.0014150403517584,0.0191389741702038,"ENSG00000100842","Significant"
475.648725009814,1.86449504714738,0.579015283696788,3.22011369931948,0.00128139763353487,0.0180213007195977,"ENSG00000166091","Significant"
20.977959605612,1.59151474615191,0.31626799110115,5.03217142085969,4.84955329222035e-07,7.92313207389441e-05,"ENSG00000258727","Significant"
4.42969535329767,1.73747796875318,0.581892100226118,2.98591090698433,0.00282735002735706,0.029270807675537,"ENSG00000225766","Significant"
2.34444187311325,2.49490619107638,0.833478110325888,2.99336738441863,0.00275917391030832,0.0288902062986446,"ENSG00000259321","Significant"
21.7115704033949,1.15264183289983,0.373533581122851,3.0857783373451,0.00203020109304187,0.0239556545604883,"ENSG00000213928","Significant"
34.5469911745556,1.13868265843561,0.303459204403955,3.75234180380909,0.000175190382087289,0.00513349345823535,"ENSG00000136305","Significant"
11.423036325517,1.0256455157955,0.368059504723405,2.78662961459524,0.00532593142524663,0.0440188503195817,"ENSG00000129465","Significant"
30.6050768984778,0.676277651604085,0.210064611554546,3.21937925002889,0.00128468453767578,0.0180540737733595,"ENSG00000139899","Not Sig"
39.8008879082054,1.29371227590175,0.45105581050659,2.86818669833508,0.00412831844276302,0.0375646001822901,"ENSG00000262119","Significant"
4225.85769158356,-0.208067633366766,0.0406414095020917,-5.11959688199439,3.0618944297749e-07,5.59508777342222e-05,"ENSG00000092148","Not Sig"
555.812792596084,0.609653664770867,0.193389654118046,3.15246266689495,0.00161899522754957,0.0208461262914068,"ENSG00000129493","Not Sig"
10.4828703657509,1.00426986498428,0.362176205399479,2.77287643421129,0.00555632144302937,0.0451805877381884,"ENSG00000202337","Significant"
5.66374771203995,2.53869095827349,0.80856131378287,3.13976307671236,0.00169084520814753,0.0213723930857005,"ENSG00000265770","Significant"
336.301859666544,-0.361545803552448,0.0814774838637923,-4.43737074842483,9.10643689194397e-06,0.000689050000469229,"ENSG00000129518","Not Sig"
53.935968902707,2.98267352239984,0.70665954347009,4.22080696420409,2.43429326838423e-05,0.00140581877464862,"ENSG00000258342","Significant"
78.392255817347,3.1522580536699,0.546949211322338,5.76334692219193,8.24620462923318e-09,3.66667488838853e-06,"ENSG00000257585","Significant"
27.6640882508112,2.349794434616,0.689277919843773,3.40906674502005,0.000651855289787931,0.0117052947214412,"ENSG00000258844","Significant"
2.49399824910258,2.55334183428672,0.883634345755231,2.88959097906546,0.00385743367878711,0.0361096396899513,"ENSG00000136327","Significant"
34.7574573471074,0.71234730608598,0.232797541897773,3.05994341812591,0.00221378810620305,0.0253266092990528,"ENSG00000258708","Not Sig"
306.580880810308,1.59398264955361,0.544178328899276,2.92915495693811,0.00339884934919294,0.033227519892678,"ENSG00000259070","Significant"
457.854233017177,-0.949204152829105,0.172010047049089,-5.51830645426322,3.42282165093487e-08,1.08711260506299e-05,"ENSG00000165355","Not Sig"
8.20379982199567,1.28964736701275,0.359341880055419,3.58891473160283,0.000332057418168042,0.00767009511628155,"ENSG00000258526","Significant"
70.9515683587724,0.559393129511057,0.158016221471781,3.54009939170046,0.000399976367347436,0.00851780100368853,"ENSG00000179476","Not Sig"
1.91835769484093,3.09035034057064,1.10848772383314,2.78789766826125,0.00530512985960939,0.0439142288316844,"ENSG00000259129","Significant"
918581.249108718,1.46806026893685,0.26339877187858,5.57352738764321,2.49632386753988e-08,8.64927590416836e-06,"ENSG00000258486","Significant"
16700.6314082984,1.70603149663976,0.290697215465342,5.86875761403074,4.39072772023783e-09,2.29686715388677e-06,"ENSG00000266037","Significant"
1042375.63246509,1.31346868745982,0.195791919681458,6.70849282032044,1.96644843752116e-11,2.09851511458508e-08,"ENSG00000265150","Significant"
260.248294130978,0.534249501518384,0.137859084000058,3.87533041724084,0.000106480114510125,0.00358684719067629,"ENSG00000125375","Not Sig"
11.7204203912665,1.2888672541765,0.39875694958291,3.23221264362821,0.00122835610808532,0.0174873599827152,"ENSG00000269906","Significant"
399.233119092966,0.501567880765287,0.161145369055839,3.1125181176723,0.00185498627608618,0.0226806502565093,"ENSG00000070269","Not Sig"
175.143738314372,-0.658748007414928,0.231920383389478,-2.84040582284073,0.00450561745756601,0.0397110565412632,"ENSG00000259969","Not Sig"
3.99238236451004,2.25182832725457,0.661530892689967,3.4039654869299,0.000664151444566646,0.0118521046084238,"ENSG00000258682","Significant"
125.439312834686,0.706530136470183,0.18905079871872,3.73725020607502,0.000186043768043454,0.00531420361477847,"ENSG00000126790","Not Sig"
586.09025143533,-0.80726375517988,0.145112576331797,-5.56301718008291,2.65149775043055e-08,9.06914211329955e-06,"ENSG00000100612","Not Sig"
39.7845404576311,-1.14452648925812,0.298590853363808,-3.83309293089301,0.000126542121386147,0.00402385847015615,"ENSG00000100625","Significant"
4.86646614855958,2.83236121820459,0.783991954452896,3.61274271007173,0.000302975293848831,0.00722605353414652,"ENSG00000258445","Significant"
293.335373661385,-0.4049388728541,0.113951251166266,-3.55361497754207,0.000379975059846343,0.00830930706691851,"ENSG00000126814","Not Sig"
722.932089753016,-0.390555153756109,0.10104461867398,-3.86517519568493,0.000111009487929894,0.00370666098683561,"ENSG00000100714","Not Sig"
38.9024842032521,0.624470345660082,0.220115943218743,2.83700642728777,0.00455386952763689,0.0399527217501354,"ENSG00000258824","Not Sig"
1458.59957368737,1.78526066190579,0.511209712909335,3.49222758649425,0.000479009921730308,0.00956549827982252,"ENSG00000126822","Significant"
1.70597011940202,3.59954665495349,1.31781549836528,2.73144962964744,0.00630563790369653,0.0489035214048604,"ENSG00000259078","Significant"
2.23092428149965,3.75435021289061,1.12676131189848,3.33198360047073,0.000862293374113231,0.014034898863066,"ENSG00000258796","Significant"
1527.87661412234,-0.490284137812623,0.157462870818195,-3.11364917497726,0.0018478906939327,0.0226250003778938,"ENSG00000100554","Not Sig"
3679.38670244539,2.31960600353128,0.653705643907752,3.54839525273949,0.000387586124946731,0.00839319011968655,"ENSG00000054690","Significant"
928.812617436654,0.347589615334287,0.0792407003758699,4.3865035731074,1.15187273639067e-05,0.00080658301139545,"ENSG00000139990","Not Sig"
11.7507530271368,-1.07036327148316,0.336898998539234,-3.17710434321314,0.00148753506410365,0.0197737658072852,"ENSG00000175985","Significant"
33.8431018939638,1.19776258335544,0.412845844317772,2.90123444341494,0.00371695674946543,0.0353780553403455,"ENSG00000134007","Significant"
489.108843515643,-0.287051848154898,0.0511415545188229,-5.61288859628324,1.98976710029677e-08,7.47676006603065e-06,"ENSG00000165861","Not Sig"
45.1496247968568,-0.437482954374973,0.155624449141071,-2.81114540028606,0.00493654717922051,0.0420627545158536,"ENSG00000187105","Not Sig"
10.5909302696659,1.33119817315327,0.474603215429164,2.80486547473035,0.00503375839538269,0.0425032297540599,"ENSG00000258559","Significant"
29.4626047935197,0.636866648508444,0.220142851174252,2.89296992889557,0.00381617831829407,0.0358492328710449,"ENSG00000119630","Not Sig"
1.57770439874899,4.12717620793893,1.06079085534431,3.8906596782448,9.99720638611084e-05,0.00344215578470168,"ENSG00000259138","Significant"
104.651877271354,-0.943896558904998,0.214782096546339,-4.39467057116353,1.10940864142944e-05,0.000783013575256511,"ENSG00000259319","Not Sig"
165.849791117692,0.349561670863686,0.0979217925028728,3.56980465664403,0.000357247527262531,0.00801598551710434,"ENSG00000119650","Not Sig"
947.416328658137,0.647546406436119,0.198885383326178,3.25587730785688,0.00113042588541896,0.0165865042475298,"ENSG00000071246","Not Sig"
1436.63461490758,-0.370549268340393,0.125108061937705,-2.96183365485193,0.00305812952740307,0.0309239767326442,"ENSG00000100580","Not Sig"
974.807098026807,-0.279673056752952,0.0978668713293413,-2.85768874547749,0.00426738755835279,0.0383780179717667,"ENSG00000100591","Not Sig"
3.13647223967419,2.5692848967463,0.855231674250101,3.00419754565235,0.00266282367858714,0.0281910606829469,"ENSG00000240233","Significant"
110.176266841416,-0.472542667517016,0.105487598424535,-4.47960399681551,7.47816484049819e-06,0.000609676071336845,"ENSG00000100601","Not Sig"
588.343189877244,-0.374875049657511,0.128177881754735,-2.92464694006118,0.00344847228251882,0.03361410011886,"ENSG00000100603","Not Sig"
191.743665468054,0.475634457349385,0.152489984682241,3.11911932013445,0.00181392487981014,0.0224148688598678,"ENSG00000100629","Not Sig"
2.70274690114179,2.61020073357618,0.908087096807467,2.87439469490622,0.0040480273526333,0.0371148989711675,"ENSG00000242163","Significant"
10.9018931151814,-1.96909952066144,0.5798015646073,-3.39616110210933,0.000683381246424901,0.0120422247512351,"ENSG00000258859","Significant"
21.9788879612115,-0.614829275590793,0.181916900044636,-3.37972599269191,0.000725581278240003,0.012477083876874,"ENSG00000258789","Not Sig"
1076.04575758475,-0.177282488509518,0.0551372633325608,-3.21529357451488,0.00130311179076018,0.018176991541522,"ENSG00000100722","Not Sig"
88.256894959267,1.6267282817569,0.315372103338804,5.15812357699027,2.49436976376381e-07,4.82226745851121e-05,"ENSG00000200312","Significant"
162.593999222926,-0.821623983420425,0.243903571896335,-3.3686426854365,0.000755392867771195,0.0128200549104756,"ENSG00000015133","Not Sig"
119.686392638894,0.943803758260237,0.287341925181913,3.28460163849298,0.0010212665522384,0.0156408555379842,"ENSG00000100599","Not Sig"
1268.96956773844,-0.991755990417855,0.341568941561195,-2.90353094132293,0.00368980508841398,0.0352237530753755,"ENSG00000100604","Not Sig"
133.122900648111,1.64824106682793,0.543674800275807,3.03166721354709,0.00243207173182208,0.0265984133500538,"ENSG00000175785","Significant"
3490.10966703917,-0.520692478883822,0.105205191292387,-4.94930404562174,7.44793206619018e-07,0.000109177681095543,"ENSG00000089737","Not Sig"
331.323134308085,0.694551677763967,0.160515858186289,4.32699725504938,1.51155844559455e-05,0.000994709533706609,"ENSG00000119632","Not Sig"
68.5340071673587,0.926985882326727,0.266280945528109,3.48123250234168,0.000499112040134827,0.0098416926228803,"ENSG00000235706","Not Sig"
196.542241673241,1.20376694222786,0.430555866998381,2.79584377892679,0.00517644154465595,0.0432021133707475,"ENSG00000176438","Significant"
874.993685126043,0.847617089068275,0.178993003039721,4.73547610618151,2.18541452427312e-06,0.000238435982268746,"ENSG00000252481","Not Sig"
161.978521837057,0.503013485691247,0.175549083691139,2.86537232274164,0.00416519198755238,0.0377900514027589,"ENSG00000090061","Not Sig"
22.6306672394142,-0.682007808462486,0.226574967773633,-3.01007571650133,0.00261182571103201,0.0278634421981628,"ENSG00000247970","Not Sig"
2.76680748464858,4.89414020053636,1.31338970164349,3.72634275600925,0.000194278176788919,0.00547293235488886,"ENSG00000185559","Significant"
13.236629242035,1.99862944156038,0.405228858838695,4.93210046117656,8.13500562101364e-07,0.00011606086361659,"ENSG00000201700","Significant"
2.50705995411247,-1.53198874393793,0.549765081985582,-2.78662431306998,0.0053260185476071,0.0440188503195817,"ENSG00000201500","Significant"
7.87167807176927,1.38980951482546,0.424845816460341,3.27132682252786,0.00107044126059279,0.0161346341194096,"ENSG00000272344","Significant"
14.0066144699423,-1.42233184567036,0.396944118127516,-3.58320423635411,0.00033940502370482,0.00775920019487651,"ENSG00000258498","Significant"
8.34440869657985,-1.77310291061981,0.433449945158482,-4.09067512967735,4.30119277133344e-05,0.00202383636589779,"ENSG00000197406","Significant"
7.22786513600645,4.14465081668551,0.994909259980263,4.1658581173199,3.10183580190372e-05,0.00161944965477474,"ENSG00000239224","Significant"
3.71507498659596,2.88349487065697,0.846566316127496,3.40610630936407,0.000658965140664674,0.0117911005954345,"ENSG00000166126","Significant"
8450.31508064618,-0.672866106781525,0.122983373815986,-5.47119570640744,4.47009333494996e-08,1.24226687586594e-05,"ENSG00000166165","Not Sig"
946.182496840375,-0.444501341621482,0.079426923989251,-5.59635598731782,2.18903993728483e-08,7.95151773514825e-06,"ENSG00000166170","Not Sig"
926.21595045833,-0.370013139061443,0.0747440193930946,-4.95040462187972,7.40593455180403e-07,0.000109161838622972,"ENSG00000100711","Not Sig"
300.022148222785,-0.59584449976759,0.19848663507686,-3.00193763442491,0.00268267129043774,0.0283561756567308,"ENSG00000258986","Not Sig"
14.3760220398795,1.43790473919349,0.416518758961432,3.45219682969102,0.000556041946623282,0.0105691162731629,"ENSG00000256050","Significant"
1293.91127848299,-0.260831851306743,0.0707136385428228,-3.6885649880509,0.000225522425658669,0.00606523467151978,"ENSG00000142208","Not Sig"
595.443826167973,1.21958939823747,0.256746838261782,4.75016326002022,2.0325248868212e-06,0.000228850979101706,"ENSG00000140181","Significant"
75.7270737318591,1.24419861713762,0.377000013296452,3.30026146752215,0.000965947881622412,0.0151689159410685,"ENSG00000179455","Significant"
3.5017048869524,3.94260253157444,1.20044514883402,3.28428378039917,0.00102241916550494,0.0156495243353449,"ENSG00000260780","Significant"
86.6088415975839,1.57709083342503,0.446452156346888,3.53249684429712,0.000411655139178691,0.00867520313686612,"ENSG00000259905","Significant"
19.2928433332951,2.70204980548975,0.733898770677156,3.68177453546708,0.000231616199717397,0.00614243398833045,"ENSG00000185823","Significant"
29.2876794037487,2.8256937439766,0.76727320914539,3.6827738937007,0.00023070977673974,0.0061244837150642,"ENSG00000207063","Significant"
22.3030669406769,2.7312533973667,0.832766895900536,3.27973339335635,0.00103905226188474,0.0158213095201936,"ENSG00000207001","Significant"
28.7823096665336,2.95936387284979,0.838765263858959,3.52823847191103,0.000418335097214089,0.00879492676010614,"ENSG00000207093","Significant"
38.203796884781,3.20895430624593,1.05264039798735,3.04848105049118,0.00230001418079554,0.0259482300511953,"ENSG00000207174","Significant"
27.0893221512916,2.91409621385404,0.802543031902687,3.63107783385177,0.00028224004270728,0.00690451101642993,"ENSG00000207263","Significant"
7.16372955019071,5.06364292395998,1.47843741825078,3.42499646008085,0.00061480743117536,0.0112654172090161,"ENSG00000206688","Significant"
25.0578415295773,2.29412003593817,0.740953526433878,3.09617263984086,0.00196036188877936,0.0234847471300728,"ENSG00000207279","Significant"
3.07688099737853,-1.3917762720424,0.437782123078071,-3.17915282208588,0.00147706193988041,0.019678056813185,"ENSG00000201943","Significant"
3.26437051957056,-2.00112130746889,0.50782470828939,-3.94057491650943,8.1286559040473e-05,0.00307609093424224,"ENSG00000200638","Significant"
392.919015545444,-1.03005701726706,0.1932234803821,-5.33091017318457,9.77217493776903e-08,2.30718455898e-05,"ENSG00000206190","Significant"
21.6264054401359,-1.80172224269838,0.580487718288209,-3.10380768780338,0.00191047468404757,0.0231154440343334,"ENSG00000166664","Significant"
10.7919231150359,1.22277750235814,0.434732519965561,2.81271229135334,0.00491255840068117,0.0419130622231445,"ENSG00000186399","Significant"
43.2441104260995,-1.15339790632916,0.4184570339107,-2.75631143190509,0.00584573082804583,0.0466738590887229,"ENSG00000175344","Significant"
1.28244417544349,3.13871110742045,1.0679266368511,2.939069968959,0.00329198747604599,0.0325725944278111,"ENSG00000249931","Significant"
427.053986139341,1.65681879459195,0.599147801813726,2.76529228610447,0.0056871811883685,0.0457933310594872,"ENSG00000166923","Significant"
1486.89453804965,-1.38103645712915,0.418959778521672,-3.29634616001143,0.000979512435875081,0.0152464482361209,"ENSG00000248905","Significant"
73.4005008657442,0.456728243695781,0.136798622547913,3.33869036975,0.000841743314210734,0.0137856782564937,"ENSG00000169857","Not Sig"
33.9231858199382,3.01610572564901,0.843604184269637,3.57526169486731,0.000349877745689026,0.00789340234585168,"ENSG00000184984","Significant"
356.973678787203,0.523912497956334,0.132453531894775,3.95544377308524,7.63927141975047e-05,0.00296663933344283,"ENSG00000134152","Not Sig"
965.513421291222,-0.19503263582915,0.070320826565408,-2.77346904686541,0.00554621163333545,0.0451805877381884,"ENSG00000021776","Not Sig"
5.02796914307074,3.22954389990858,0.887259926259315,3.63990731952059,0.000272736190259493,0.00674358556064227,"ENSG00000259585","Significant"
22.8499003621337,-0.790364349555515,0.275227831004983,-2.87167306688983,0.0040830513883858,0.0373331408489736,"ENSG00000259326","Not Sig"
258.532426364536,1.18062247000976,0.214826122650633,5.49571185963159,3.89137450186953e-08,1.18494909328468e-05,"ENSG00000137841","Significant"
138.451936796229,-0.809947953123668,0.243467120636253,-3.32672416302879,0.000878733104429374,0.0141709330579052,"ENSG00000128944","Not Sig"
109.095428939425,-0.46140742759187,0.112382364611057,-4.1056924650834,4.031054880127e-05,0.00193425383357748,"ENSG00000166133","Not Sig"
16.9176197108345,1.07627157244237,0.306943981814212,3.50641040779168,0.000454194311091257,0.00926091270426327,"ENSG00000166145","Significant"
653.956515214939,-0.296553643472977,0.0647740857561258,-4.57827601904719,4.68823801932095e-06,0.000430291543586507,"ENSG00000104142","Not Sig"
234.751538081565,-0.299879192871221,0.108203559364432,-2.77143556674712,0.00558097165246904,0.0452655829707093,"ENSG00000137806","Not Sig"
31.87245147996,-1.7870160666,0.620739042204817,-2.87885237611712,0.00399125115454859,0.0368197059309135,"ENSG00000062524","Significant"
6.05642319408328,2.37695119645986,0.779359816117926,3.04987651056953,0.00228935476996607,0.0258913505332449,"ENSG00000243708","Significant"
6.84102076420092,2.11313760650692,0.743596987509686,2.84177806258177,0.00448627104471084,0.0395666860171374,"ENSG00000243789","Significant"
1462.85777354042,-0.177705147934431,0.0621581605797468,-2.85891902651208,0.00425087276653915,0.0382879927543883,"ENSG00000166887","Not Sig"
232.220462272438,0.652389815174084,0.237213240315826,2.75022513206047,0.0059554332324372,0.0472028102862379,"ENSG00000214013","Not Sig"
9.18136908014273,1.70066092458259,0.524504722607833,3.24241298748832,0.00118522134139038,0.0171292091911994,"ENSG00000258461","Significant"
113.40524726995,1.99207585760268,0.653698949887476,3.04739032844642,0.00230837744040898,0.0260072642452158,"ENSG00000092529","Significant"
568.774759983521,1.09676825826318,0.397128810724425,2.76174437272003,0.00574934731605885,0.0461591444613705,"ENSG00000159433","Significant"
2.07747679228005,4.52168576665114,1.26506301097652,3.57427711301178,0.000351196830295837,0.00790511136491688,"ENSG00000104055","Significant"
1.63021021265851,2.92448376693269,1.03210625016111,2.83351037402999,0.00460398135740038,0.0403008335935899,"ENSG00000206991","Significant"
1844.12886504736,0.312308017686137,0.103387646086575,3.02074792789668,0.00252151180923653,0.0272574609232663,"ENSG00000140264","Not Sig"
8.27844317340143,2.04569015977752,0.498824282376198,4.10102361102526,4.11326583469969e-05,0.0019596039143563,"ENSG00000229474","Significant"
29.7622550340744,2.71537462005171,0.688785915590906,3.94226211452394,8.07166936673428e-05,0.00306757930249436,"ENSG00000137857","Significant"
10.1560403964256,2.49334151727879,0.812394480178563,3.06912661042546,0.00214685585886733,0.0248502346312206,"ENSG00000259932","Significant"
7.02674872359272,2.91572440634929,0.948480964744677,3.07409902225521,0.00211139338833657,0.0245660114293203,"ENSG00000259433","Significant"
20.4614550504796,3.93952046142657,0.887237171469211,4.44021124013882,8.98706187707556e-06,0.000685045210909997,"ENSG00000259255","Significant"
2.74485896567424,3.15506389769798,1.12705841558246,2.7993792105864,0.00512009686353567,0.042915194540455,"ENSG00000188467","Significant"
41.1489509428771,-1.00742786843728,0.326786256562281,-3.0828342630905,0.00205039313868662,0.0240873793690094,"ENSG00000233932","Significant"
6.85398299718736,1.62902167555857,0.510215451905011,3.19281132995136,0.00140894971080049,0.0191002892959584,"ENSG00000259488","Significant"
77.9570797415056,0.80547949992082,0.277686198447698,2.90068251293567,0.0037235092765549,0.0354151529373291,"ENSG00000166262","Not Sig"
277.037942498166,0.358292121633768,0.109763171282986,3.26422895262415,0.00109762428856188,0.0163251174286758,"ENSG00000104047","Not Sig"
2.68992511992356,4.24858027414988,1.1761664545233,3.61222704304367,0.000303578586154059,0.00722605353414652,"ENSG00000140287","Significant"
18.4613338549933,4.03592207292286,0.723684335302012,5.57690953921031,2.44829100862847e-08,8.60952339455091e-06,"ENSG00000241175","Significant"
4.64991817130765,1.57563787035216,0.526672574284163,2.99168391764793,0.00277443360778229,0.0289278489582494,"ENSG00000264109","Significant"
9.36980166143961,3.90997525661772,0.993235080217633,3.93660608097026,8.26420973195253e-05,0.00310536410477129,"ENSG00000259194","Significant"
5.42725449335666,2.84934866426291,0.896561160352918,3.17808621459947,0.00148250660566784,0.0197167466264269,"ENSG00000259678","Significant"
7.26406845490346,2.73424580295409,0.970967314485511,2.81600190054069,0.00486253790251474,0.0416996620704567,"ENSG00000259668","Significant"
386.5274003169,-0.370545113066067,0.0842939412719604,-4.39586887829298,1.10330523487349e-05,0.000780771362365775,"ENSG00000166477","Not Sig"
548.089979161143,0.388388242633666,0.103959711325112,3.73594960666123,0.000187008119620417,0.00532464207401613,"ENSG00000181827","Not Sig"
6.27249925485688,1.93179728276976,0.525893501174998,3.67336215118379,0.000239379840027101,0.00623982448578274,"ENSG00000261072","Significant"
98.9814371818912,0.862898435601642,0.247971035440437,3.47983559478628,0.000501721562239222,0.00987854579998539,"ENSG00000151575","Not Sig"
9.71896207878329,1.85386384738836,0.506222744865574,3.66215043909306,0.000250106904951475,0.00640364886487563,"ENSG00000247982","Significant"
1901.31494341634,0.539960884513995,0.14699870796851,3.67323558129276,0.000239498492201414,0.00623982448578274,"ENSG00000137845","Not Sig"
21.196402627799,0.910450016927151,0.26504749936438,3.4350447339082,0.000592456020701749,0.0110378031957416,"ENSG00000245975","Not Sig"
545.307977877127,0.662439110959906,0.207835342075508,3.18732658432672,0.00143594537232835,0.0193270478565943,"ENSG00000128915","Not Sig"
3816.85398766047,0.53530040451188,0.129811609516759,4.12367126873018,3.72880964870621e-05,0.00184223912255246,"ENSG00000129003","Not Sig"
146.33451032748,-0.363991192035336,0.125801018772631,-2.89338826971825,0.00381109856591396,0.0358267437068424,"ENSG00000103642","Not Sig"
206.478110011528,0.429986439033493,0.138979403747652,3.09388605389493,0.00197553344416072,0.0235817703609682,"ENSG00000166797","Not Sig"
1097.82896644801,0.312750361739571,0.0673344860886934,4.64472783422769,3.40525069964076e-06,0.000334002512557779,"ENSG00000180304","Not Sig"
115.173366395118,-0.294938302965354,0.085204780655073,-3.46152294152751,0.000537128338599951,0.0102969469992169,"ENSG00000103707","Not Sig"
154.440517978704,4.51785044255454,0.694455321364181,6.50560274155538,7.73824740413841e-11,7.94033471134649e-08,"ENSG00000199568","Significant"
172.19855927755,4.84640903940449,0.67589512245218,7.17035658109424,7.4802673253033e-13,1.41999850349936e-09,"ENSG00000200156","Significant"
2755.14849307782,-0.383147445992882,0.111785473927459,-3.42752445851343,0.000609111430601841,0.0112047029540323,"ENSG00000074696","Not Sig"
249.363818707433,-0.341540237142192,0.121938621580094,-2.80091928805228,0.0050957262166692,0.0428632359008777,"ENSG00000174446","Not Sig"
6.08837087361166,2.27557514596036,0.585964832988104,3.88346709196891,0.000102977474681917,0.00350873058370225,"ENSG00000259347","Significant"
6.88862496804771,2.25657938903443,0.65789668457598,3.42999051665509,0.000603602344876243,0.0111421983795424,"ENSG00000206625","Significant"
41.6263811172882,0.743466545830119,0.234984235945125,3.16389966688548,0.00155670451067945,0.0203087137605952,"ENSG00000245750","Not Sig"
6.04162485871846,2.5175749735317,0.844259956746768,2.98199026663873,0.00286381103589247,0.0295249011657942,"ENSG00000259744","Significant"
316.451260604468,-0.908868752957824,0.293745009977417,-3.09407384665938,0.00197428338393384,0.0235817703609682,"ENSG00000187720","Not Sig"
69.3275963054572,-0.418394783890852,0.152857808993445,-2.73715020937395,0.00619739881693471,0.0483603653850638,"ENSG00000166192","Not Sig"
10977.2305485943,-0.516483622610251,0.189726662387286,-2.72225113809234,0.00648388479454687,0.0496366032808367,"ENSG00000067225","Not Sig"
18.4692124070175,0.952867783237998,0.338425886372635,2.81558775970468,0.00486880970965834,0.0416998312179694,"ENSG00000261423","Not Sig"
24.2692444626152,0.989160339271184,0.244884725964246,4.03928965098299,5.36133244724553e-05,0.0023486861799682,"ENSG00000129038","Not Sig"
5.65180888299059,-3.59510327771188,1.15978346282603,-3.09980560418731,0.00193647692109814,0.0233242743918633,"ENSG00000261543","Significant"
614.85829162122,-0.653032282600379,0.127428374661042,-5.12470071392999,2.9801073606062e-07,5.48319201886986e-05,"ENSG00000138629","Not Sig"
81.776368079116,0.567729168871908,0.155640718177397,3.64769049847751,0.000264608111901844,0.00663026804182994,"ENSG00000167173","Not Sig"
567.940427079521,-0.538907747442192,0.142451919496163,-3.78308519357444,0.000154896367148036,0.0046461887659058,"ENSG00000169410","Not Sig"
424.452991346659,-0.395410534681376,0.102811517958852,-3.84597506710903,0.000120073973270554,0.00389461542126653,"ENSG00000177971","Not Sig"
580.585450989342,0.643423924314173,0.175354702709439,3.66927099400533,0.000243243124801805,0.00631272697138848,"ENSG00000173546","Not Sig"
10.2352737624385,1.49213277090919,0.499694707495987,2.98608880287405,0.00282570573587576,0.029270807675537,"ENSG00000259581","Significant"
2075.35076169194,0.494868548236273,0.103731563065267,4.77066510532487,1.83618606668074e-06,0.000216759327756529,"ENSG00000173517","Not Sig"
911.083879847519,-0.184964123978991,0.0490450630425972,-3.77130974056132,0.000162392950290253,0.00481598217481758,"ENSG00000140382","Not Sig"
3.44104363797298,1.90184376973421,0.669919239276994,2.83891498889741,0.00452672150042986,0.0398181348202995,"ENSG00000260139","Significant"
8.71618583305004,5.93842831708771,1.23624170776826,4.80361427686187,1.55826885494846e-06,0.000196099315005518,"ENSG00000260776","Significant"
1.4861103578969,2.92365770745519,1.05375270918283,2.77451975399659,0.00552832765649737,0.045076483358097,"ENSG00000242066","Significant"
3.22834487262293,2.60154671640817,0.908727908365799,2.86284452415095,0.00419856528541925,0.037970685847356,"ENSG00000214646","Significant"
27.5063230206021,0.610486003340656,0.212443125666343,2.87364442330541,0.00405765510577501,0.037175199370526,"ENSG00000136371","Not Sig"
9016.12182982198,-0.679319795380378,0.19093504950327,-3.55785801060451,0.000373891317578842,0.00823023635452635,"ENSG00000172379","Not Sig"
3.39530813928018,-1.91947065217087,0.538782160492581,-3.56260988748402,0.00036718612862408,0.00815666838098405,"ENSG00000259387","Significant"
196.862775129239,0.524483848736175,0.191668534154193,2.73641080968586,0.00621134301679505,0.0483973190260149,"ENSG00000214575","Not Sig"
19.1634714034971,1.69374754427751,0.615800018930922,2.75048309874688,0.00595074612688137,0.0472028102862379,"ENSG00000259462","Significant"
18.0776114587483,1.50301717214517,0.42052873482695,3.57411289091498,0.000351417297454606,0.00790511136491688,"ENSG00000252690","Significant"
210.259459082646,-0.405155127391634,0.144729556319156,-2.79939452379852,0.00511985402506229,0.042915194540455,"ENSG00000136404","Not Sig"
109.746392478807,1.250352024531,0.459010875838675,2.72401394029377,0.00644937842102284,0.0495161995952803,"ENSG00000197696","Significant"
109.294411369146,1.03789379023967,0.236507455767991,4.38841890573556,1.14177692986771e-05,0.00080161754505107,"ENSG00000136383","Significant"
1430.48417981059,1.16919113009151,0.416771059799246,2.80535584849557,0.00502610573239117,0.042487793040071,"ENSG00000073417","Significant"
14.9251576751421,1.44224790828636,0.442367856051348,3.26029092882136,0.00111297987309435,0.0164152882680811,"ENSG00000166748","Significant"
13.6774486142143,1.63382363643669,0.464955218099904,3.51393762847422,0.000441516469550243,0.00913826058272377,"ENSG00000271997","Significant"
47.9412586642032,-0.91860048366787,0.31733185716808,-2.89476288912688,0.00379445032306233,0.0357458122065607,"ENSG00000157766","Not Sig"
3553.223850215,-0.513495832404514,0.166598834263123,-3.08222944461609,0.00205456405534015,0.0241112959204583,"ENSG00000140526","Not Sig"
120.612553472679,-1.63661903586405,0.37446145898804,-4.37059408006079,1.23908952233879e-05,0.000852001787795787,"ENSG00000140522","Significant"
73.7714594799957,-0.605210802135207,0.121015567266535,-5.0010987495703,5.70045037360882e-07,8.9460185598535e-05,"ENSG00000140525","Not Sig"
31.9764915659235,-1.28734394518638,0.326354058594453,-3.94462367261719,7.99253967481238e-05,0.00304618522834742,"ENSG00000166825","Significant"
15.4366891694689,2.06715913908757,0.629505976688354,3.28378000469875,0.00102424841751447,0.0156512369268529,"ENSG00000242620","Significant"
14.7093412275576,1.00309908851355,0.272783777502943,3.67726811944573,0.00023574521149951,0.00619040009605849,"ENSG00000259736","Significant"
115.277953249824,-0.441933944974081,0.153250881451805,-2.88372856839366,0.00392997330627888,0.0364941725855253,"ENSG00000198901","Not Sig"
589.112473591412,0.679758839042993,0.211903827888859,3.20786484045733,0.00133724327678854,0.0184755636361686,"ENSG00000272888","Not Sig"
4.37893995495829,2.0133702518733,0.579915489875798,3.47183389135632,0.000516916074942484,0.0100662802652486,"ENSG00000258611","Significant"
4.21008206132196,1.54820554659756,0.547040526031204,2.83014780976071,0.00465265039689859,0.0405647254702148,"ENSG00000259582","Significant"
1881.48886801388,2.02521335872356,0.527397173815516,3.84001556942734,0.000123026507873974,0.00395925718162817,"ENSG00000140450","Significant"
6.07706610262145,2.02230187448893,0.530878176670408,3.80935205732606,0.000139331446382759,0.00431232442928727,"ENSG00000261054","Significant"
1.72234115531818,3.50243549331856,1.1711032973312,2.99071439837987,0.00278325670622659,0.0289717150469837,"ENSG00000259921","Significant"
5.78735082496684,1.7317023287029,0.514860624943147,3.36343904506996,0.000769778335034996,0.0130227750161057,"ENSG00000259363","Significant"
4.43944207091055,4.30839196152127,1.11009326427302,3.88110810161772,0.000103981605598041,0.00353391752324857,"ENSG00000232386","Significant"
3.55026492482615,3.07515390451398,1.0737224624021,2.86401189524743,0.00418312302284465,0.0378823961732765,"ENSG00000259604","Significant"
132.697042098515,-1.10790267573841,0.268930298870529,-4.11966476217611,3.79424030302065e-05,0.001864208785346,"ENSG00000184254","Significant"
999.894715147781,1.7639113374134,0.566573567672641,3.11329620380838,0.00185010234423003,0.0226363172070504,"ENSG00000140479","Significant"
25.6954635779265,1.4818636841743,0.485258653593505,3.05376044960888,0.00225992458082505,0.025605484416654,"ENSG00000259660","Significant"
495.01781830367,-0.76558314230643,0.243174633177948,-3.14828537952887,0.00164231272990567,0.0210447941023791,"ENSG00000161981","Not Sig"
361.712934490269,0.707080603594732,0.256609527772544,2.75547291533727,0.00586073566097066,0.0467579445870324,"ENSG00000076344","Not Sig"
280.254568483642,-0.430068691934938,0.147213240167119,-2.9213995388371,0.00348462636468175,0.0338305483199944,"ENSG00000129925","Not Sig"
444.365397915658,-0.398115648836344,0.132895198548757,-2.99571130623114,0.00273805522264957,0.0287925215651249,"ENSG00000103326","Not Sig"
611.896574928881,-0.444702109426297,0.102909568717291,-4.32129018680432,1.55119509263347e-05,0.00101465213220273,"ENSG00000007541","Not Sig"
209.477740647739,-0.370132470489841,0.126320107966944,-2.93011521638897,0.00338836344835542,0.0331493026911164,"ENSG00000007376","Not Sig"
7.0453769984091,2.58388376143949,0.745223711527819,3.46725918871012,0.000525794628496774,0.0101791310856538,"ENSG00000260439","Significant"
2.44503208608595,2.98818460334674,1.06166296132869,2.81462640422812,0.00488339683357233,0.0417807050094566,"ENSG00000184471","Significant"
766.281908856373,-0.337514038316345,0.0859790738868392,-3.92553702963307,8.65364558342624e-05,0.00315889044658636,"ENSG00000103275","Not Sig"
307.898712413523,0.335933253853166,0.0847134124296981,3.9655261689753,7.32342166777145e-05,0.00286483235593071,"ENSG00000103024","Not Sig"
370.086530398205,-0.379597298717682,0.0961818521068654,-3.9466623942313,7.92481774096748e-05,0.00303337464148165,"ENSG00000074071","Not Sig"
237.695927963654,0.943652447339412,0.262978280545398,3.58832845580383,0.000332804856610525,0.00768071000822855,"ENSG00000197774","Not Sig"
516.848902286732,-0.308299277557167,0.0992266175810295,-3.10702193698588,0.0018898237435445,0.0229526352772674,"ENSG00000131653","Not Sig"
1750.65254152554,-0.563821599295157,0.188938919902628,-2.9841474672647,0.00284369681845862,0.0294172110971918,"ENSG00000140992","Not Sig"
898.55069190365,-0.438617575177205,0.133711916753887,-3.28031775944499,0.00103690229477156,0.0158077236126917,"ENSG00000059122","Not Sig"
29.7810199715667,1.22756859918339,0.269930093957008,4.5477278253343,5.42282031800145e-06,0.000483864291852711,"ENSG00000122390","Significant"
16.0625345533766,0.97311413675127,0.332619505195774,2.92560755322666,0.0034378431771486,0.0335349974856115,"ENSG00000167984","Not Sig"
735.528162287198,-0.750463589028362,0.200204705167992,-3.74848127769348,0.000177908615397387,0.00517039645989857,"ENSG00000162104","Not Sig"
168.430665326803,-0.327087732619058,0.112861185528558,-2.89814191732279,0.00375380688767428,0.0355638543878772,"ENSG00000153443","Not Sig"
2.56859200388999,4.07474041642019,1.18719938585346,3.43222921522229,0.000598641364289877,0.0110713944303317,"ENSG00000140623","Significant"
10.7990979659315,1.84121557537633,0.636441457221373,2.89298497840611,0.00381599547122391,0.0358492328710449,"ENSG00000267077","Significant"
318.693288171187,-0.807825070491703,0.209557122494098,-3.85491583811213,0.000115769448628814,0.0038131026172446,"ENSG00000103174","Not Sig"
1074.62048464096,-0.224933096296043,0.0757887205011282,-2.96789673725518,0.00299845045805645,0.0305094049467918,"ENSG00000182831","Not Sig"
1145.33106438906,-1.00689916896215,0.290406460614105,-3.46720650371525,0.000525897702046706,0.0101791310856538,"ENSG00000260432","Significant"
14.2709298195415,1.51453436386604,0.513047187455203,2.95203716324491,0.00315684934438374,0.0316147085806358,"ENSG00000266439","Significant"
169.790130301178,1.43453193063987,0.40928337589067,3.50498460270488,0.000456633691340607,0.00927133200249319,"ENSG00000179583","Significant"
469.564791413684,-0.536873946888518,0.147752489215686,-3.63360339807745,0.000279490368360289,0.00687237192394853,"ENSG00000182108","Not Sig"
6.65327693742163,1.51301509887354,0.546465003321129,2.76873192185817,0.00562749176772148,0.0454879684958511,"ENSG00000262222","Significant"
794.479801260484,-0.191492157812007,0.0625946581528744,-3.05924121103637,0.00221898408289631,0.0253751720306861,"ENSG00000038532","Not Sig"
252.921484968161,-0.256367778895864,0.0939775134054666,-2.72796937911906,0.00637255232273189,0.0492079083699462,"ENSG00000153066","Not Sig"
3.19710713415683,2.25499406309734,0.81132427400578,2.77939923079545,0.00544595475034133,0.044623042624188,"ENSG00000263307","Significant"
2.48437501423417,4.13285725455909,1.20412526903067,3.43224858812743,0.000598598599827687,0.0110713944303317,"ENSG00000260601","Significant"
555.948126260242,-0.448168242480276,0.0836740891476694,-5.3561173721215,8.50292850851446e-08,2.08118926310695e-05,"ENSG00000085721","Not Sig"
4.10789959102131,4.25087387788302,1.23745024746721,3.43518770680569,0.000592143519818344,0.0110378031957416,"ENSG00000262380","Significant"
1175.71193075918,0.395298150878462,0.144817654326387,2.72962680356324,0.00634060590637691,0.0490890960464972,"ENSG00000103489","Not Sig"
488.044930273723,-0.686887407581072,0.23426751021037,-2.93206431811331,0.00336717004165974,0.0330385701641451,"ENSG00000185164","Not Sig"
332.895046202491,1.82276071397486,0.490491167499796,3.71619477526191,0.000202245696057392,0.0055914123576323,"ENSG00000170537","Significant"
5.01106514605344,3.25653292794367,0.99770163575817,3.2640348689706,0.00109837646780138,0.0163251174286758,"ENSG00000261210","Significant"
18.0363182925132,3.3208253887076,0.560959050093782,5.9199069667428,3.22123785316277e-09,1.82849797201127e-06,"ENSG00000188477","Significant"
2.30247140921556,3.94731532344016,1.10191626970391,3.58222800766961,0.000340676245623682,0.00777493717450318,"ENSG00000259871","Significant"
19.1780729087977,1.94368948240752,0.482769141159605,4.02612618888358,5.67032670357129e-05,0.00245096689923968,"ENSG00000103534","Significant"
2064.72355740792,0.919175315599267,0.316525058294215,2.90395749566494,0.00368478180777932,0.0351973841209253,"ENSG00000103540","Not Sig"
318.677968552684,0.533124665011664,0.194047672463968,2.74739015543028,0.00600716272550821,0.0475141103924796,"ENSG00000103550","Not Sig"
32.1825490852462,1.02171535985413,0.330695800962916,3.08959278248805,0.00200431092576672,0.0237865228681123,"ENSG00000261195","Significant"
712.572277528781,-0.304707034646345,0.0568325330209245,-5.36148959846922,8.25384761011049e-08,2.05798505037512e-05,"ENSG00000066654","Not Sig"
166.343640450582,0.520569039889688,0.179761841112415,2.89588177706829,0.00378094810614888,0.0356988202899391,"ENSG00000196678","Not Sig"
7.97334060001264,1.65846634393998,0.436164820366483,3.80238448058803,0.000143310094356492,0.00439467816935269,"ENSG00000261596","Significant"
112.810850078596,-0.623832129563335,0.194271549271303,-3.21113478480652,0.0013221190706987,0.0183616942671373,"ENSG00000248124","Not Sig"
2091.25631312899,-0.32566584826963,0.102677918426351,-3.17172234557156,0.0015153781439188,0.0200241572568646,"ENSG00000140740","Not Sig"
475.787358344498,-1.33131685605744,0.169640766403128,-7.84785923976404,4.23198806187226e-15,3.763506983423e-11,"ENSG00000103319","Significant"
540.610841603648,-0.339588965084581,0.122225327532059,-2.77838457823326,0.00546299179987281,0.0447019827145974,"ENSG00000103356","Not Sig"
230.396983575963,1.01893052093705,0.287802904495522,3.54037608731953,0.000399557212510486,0.00851780100368853,"ENSG00000140750","Significant"
67.9310592314701,2.37426277181284,0.669844314830338,3.54449939970634,0.000393359400414817,0.00845643468466309,"ENSG00000261329","Significant"
19.66397790357,1.38033949361448,0.411040416896408,3.35816001753998,0.000784631768325555,0.0131667680348545,"ENSG00000184730","Significant"
93.7240591802545,-0.969715993345537,0.234456612640191,-4.13601468700613,3.53389582859665e-05,0.00177219561675057,"ENSG00000184110","Not Sig"
5.13975053143939,-1.37843195533524,0.388623380346138,-3.54696095254871,0.000389702346088346,0.00842942476428191,"ENSG00000260442","Significant"
34.4735508759955,1.2272618200721,0.342810343076249,3.58000230990441,0.000343591170201056,0.00782138978651363,"ENSG00000103472","Significant"
4.89313985194757,2.28271466682709,0.784317217922818,2.91044824041046,0.00360910740021357,0.0346951610836043,"ENSG00000260517","Significant"
3.68024896940509,3.59637678066752,1.0349629041994,3.47488471912866,0.00051107293250865,0.0100041770142464,"ENSG00000259807","Significant"
896.552298901193,-0.343153181338291,0.112900749871636,-3.03942340266512,0.00237031469173516,0.0262991814226641,"ENSG00000103502","Not Sig"
13525.3468111732,-0.689371528125267,0.206849904001513,-3.33271379289702,0.000860033649279796,0.0140078374414748,"ENSG00000149925","Not Sig"
959.928153981164,-0.568162869008095,0.12801394817594,-4.43828877324543,9.06769108594442e-06,0.000689050000469229,"ENSG00000090238","Not Sig"
1038.36095748814,-0.228366601124607,0.0836572497320714,-2.72978853423936,0.00633749632182021,0.0490890960464972,"ENSG00000169217","Not Sig"
281.996997849895,-0.567064161035919,0.149602878462174,-3.79046290328764,0.000150366790018806,0.00455792520056909,"ENSG00000180035","Not Sig"
70.2324855894945,1.29199960116269,0.394900816819546,3.27170658082756,0.00106900458340613,0.0161220877787971,"ENSG00000005844","Significant"
1429.47223845575,0.489463549407043,0.176932237442246,2.76638987039777,0.00566807260752647,0.0456790231932128,"ENSG00000080603","Not Sig"
203.564942302247,-0.292277741992795,0.0988278387932934,-2.95744342445977,0.0031020166842258,0.0312456434899983,"ENSG00000156873","Not Sig"
280.035654164961,0.492778325509114,0.138098554676166,3.56830907220321,0.000359292528982069,0.00804833365299128,"ENSG00000099385","Not Sig"
27.5330851927958,-0.726810096020852,0.213866301739799,-3.39843205829186,0.000677732943497322,0.0119855817094306,"ENSG00000260083","Not Sig"
26.4596608327808,0.927140846764466,0.261277313888559,3.54849348749778,0.000387441579305512,0.00839319011968655,"ENSG00000260852","Not Sig"
134.730083605702,-0.410464328732391,0.122003454343763,-3.36436645126332,0.000767196036731718,0.0130038265971827,"ENSG00000167394","Not Sig"
2.04533003794635,2.61866120443244,0.930434544301962,2.81444967888314,0.00488608267287022,0.0417807050094566,"ENSG00000261359","Significant"
251.174640658458,1.68279758625553,0.359475460014872,4.68125859324559,2.85119011149902e-06,0.000295762038567865,"ENSG00000140678","Significant"
9.22187970618526,-3.44277059528286,0.60005810700307,-5.73739535405568,9.61436465282965e-09,4.00783804020066e-06,"ENSG00000261711","Significant"
1320.0333915448,-0.49094058461094,0.12047185789216,-4.0751474510371,4.59852001974192e-05,0.00212255909354143,"ENSG00000069345","Not Sig"
4.00334586980449,2.25466959090674,0.664789348063744,3.39155493010479,0.000694972308059658,0.0121661195582176,"ENSG00000261173","Significant"
3.09442048751226,-1.5639842707987,0.571131007593374,-2.73839845850606,0.00617392226644759,0.0483032469637992,"ENSG00000260614","Significant"
432.683975139435,1.02267545680027,0.191419699023811,5.3425820958639,9.16318489802525e-08,2.20717646265246e-05,"ENSG00000121281","Significant"
16.9651417855926,1.68037856363113,0.543074151645029,3.09419728142297,0.00197346212432176,0.0235817703609682,"ENSG00000261056","Significant"
2008.33704267101,-0.18622845273585,0.0668604189800897,-2.78533182377015,0.00534729705555603,0.0441127205148978,"ENSG00000140718","Not Sig"
14.1883578905457,1.46652879017613,0.421231473863458,3.48152709655192,0.000498563335569958,0.0098416926228803,"ENSG00000260936","Significant"
6.55065171316978,2.47581502196532,0.874228287426317,2.83200058562963,0.00462577639472124,0.0404102173100426,"ENSG00000245694","Significant"
17.5963455775191,1.8158804279443,0.463442281767339,3.91824505312599,8.91960026893696e-05,0.00321024681879072,"ENSG00000261997","Significant"
3.19922553226715,2.30775013978537,0.816121298954594,2.82770483106062,0.00468830120014562,0.0407689660100016,"ENSG00000256812","Significant"
66.1486929129093,0.687186891591785,0.142606462385854,4.81876403141146,1.44450273226534e-06,0.00018439181049812,"ENSG00000246379","Not Sig"
3.55664632467546,3.88820278026001,1.05138437786296,3.69817439000107,0.000217155682321566,0.00589020909968866,"ENSG00000261013","Significant"
4263.44287285992,0.359215973903563,0.129939949873021,2.76447677757759,0.00570141652647597,0.0458270808248004,"ENSG00000087258","Not Sig"
195.64018320937,-0.905332986172674,0.275429777046555,-3.28698296851052,0.00101266958174783,0.0155448859444479,"ENSG00000198417","Not Sig"
12.335656724105,1.30588230623154,0.363725191547237,3.59029931547081,0.000330298453776169,0.00765666528232835,"ENSG00000261270","Significant"
120.955694454917,0.861787003747869,0.290966940994854,2.96180384204922,0.00305842563316651,0.0309239767326442,"ENSG00000140853","Not Sig"
1.72172589904001,3.03741790630142,1.04803915796155,2.89819123954228,0.00375321657411744,0.0355638543878772,"ENSG00000260148","Significant"
633.614246335254,1.24748950894494,0.347048473491984,3.59456849469113,0.000324929656701071,0.00759215357028908,"ENSG00000140848","Significant"
416.078098652928,-0.474461284123824,0.120738852671361,-3.92964877192645,8.5070030130769e-05,0.00314346722141106,"ENSG00000005194","Not Sig"
13.7017689505905,1.28249330466631,0.425553437131889,3.01370684093157,0.00258077051358628,0.0276293645794415,"ENSG00000159618","Significant"
383.058529739312,-0.415299663774721,0.13368596010416,-3.10653163167729,0.00189296055246559,0.0229526352772674,"ENSG00000070761","Not Sig"
12.3705839645172,5.80750120042631,1.12252835407074,5.1735897622238,2.29638723916479e-07,4.57203844430429e-05,"ENSG00000207493","Significant"
1692.1994706347,-0.459831077173963,0.133795264945204,-3.43682623867361,0.000588573062045576,0.0109884819610314,"ENSG00000125166","Not Sig"
4.82929494491745,2.50535815380416,0.66126083747701,3.78875930920567,0.000151401508673945,0.00456927697953868,"ENSG00000259846","Significant"
20.9348897822531,0.770849048370455,0.23967911348998,3.21617114293391,0.00129913332376373,0.0181558815844383,"ENSG00000217555","Not Sig"
5581.83908685863,0.736244058563559,0.241563232174733,3.04783162543132,0.00230499038658466,0.0259910560117042,"ENSG00000135720","Not Sig"
14.9399038546833,1.14522606770787,0.304870629190502,3.75643291959182,0.000172352441714074,0.00506967011299864,"ENSG00000135722","Significant"
1330.00736637444,1.34715245296362,0.457945580938583,2.94173043487517,0.00326383906881556,0.032371144254769,"ENSG00000159713","Significant"
310.095576487015,-0.743779800123795,0.2676347324281,-2.77908548481693,0.00545121773507745,0.0446524525496259,"ENSG00000159753","Not Sig"
326.618594238859,-0.308973561256561,0.0975287982253591,-3.16802387478023,0.00153478916012368,0.020140993606955,"ENSG00000168286","Not Sig"
719.510134172315,-0.382002081342652,0.109195489733274,-3.49833204902278,0.000468177854679165,0.00944105592213564,"ENSG00000038358","Not Sig"
466.950765261847,0.612688261956848,0.22412636395461,2.73367332225551,0.00626321500416016,0.0486735546449137,"ENSG00000124067","Not Sig"
6.67509610778967,-2.70419104926115,0.492646188748008,-5.48911391384856,4.03955053669215e-08,1.18494909328468e-05,"ENSG00000141096","Significant"
20.2761962884839,1.21423891677757,0.282002664878897,4.30577107240815,1.66405079048466e-05,0.00107234809273769,"ENSG00000167261","Significant"
238.991364015603,-0.265369321292742,0.0866141550746072,-3.06381007889715,0.00218537598614012,0.0251579031586597,"ENSG00000168802","Not Sig"
469.210819654449,-0.419311667106666,0.139303821243258,-3.01005143551983,0.00261203451919506,0.0278634421981628,"ENSG00000223496","Not Sig"
3441.14407026974,-0.280359134201468,0.0782509619756682,-3.58282028901632,0.000339904460454998,0.00776396498328673,"ENSG00000090861","Not Sig"
1865.91580663668,-0.253186651180627,0.059207896532778,-4.27623114495313,1.90083865868103e-05,0.00118017880543637,"ENSG00000189091","Not Sig"
16.2058056698823,1.825432801076,0.407770823709639,4.47661454654694,7.58359876930192e-06,0.000613099489594563,"ENSG00000268927","Significant"
44.4053731415944,0.656005036981192,0.203063598288053,3.23053980384326,0.0012355669919311,0.0175806356147893,"ENSG00000157429","Not Sig"
4.86115837547152,1.79849396816495,0.655920309081953,2.74193974978787,0.00610775437002051,0.0479932881276442,"ENSG00000223224","Significant"
8.29502468254435,1.45251691407781,0.397509103965879,3.65404691260225,0.000258139070540935,0.00655138579480625,"ENSG00000259768","Significant"
633.267175498376,0.807591971844359,0.148348782029969,5.44387328829713,5.21343120916001e-08,1.3908913122918e-05,"ENSG00000140836","Not Sig"
1.86935447167212,3.68547182456068,1.02288139651918,3.60302947839521,0.000314529842443549,0.00742331801493531,"ENSG00000272250","Significant"
912.258814805792,-0.277750052104383,0.077314506401765,-3.59247009430617,0.00032755825564984,0.00761894219919971,"ENSG00000103035","Not Sig"
11.1944488175895,1.77904928204608,0.593408839294361,2.99801614711638,0.00271743275304999,0.0286528299394129,"ENSG00000196436","Significant"
747.615540947914,1.99739259697795,0.66970514473346,2.98249552461315,0.00285908828462065,0.0295077819517967,"ENSG00000103089","Significant"
2.34759114398295,2.85124330502977,0.936602704199363,3.04423988127079,0.00233269057995115,0.0260877091525581,"ENSG00000261783","Significant"
408.175376071886,1.71025275084919,0.487355175206781,3.50925328765318,0.000449366741400504,0.00918670903741307,"ENSG00000183196","Significant"
3172.61250599772,-0.338559159918567,0.104060048448543,-3.2534980039528,0.00113993526169216,0.0167008966758292,"ENSG00000166848","Not Sig"
2.15935876407367,2.70779330942422,0.94388949831543,2.86876092408788,0.00412083150133233,0.0375209599585518,"ENSG00000264645","Significant"
12.4708768854533,3.15446046532783,0.71175520475496,4.43194576485582,9.33865104955323e-06,0.000697887594820814,"ENSG00000260816","Significant"
4.4682011905601,2.02797213022531,0.626941114189142,3.23470910477486,0.00121766720662035,0.0173815641548551,"ENSG00000261390","Significant"
22.7021235439118,1.3692256205993,0.49959220734643,2.74068650484342,0.00613109747533454,0.0481037097927326,"ENSG00000168589","Significant"
8.21466656802554,-1.01477905660163,0.360106465246799,-2.81799732727974,0.00483242120970778,0.0414868518409355,"ENSG00000260896","Significant"
348.809874105413,0.351513923024264,0.114821916322746,3.06138352573923,0.00220316690573899,0.0252701160267458,"ENSG00000103121","Not Sig"
158.934574017536,1.39855852022407,0.279383751364,5.00586921535726,5.56105071398802e-07,8.83114714276704e-05,"ENSG00000197943","Significant"
22.4584366862493,1.79557688870952,0.279517410876553,6.42384631096388,1.3287335953846e-10,1.19817465810746e-07,"ENSG00000260682","Significant"
2.88019760811288,-1.98821119218205,0.725820819640503,-2.73925897188621,0.00615778475206932,0.0482004124198368,"ENSG00000261235","Significant"
13.5395570299156,-1.14256094997262,0.409730041989559,-2.78857011417711,0.0052941286377512,0.0438639931448958,"ENSG00000260523","Significant"
75.6682055931117,0.810457060688455,0.177820500577428,4.55772567311809,5.1710516235123e-06,0.000464506687756514,"ENSG00000064270","Not Sig"
14.8098505523252,1.34788407754412,0.352135275743925,3.82774510362974,0.000129322579362806,0.0040836212452744,"ENSG00000261286","Significant"
25.4602829907793,3.54329155297768,0.585064671721796,6.05623912062588,1.39340826020335e-09,8.85112832713454e-07,"ENSG00000263968","Significant"
22.705954183935,0.679608079644128,0.24266538380708,2.8005975511712,0.00510080879605766,0.0428632359008777,"ENSG00000268388","Not Sig"
9.1938103890492,1.61299897415889,0.475922126917714,3.38920777776271,0.000700948755374132,0.0122008503279298,"ENSG00000226180","Significant"
1.3666671428331,-2.30445961411954,0.659635719994954,-3.49353369483564,0.000476672825757111,0.00955155683717265,"ENSG00000260443","Significant"
3.34555140784654,-1.36043354110594,0.45067231109959,-3.01867567099171,0.00253882162989792,0.0273669584905239,"ENSG00000180422","Significant"
6.33914390373866,2.24865785244516,0.642031888908202,3.502408355867,0.00046107236746118,0.00933304225454994,"ENSG00000261574","Significant"
1.24359773925585,3.2347226964394,1.18847858223906,2.72173411013035,0.0064940369267633,0.0496450712237278,"ENSG00000015413","Significant"
2.17931945760036,3.28510495698289,1.10357597493395,2.97678187238491,0.00291291175878053,0.0298668611885111,"ENSG00000260259","Significant"
407.281776234794,-0.424437540645372,0.133721353690248,-3.17404460044983,0.00150330588896044,0.0199090051468547,"ENSG00000075399","Not Sig"
68.788396616483,-0.721683389260167,0.253567630000443,-2.84611797357141,0.00442557957460498,0.0392457891185002,"ENSG00000187624","Not Sig"
190.311282484296,-0.247891733999084,0.0902442614455606,-2.74689747611955,0.00601619376628387,0.0475432563657249,"ENSG00000179409","Not Sig"
620.159819935607,-0.329084284342213,0.102398197891118,-3.21377027252116,0.00131004440812516,0.0182414795221144,"ENSG00000167699","Not Sig"
134.327776663526,-0.35566149435571,0.105485924582048,-3.37164883149006,0.000747196546014964,0.0127376719815548,"ENSG00000171861","Not Sig"
183.464429079191,-0.455303015326825,0.109971767836209,-4.14018092357077,3.47032007427495e-05,0.00175373263379244,"ENSG00000177370","Not Sig"
7608.14763099899,0.221292180170277,0.0800508343370653,2.76439567435981,0.00570283400196175,0.0458270808248004,"ENSG00000108953","Not Sig"
1966.24946139884,-0.42191035832842,0.149242501081372,-2.82701211297966,0.00469845506015182,0.040837027147319,"ENSG00000174238","Not Sig"
699.556136499094,-0.641072819047191,0.182447913000168,-3.51373062319765,0.000441860659298216,0.00913829498404426,"ENSG00000167703","Not Sig"
245.586755820466,-0.305227000086692,0.0989553585379477,-3.0844918819595,0.00203900174552508,0.0240085252605404,"ENSG00000186532","Not Sig"
2.64702646515892,3.01579884670338,1.04360016505361,2.88980296064677,0.00385483362076074,0.0361096396899513,"ENSG00000263345","Significant"
2.48446660948086,2.5559139768982,0.86183091344837,2.96567915703028,0.00302015381129922,0.0306367617991071,"ENSG00000243049","Significant"
1046.68020005799,-0.329577033302306,0.101494428723159,-3.24724260679643,0.00116529012596437,0.0169328841343157,"ENSG00000132361","Not Sig"
997.200060426765,1.8326786423383,0.548433476023135,3.34166078924946,0.000832787666182193,0.0136894283093498,"ENSG00000108381","Significant"
3.46109518079542,2.93061940984483,0.888140199613235,3.29972611432412,0.000967792285212262,0.0151702293637943,"ENSG00000262248","Significant"
11.635965709105,2.45042571976997,0.735824040670083,3.33017893454319,0.000867901909334015,0.0141015560530586,"ENSG00000262903","Significant"
1782.94642237909,-1.35612859011826,0.381074650607678,-3.55869535786682,0.000372701522153404,0.00822440356454149,"ENSG00000004660","Significant"
8.91041744727751,2.09854463424469,0.588736789836684,3.56448700076451,0.000364568517820344,0.00811765031675081,"ENSG00000108405","Significant"
52.198172299731,0.68198644105313,0.236167962171263,2.88771785462826,0.00388047779992475,0.0362379894157592,"ENSG00000074370","Not Sig"
22.7870681844209,1.46509198953195,0.516654488347307,2.83572875601746,0.00457212587734851,0.0400853586203684,"ENSG00000182557","Significant"
695.51117472876,-0.454645008665847,0.10871674779007,-4.18192245360171,2.89054565429387e-05,0.00155210704689594,"ENSG00000132382","Not Sig"
3593.11900648922,0.997874078383004,0.334518332547277,2.9830176145637,0.00285421567206445,0.029479320463288,"ENSG00000129250","Not Sig"
194.963360611954,0.535235896476405,0.181633963553946,2.94678311260568,0.00321098332143845,0.0320006813719299,"ENSG00000167842","Not Sig"
7.59503845097841,1.8291109717006,0.643012663587692,2.84459556596455,0.00444678442762667,0.0393093975297057,"ENSG00000263316","Significant"
4.15260519319519,-1.19856529095931,0.405880071681137,-2.95300354608422,0.00314698347962425,0.0315514363971798,"ENSG00000161944","Significant"
38.4340974452046,-1.04358156330561,0.335087779740041,-3.11435279470713,0.00184348919207602,0.0226052952109856,"ENSG00000141505","Significant"
1778.35100812318,0.373210369006909,0.127651528681397,2.92366548886693,0.00345936284355307,0.0336600742517827,"ENSG00000072778","Not Sig"
337.244609482064,0.639792644727748,0.126450113198255,5.05964469738866,4.20038425915574e-07,7.04792777673057e-05,"ENSG00000175826","Not Sig"
3.91271778711359,4.72534376773239,1.0457820133106,4.51847871505605,6.22855334347136e-06,0.000536037337582169,"ENSG00000181885","Significant"
26.0932719267541,1.15609845171577,0.280762813994791,4.11770503104169,3.82664039674749e-05,0.00187322824118947,"ENSG00000072818","Significant"
66.0665897940818,0.559000043027323,0.188821901646237,2.96046188579663,0.00307178127666764,0.0309954813465265,"ENSG00000205544","Not Sig"
24.951451086768,0.961670350039662,0.271216688742634,3.54576392219072,0.000391476751055394,0.00843992164435911,"ENSG00000161958","Not Sig"
71.3817606828578,-0.693093343039806,0.16216772687717,-4.27392895236654,1.92058257054349e-05,0.00118505724889707,"ENSG00000161955","Not Sig"
1211.70771867708,-0.471586584173895,0.0953701541504741,-4.94480257869595,7.62210683389889e-07,0.000110516406642168,"ENSG00000129245","Not Sig"
2997.45026151317,0.545301729577248,0.199767487554877,2.72968207315243,0.00633954308738477,0.0490890960464972,"ENSG00000129244","Not Sig"
81.8990174548833,-0.555132407004604,0.145237757841538,-3.82223200946328,0.000132249170992857,0.0041363137548868,"ENSG00000179859","Not Sig"
62.2854935020691,-1.08204635153117,0.357129373219936,-3.02984417600622,0.00244679941758285,0.0266550272199644,"ENSG00000170049","Significant"
237.384671045696,0.337192522941687,0.110794993303479,3.04339133825371,0.00233927906175624,0.0261208879734089,"ENSG00000170037","Not Sig"
18.2994829869816,-2.21561277230618,0.77948897281478,-2.84239142512238,0.00447764796674068,0.0395298378903622,"ENSG00000179593","Significant"
8.04527864734552,1.27185359480352,0.398065297444314,3.19508784857449,0.00139788283726284,0.0189985309298702,"ENSG00000266638","Significant"
50.9342020403876,0.947973794541247,0.30995643249426,3.05840981234936,0.00222515046057932,0.0254021348471527,"ENSG00000198844","Not Sig"
34.8275905127498,0.949761444345336,0.311555098108146,3.04845419032642,0.00230021980100742,0.0259482300511953,"ENSG00000198150","Not Sig"
26.0190767124806,0.679172069926926,0.228565111865247,2.97145992397711,0.00296387553472554,0.0302036804396267,"ENSG00000184619","Not Sig"
830.558729910414,-0.548510825072939,0.128556774729908,-4.26668159826922,1.98402004140477e-05,0.00121402914414307,"ENSG00000166579","Not Sig"
17.8424794883893,1.20570804425369,0.341543309431749,3.53017614738148,0.000415283080332505,0.0087445440411925,"ENSG00000174083","Significant"
4.01485141118044,4.78428465415047,1.21560834297627,3.93571225616693,8.29503129679453e-05,0.00311256174356092,"ENSG00000214978","Significant"
250.439459385693,-2.05608720676407,0.690112203527797,-2.97935204775907,0.00288858690010047,0.0297087933337627,"ENSG00000065325","Significant"
149.429042666378,-0.659488699951836,0.177411788983402,-3.71727664621844,0.000201381888881385,0.00558777356184643,"ENSG00000273290","Not Sig"
193.771785614605,2.06099483910355,0.657247115012277,3.13579898949431,0.00171386629074923,0.0215071678132167,"ENSG00000233670","Significant"
8.83684325239363,1.18169504252315,0.352620824069796,3.35117770097791,0.000804686476044921,0.0133925330595149,"ENSG00000263508","Significant"
77.7318286508518,0.412923506986011,0.144109390392659,2.86534767693421,0.00416551620900051,0.0377900514027589,"ENSG00000236088","Not Sig"
16.2965738349023,-0.645489704619851,0.212681357043357,-3.03500839750737,0.00240528989725212,0.0265058773931389,"ENSG00000231595","Not Sig"
19.5473632234611,-1.31964768865909,0.305407391408682,-4.32094220959179,1.55364363603984e-05,0.00101465213220273,"ENSG00000125430","Significant"
7.35743856107971,2.99055723967573,0.722704750068662,4.13800689616556,3.50335844008327e-05,0.00176351131741474,"ENSG00000239888","Significant"
10.992393502577,1.63847172378284,0.517837707624673,3.16406414530631,0.00155582501155677,0.0203071700016258,"ENSG00000239704","Significant"
179.593316497107,0.522851085992291,0.157561364640301,3.31839653195384,0.000905358575992021,0.0144238036953234,"ENSG00000214941","Not Sig"
283.739025043976,-0.368707919053418,0.120596917963684,-3.05735772753704,0.00223297614710406,0.02542215226724,"ENSG00000166582","Not Sig"
2.04331854943827,3.88921863680206,1.32461504054503,2.9361123932292,0.00332353880328716,0.0327795533208496,"ENSG00000227300","Significant"
609.256097676653,-0.462031605315272,0.127415717031501,-3.62617435336525,0.000287651171434665,0.00698929472013245,"ENSG00000141030","Not Sig"
317.271829319685,-0.566390198597353,0.125741682067582,-4.50439495705915,6.65623118301946e-06,0.000560194295683836,"ENSG00000141026","Not Sig"
839.412806531491,-0.828584166297037,0.248605195116852,-3.33293182351872,0.000859359975807978,0.0140054152685284,"ENSG00000108551","Not Sig"
2316.08758060454,1.10548598618891,0.346761068455928,3.18803374067181,0.00143243820666049,0.0193107725697298,"ENSG00000131899","Significant"
315.978837042923,-0.430917144997016,0.0865929010737271,-4.9763564871227,6.47922734153859e-07,9.87767464256618e-05,"ENSG00000176994","Not Sig"
96.9142572426182,0.542758916276244,0.17366542410826,3.12531362568693,0.00177615581141645,0.0220502842683943,"ENSG00000108448","Not Sig"
35.4376913089863,0.50002796727419,0.180326425692499,2.77290455546909,0.00555584132648554,0.0451805877381884,"ENSG00000154016","Not Sig"
90.7189372014271,3.19603871229746,0.810423554031423,3.94366463856939,8.02458557989966e-05,0.00305403592990218,"ENSG00000265185","Significant"
197.080307043574,2.60017960503076,0.513017055018064,5.06840772562464,4.01157374378726e-07,6.90482425229034e-05,"ENSG00000263934","Significant"
7.83361085599077,1.88342779308143,0.692216303813827,2.7208659817813,0.00651111527454762,0.0497309030660338,"ENSG00000108602","Significant"
228.910854946565,1.12509797029024,0.35656447503196,3.15538436685088,0.00160286788773203,0.0207583249034877,"ENSG00000154898","Significant"
3.72430762014314,-1.42454524741688,0.454256984721361,-3.13598974882179,0.00171275190374536,0.0215054007685329,"ENSG00000266369","Significant"
1.36744522469808,-1.76708925015486,0.600603194706078,-2.94219089363924,0.0032589896166371,0.0323461993981626,"ENSG00000264660","Significant"
7.43627711630974,2.15612294334564,0.532912029108315,4.04592657995229,5.2116566750693e-05,0.00230578675895333,"ENSG00000235530","Significant"
1330.71934202704,1.72071124294226,0.359054220319795,4.79234373407363,1.64844157755942e-06,0.00020266715598022,"ENSG00000109046","Significant"
9.05179905066212,1.49522472893475,0.512999257312405,2.9146723072626,0.00356062192910956,0.0343309838983426,"ENSG00000264469","Significant"
1.21696156978486,3.09695947872781,1.12487495079469,2.75315889694219,0.00590232412902531,0.0470054046084377,"ENSG00000266313","Significant"
66.8454754494827,-1.17960303250702,0.431905145986295,-2.73116225511343,0.0063111391735921,0.0489319622238487,"ENSG00000007171","Significant"
117.903300433754,-1.05617590832457,0.368457472115771,-2.86647981993621,0.00415064620836066,0.0377034695923916,"ENSG00000258472","Significant"
1982.01521135589,-0.186771054944468,0.0662498105168357,-2.81919379825253,0.00481444408256963,0.0414070127913847,"ENSG00000109111","Not Sig"
2606.26624787943,-0.436864909004974,0.135952319242872,-3.21336856508153,0.00131187825993124,0.018257485705115,"ENSG00000198242","Not Sig"
63.6456631673073,-0.701972546900925,0.256890291356785,-2.73257717601318,0.00628409471781215,0.0487931789803581,"ENSG00000160606","Not Sig"
4.74120542612002,2.54944595971084,0.834080598410101,3.05659424829029,0.00223867089140632,0.0254584402011207,"ENSG00000240531","Significant"
10.6128014031839,2.07752763250266,0.68020276136698,3.05427697518828,0.00225603687817836,0.0255796038558948,"ENSG00000265713","Significant"
368.081344621122,0.598319179135455,0.171128133219956,3.49632271373181,0.000471717832195598,0.00949808305294065,"ENSG00000126653","Not Sig"
10.5083581994364,1.07463300187325,0.33901279219427,3.1698892390392,0.00152497055807497,0.02008426660499,"ENSG00000248121","Significant"
81.0365542649528,0.329726010654431,0.1174002906587,2.80856213220965,0.00497632788611542,0.0422847193276853,"ENSG00000250462","Not Sig"
77.9487937133366,0.55170077163765,0.134861565149798,4.0908673351436,4.29762928577183e-05,0.00202383636589779,"ENSG00000172171","Not Sig"
184.549594647802,0.973489720306213,0.201858450193332,4.82263546249287,1.41673750845257e-06,0.000183394361267983,"ENSG00000184060","Not Sig"
1.48607068825131,3.4121629018578,1.21524432303356,2.80779991083617,0.00498812087885076,0.0422847193276853,"ENSG00000264743","Significant"
17.4084973292423,1.15602014548212,0.362706418042897,3.18720620307688,0.0014365431950083,0.0193270478565943,"ENSG00000265798","Significant"
4713.34630544382,0.197183771643968,0.0720494037102792,2.73678561500484,0.00620427110721792,0.0483846094327585,"ENSG00000196712","Not Sig"
756.886594608164,1.6983526297175,0.592283512779928,2.86746565297108,0.00413773714554754,0.0376118191843485,"ENSG00000126860","Significant"
694.385757463787,-0.43395989544875,0.150586046418373,-2.88180681922601,0.00395402068647696,0.0366282353800413,"ENSG00000172301","Not Sig"
384.192550825266,-1.40787013025153,0.249160411084963,-5.65045676446349,1.60022053069944e-08,6.18728746935224e-06,"ENSG00000141314","Significant"
3.08930267080461,4.41631143016748,1.19384102083486,3.6992458401866,0.000216241066053117,0.0058808311939155,"ENSG00000264083","Significant"
741.057393093977,0.179284651726283,0.0639941927985254,2.80157689137091,0.00508535208642228,0.0428393142764951,"ENSG00000108671","Not Sig"
49.5296351874484,-1.94902427258972,0.488016328149786,-3.99376856913588,6.50313409598229e-05,0.00266099868936674,"ENSG00000197322","Significant"
228.072980607433,-0.700716058701427,0.25197419510294,-2.78090404620664,0.00542077567678659,0.0444850428425068,"ENSG00000181291","Not Sig"
10.7270303013421,2.25068806820476,0.66397142611695,3.38973633453968,0.000699598763477831,0.0122008503279298,"ENSG00000267457","Significant"
6.3963574162882,1.35815933186835,0.415349648704897,3.26991809455776,0.00107578628570827,0.0161607511327126,"ENSG00000267102","Significant"
544.93367068425,0.584067711025036,0.161064325990222,3.62630090452491,0.000287510305176821,0.00698929472013245,"ENSG00000172660","Not Sig"
2.7861273106522,2.64729759641818,0.858830666476046,3.08244418807326,0.00205308226264955,0.0241083546149768,"ENSG00000223255","Significant"
10.3012890637049,4.99999598758345,1.80816895651326,2.76522609769005,0.00568833536231271,0.0457933310594872,"ENSG00000256515","Significant"
14.22757114718,3.60825309144768,0.96387188749911,3.74349863114045,0.000181475591563577,0.00524549004043842,"ENSG00000197262","Significant"
170.062250423031,-0.65699668749563,0.222604060314286,-2.95141376382821,0.00316322862029805,0.03165482984281,"ENSG00000108272","Not Sig"
490.78168632056,-0.268104600901334,0.0783427775024948,-3.42219933283315,0.000621167562658412,0.0113585533955886,"ENSG00000108264","Not Sig"
150.440404048928,0.929133253368199,0.318544466713612,2.91680864198949,0.00353632656119589,0.0341708280790095,"ENSG00000174093","Not Sig"
2713.85183025243,0.736278800324545,0.242082559622648,3.04143677872639,0.00235452005087947,0.0261625324603971,"ENSG00000017373","Not Sig"
12.5304283602952,-1.25480542696141,0.388516070200168,-3.22973880157628,0.00123903358649833,0.0175830729011643,"ENSG00000227450","Significant"
211.989707918985,-0.728442853196906,0.205686532026266,-3.54151944719396,0.000397829531253453,0.00850456255153115,"ENSG00000161381","Not Sig"
258.117457173867,-0.418656559547602,0.127284435299172,-3.28914182290695,0.00100493372390767,0.0155064354078269,"ENSG00000161395","Not Sig"
16.0512394175278,-1.42976727160154,0.330232075680465,-4.32958327459685,1.49391771291482e-05,0.000988988353916987,"ENSG00000264198","Significant"
8.83065781828348,-0.735480859868957,0.255580294126354,-2.87769001277285,0.0040059857343727,0.0369120250759257,"ENSG00000161405","Not Sig"
1238.72412248542,-0.293668057827496,0.0901994776340437,-3.25576228965496,0.0011308838871868,0.0165865042475298,"ENSG00000171475","Not Sig"
155.625716313125,-0.610127120589661,0.219688116065025,-2.77724226288632,0.00548222999823377,0.044796451492459,"ENSG00000131759","Not Sig"
2.72968319886133,3.04736312910344,1.0305031869561,2.95716031515122,0.00310486641513213,0.0312583890903056,"ENSG00000131738","Significant"
22.6687477654012,-1.32060159748187,0.44434881350532,-2.97199307693449,0.00295873355636324,0.0301787295719449,"ENSG00000171345","Significant"
633.872194582666,-0.275377620734187,0.0878356088336922,-3.13514785621383,0.00171767513715943,0.0215245913500594,"ENSG00000178502","Not Sig"
10.9309717521857,1.69995499193325,0.547935124834704,3.1024749370577,0.00191909797332644,0.023188231354337,"ENSG00000236194","Significant"
17.1833331639647,1.37549335634012,0.342530636149723,4.01567979962785,5.92746884874778e-05,0.00250616388931446,"ENSG00000108786","Significant"
2.57918575492949,2.94866081920064,0.958162550227949,3.07741188433961,0.00208806561860781,0.0244010086022066,"ENSG00000267042","Significant"
858.739312384734,-0.332756856816147,0.0842807413975811,-3.94819565298339,7.87424397583511e-05,0.00301834705504748,"ENSG00000126581","Not Sig"
11.1064609346009,-1.65290347827512,0.386546748297428,-4.27607653034324,1.90215857542502e-05,0.00118017880543637,"ENSG00000267060","Significant"
465.977094027595,-0.567880618886469,0.161925884677344,-3.50704039701891,0.000453120354014142,0.00924927155680436,"ENSG00000198863","Not Sig"
103.265954506419,0.627713336793717,0.219039726606249,2.8657510969328,0.00416021200214972,0.0377775003421894,"ENSG00000068079","Not Sig"
51.4818034342121,0.97599173166177,0.27083952065547,3.60357945287944,0.000313864744424954,0.00741682685253619,"ENSG00000184988","Not Sig"
45.4556829555634,0.856112452296605,0.266001912295885,3.21844472811277,0.00128887808448696,0.0180754196555492,"ENSG00000188825","Not Sig"
1.26114768012587,-4.0616200736998,1.42320955606212,-2.85384542030333,0.00431935427436914,0.0386335220035046,"ENSG00000267496","Significant"
22.5147455410929,0.940992132554825,0.281154256274569,3.34688915979231,0.000817238801218808,0.0135410428502234,"ENSG00000260793","Not Sig"
542.694746912927,-0.806419239923382,0.293474667565943,-2.74783253563847,0.0059990640999788,0.0474922941018797,"ENSG00000161682","Not Sig"
101.098816575343,1.10189985225777,0.327728968615676,3.36222903001886,0.000773159671285121,0.0130634115707509,"ENSG00000161692","Significant"
162850.594423093,1.49796594439423,0.530714056891906,2.82254808392861,0.0047643676950848,0.0411221500282004,"ENSG00000131095","Significant"
1935.91627131401,-0.442121015704182,0.14970551675034,-2.95327136435123,0.0031442542840671,0.0315359248288069,"ENSG00000136448","Not Sig"
919.439870382169,0.950540624918526,0.253377573030425,3.75147892352882,0.000175794533349023,0.00514256837195021,"ENSG00000161714","Not Sig"
36.4243771604015,0.780834327804311,0.274053620575583,2.84920274420881,0.00438289407426072,0.0389953874826174,"ENSG00000267121","Not Sig"
147.664760670978,-0.942933066307816,0.302635903176212,-3.1157343078319,0.00183487513148149,0.0225594112264706,"ENSG00000214425","Not Sig"
6.16107037591599,-1.6583520069415,0.36839702815205,-4.50153470363241,6.74645467859775e-06,0.000562571467404163,"ENSG00000264070","Significant"
9.51152518675175,2.52850643229291,0.792264183490678,3.19149405587469,0.00141539023343499,0.0191389741702038,"ENSG00000256762","Significant"
97.7229530789104,-0.63012909904424,0.186771351872556,-3.37379952935293,0.000741383387227866,0.0126709592491046,"ENSG00000108379","Not Sig"
9.48265707959436,-1.03157826369197,0.365448005702654,-2.82277710534644,0.00476096586982802,0.0411117680339878,"ENSG00000158955","Significant"
110.646031829812,-1.24752253165699,0.343802509725034,-3.62860216655989,0.00028495997719519,0.00694287418410089,"ENSG00000179673","Significant"
44.1542029886493,1.18204591145331,0.297795972272009,3.96931463657817,7.2079653552196e-05,0.0028363024736269,"ENSG00000228782","Significant"
7.24399955616822,2.07886892630168,0.51465297446096,4.03936055840162,5.35971203555171e-05,0.0023486861799682,"ENSG00000263766","Significant"
4.16286523040149,2.4659766670148,0.74888648567472,3.29285774838498,0.000991746380272388,0.0153562400924475,"ENSG00000141294","Significant"
4.70867793505917,1.75788279582722,0.589452790093517,2.98222830627086,0.00286158514341383,0.0295221307196974,"ENSG00000189120","Significant"
127.722798742029,0.385642218144006,0.135264546173217,2.85102215661271,0.00435789326954988,0.0388783019133151,"ENSG00000167182","Not Sig"
428.757673760668,-0.301475352138692,0.101713584745052,-2.96396349508621,0.00303704312528517,0.0307613035457415,"ENSG00000108439","Not Sig"
14.2758084424753,1.79815361684268,0.432509818776394,4.15748623217343,3.21768660825141e-05,0.00166365622134766,"ENSG00000263412","Significant"
6.28169194784553,1.30194837890692,0.445205513731041,2.92437613361065,0.00345147413372451,0.0336240383087706,"ENSG00000248278","Significant"
2.6075858240505,4.20387827992178,1.11234294131094,3.77930054104297,0.000157269512418777,0.00470380417244457,"ENSG00000262039","Significant"
1041.08894586038,-0.234929220890161,0.0665052644274532,-3.53249059172498,0.000411664873918532,0.00867520313686612,"ENSG00000136504","Not Sig"
1032.78960780433,-0.486142211723569,0.123586727326244,-3.93361182257259,8.36788824385758e-05,0.00313109243278929,"ENSG00000005882","Not Sig"
2.42765045909429,2.17712042606461,0.746161617250527,2.91775987364093,0.0035255573329573,0.0341154780467016,"ENSG00000261959","Significant"
122.641797731953,1.88898855300335,0.583639358726127,3.2365681388012,0.00120976340661887,0.0173427090558494,"ENSG00000108821","Significant"
289.864125043691,-0.341014537489059,0.12391825065451,-2.75193150071029,0.00592449117663712,0.0471116244713865,"ENSG00000015532","Not Sig"
6.59496688621314,1.88555272449582,0.557531258720111,3.38196772827475,0.000719685988146272,0.012411443101328,"ENSG00000154920","Significant"
639.161846813706,-0.337741095657699,0.0786878791263931,-4.29216163159258,1.7694206779188e-05,0.00111863446128426,"ENSG00000108829","Not Sig"
27.1151953849012,-2.21231006602401,0.475202199037475,-4.65551310685233,3.2317484574256e-06,0.000322920663279616,"ENSG00000049283","Significant"
1160.53971114433,0.765814535444706,0.233673715835938,3.27728145506269,0.00104811833987612,0.0159060006766525,"ENSG00000108848","Not Sig"
1663.96317569552,0.993002165369364,0.36397282644962,2.72823159645082,0.0063674885277403,0.0492037962656963,"ENSG00000108960","Not Sig"
91.7634974344936,-1.36743529731872,0.24440071552772,-5.59505439403523,2.20552611567514e-08,7.95151773514825e-06,"ENSG00000166292","Significant"
112.442904539539,-0.421728222030303,0.130421262054953,-3.2335848878123,0.00122247000040812,0.0174407899149135,"ENSG00000141179","Not Sig"
29.9466540358564,0.635461634811383,0.186674861398148,3.40410931633715,0.000663801821177188,0.0118521046084238,"ENSG00000214226","Not Sig"
17.5009990794065,1.53497643653801,0.340750210778342,4.50469695391184,6.64677268628509e-06,0.000560194295683836,"ENSG00000263004","Significant"
7.29305661318218,-1.32281481840744,0.307935853693752,-4.29574797003992,1.74105297455096e-05,0.00111001239387183,"ENSG00000265542","Significant"
60.9184279832884,-0.634853071013926,0.185868848847141,-3.41559693811862,0.000636423725298432,0.0115688985045883,"ENSG00000265148","Not Sig"
504.088147799224,-0.399410976288812,0.135684615886896,-2.94367179122027,0.00324343759621529,0.0322158122224229,"ENSG00000213246","Not Sig"
110.907438836932,-1.24512191956258,0.412632821932995,-3.01750576633666,0.00254864192182575,0.0274284864188742,"ENSG00000108375","Significant"
7.58116203878306,-0.798296944862099,0.288262598631072,-2.76933930608107,0.00561701048350013,0.0454522968423718,"ENSG00000176160","Not Sig"
34.7641865709208,1.75135423745348,0.507124730779126,3.45349798808425,0.000553366431258031,0.010545187871095,"ENSG00000212195","Significant"
15.609945766487,2.44286455830628,0.645690782258922,3.78333503501478,0.000154740897417379,0.0046461887659058,"ENSG00000202077","Significant"
4.3111125318076,3.36912839784889,1.07923421906944,3.12177684724813,0.0017976314098794,0.0222754335272515,"ENSG00000263857","Significant"
3.16187557486463,2.05975149145135,0.671510651149976,3.06734001601312,0.00215973035689889,0.0249650980033386,"ENSG00000264322","Significant"
18.9178873743346,-0.704031852156565,0.21347751865192,-3.29792034591008,0.000974037616137289,0.015217084073584,"ENSG00000136492","Not Sig"
4.36999380987742,2.01090880423127,0.679437788460295,2.95966582722501,0.00307972905631938,0.0310521887730706,"ENSG00000242398","Significant"
4.69394255411807,2.25346325161633,0.783146653581559,2.8774473354519,0.00400906823324955,0.0369120250759257,"ENSG00000264546","Significant"
3.49070182893085,2.38741936432254,0.836871215859879,2.85279182636182,0.00433370008266432,0.0387140892888865,"ENSG00000264529","Significant"
1778.77890891983,0.444830928975279,0.0927564622031522,4.79568666602468,1.62118521932664e-06,0.000201915393090718,"ENSG00000136485","Not Sig"
1464.10840093234,-0.298915694832198,0.0933750958891611,-3.20123574691713,0.0013683952528414,0.0187505993582721,"ENSG00000108588","Not Sig"
1914.87600861006,-0.205704266701912,0.066027713598467,-3.11542313812133,0.00183681211475559,0.0225594112264706,"ENSG00000198231","Not Sig"
981.607633719625,-0.235618085822588,0.067444468445493,-3.49351238512627,0.00047671087096443,0.00955155683717265,"ENSG00000087191","Not Sig"
5.72551915288591,1.57093135379728,0.559842209832627,2.80602520890115,0.00501567682254953,0.0424407522396008,"ENSG00000264954","Significant"
53.2265464463044,2.16718512884655,0.461061375326182,4.70042654801296,2.59618627886313e-06,0.000275950811688404,"ENSG00000224383","Significant"
26.0826471095727,1.17372799917247,0.320123244373177,3.66648789115802,0.000245904557484269,0.00633333788694651,"ENSG00000266402","Significant"
18.0122016244075,1.03633942994266,0.374357189820579,2.76831715303599,0.00563465933243833,0.0455260679376506,"ENSG00000271605","Significant"
48.4833422794568,0.909080187636178,0.27646851765977,3.28818700708236,0.00100834835913002,0.0155196546445508,"ENSG00000256525","Not Sig"
205.157599070911,1.19475813161685,0.351972588185111,3.39446357961403,0.000687631854617265,0.0120747784829149,"ENSG00000214176","Significant"
21.2179106746226,1.13723573215273,0.378278128752311,3.00634809605229,0.00264406124007971,0.0280592322291514,"ENSG00000263470","Significant"
5.99069170942545,1.85580626061725,0.532534426496638,3.48485688113343,0.000492400336842819,0.00975259731746813,"ENSG00000244044","Significant"
259.38108084831,0.730655509855327,0.220187760168488,3.3183293626141,0.000905576340554996,0.0144238036953234,"ENSG00000075461","Not Sig"
13.6316939772651,4.17992537678404,0.839937607035061,4.97647127807382,6.47538794913965e-07,9.87767464256618e-05,"ENSG00000200394","Significant"
149.337715920856,0.528347400534851,0.141796726801742,3.72609024518302,0.000194472801545584,0.00547293235488886,"ENSG00000237854","Not Sig"
888.586862713213,-0.424383076062834,0.0852489574026114,-4.97816148130198,6.41910921546964e-07,9.87767464256618e-05,"ENSG00000196704","Not Sig"
134.151113187374,-0.713781716711288,0.222336651490134,-3.21036460667827,0.00132566703462322,0.0183918204975106,"ENSG00000141337","Not Sig"
1517.1285653047,1.75429880104322,0.532403221052967,3.29505670077208,0.000984018227452973,0.0152826610161947,"ENSG00000141338","Significant"
64.6488191653786,1.37386742991103,0.392582865768315,3.49956034688949,0.000466026104069753,0.0094181427109564,"ENSG00000267365","Significant"
112.036869880149,0.630824189734848,0.197406530530007,3.19555887052561,0.00139560308280157,0.0189772143965663,"ENSG00000234899","Not Sig"
5.91432955660415,1.42457337534032,0.449434375414494,3.16970274920892,0.00152594956363862,0.02008426660499,"ENSG00000264026","Significant"
4.97439417369418,1.61917432696722,0.567269057098214,2.8543321845367,0.00431274101150622,0.0386235708110018,"ENSG00000200783","Significant"
368.730557723087,0.879492756881597,0.160126262450528,5.49249538097052,3.962939196065e-08,1.18494909328468e-05,"ENSG00000069188","Not Sig"
7.07476062072136,1.65590016482209,0.59983251831317,2.76060419244818,0.00576945513937106,0.0462961202950899,"ENSG00000264985","Significant"
202.802382057617,-0.846289483000365,0.226412565849359,-3.73782029202139,0.000185622543366593,0.00531354488677827,"ENSG00000170412","Not Sig"
16.6879256508656,1.23964852713984,0.33291519348229,3.72361655883929,0.000196389128406631,0.0054978652222041,"ENSG00000167850","Significant"
145.276175417016,-1.12668851781188,0.314079020527128,-3.58727722698871,0.000334149003647525,0.00768313210572677,"ENSG00000172794","Significant"
14.8861300927912,2.26001476817233,0.451131016697021,5.00966389923519,5.45251742834108e-07,8.76311520907902e-05,"ENSG00000186074","Significant"
78.4874773673456,-0.884963978275686,0.255061250759558,-3.46961357572079,0.000521207650558333,0.0101203048830027,"ENSG00000172782","Not Sig"
1582.679660268,-0.526617803080057,0.107070280930802,-4.91843113235504,8.72405989898949e-07,0.000122499575813232,"ENSG00000180901","Not Sig"
142.51823558766,3.76203921729655,0.898255550697265,4.18816139168446,2.81223505684826e-05,0.00153777006520079,"ENSG00000239607","Significant"
476.452800671849,-0.328625712095221,0.111180460199815,-2.95578657890614,0.00311872813573276,0.031350620924346,"ENSG00000125445","Not Sig"
1.2386870522687,3.09508479245772,1.11027739384102,2.78766802749196,0.00530889151180294,0.0439317359315728,"ENSG00000265342","Significant"
489.321652369684,2.38049660401896,0.464475520228107,5.12512823679035,2.97335303734282e-07,5.48319201886986e-05,"ENSG00000266714","Significant"
68.4106821707617,1.12558084541793,0.340614005781388,3.30456418794577,0.000951241907639983,0.0150166762449273,"ENSG00000092929","Significant"
35.7823767538473,1.00860183128683,0.318449100515013,3.16723090018362,0.00153898070108557,0.0201662407290088,"ENSG00000204316","Significant"
107.247142959553,0.52084555840259,0.190942662079226,2.72775896560235,0.00637661833165403,0.049225058006423,"ENSG00000188878","Not Sig"
1975.46729186771,-0.447648775459249,0.114442052693678,-3.91157590171378,9.16958285674653e-05,0.00328369531590793,"ENSG00000161533","Not Sig"
1.72889614388874,3.53526339789667,1.13691806405986,3.10951466922117,0.0018739497897657,0.022817192311029,"ENSG00000250506","Significant"
143.483410893509,1.5459206827095,0.395253225654555,3.91121585446745,9.18326518806455e-05,0.00328418675539375,"ENSG00000234912","Significant"
1728.83482235928,-0.635748369035993,0.129312011652352,-4.91639068105418,8.81543877320724e-07,0.000123134602633715,"ENSG00000129657","Not Sig"
83.5880332516109,2.0511776501238,0.513272902464499,3.99627106803223,6.43480496903256e-05,0.0026485320071632,"ENSG00000204282","Significant"
622.162930066717,2.1088872451623,0.524155925726727,4.02339674446757,5.73647403021635e-05,0.00246050467286402,"ENSG00000141524","Significant"
75.8197279767464,1.20153035412617,0.35042995596011,3.42873185836585,0.00060640832209594,0.0111651950484455,"ENSG00000167895","Significant"
3.66703468971503,3.55523305741493,1.02698808687207,3.46180554853682,0.00053656467277717,0.0102969469992169,"ENSG00000089685","Significant"
5.47932388365644,3.34764207429414,0.847294940913958,3.95097611545174,7.78330926769226e-05,0.00299588327365171,"ENSG00000267676","Significant"
2.4162099176456,3.33146252763805,1.09725184256503,3.03618768126207,0.00239590178776249,0.0264351794026945,"ENSG00000268965","Significant"
3.20019296090434,3.34470120307687,1.13493475457381,2.94704271729952,0.00320828879931086,0.0320006813719299,"ENSG00000252391","Significant"
3298.8631385061,0.61418917376068,0.166308940273141,3.69306167637142,0.000221570257888322,0.00599520579128047,"ENSG00000035862","Not Sig"
286.746590970515,0.622881995669664,0.212785056432502,2.92728261144245,0.00341938011083599,0.0334037502662004,"ENSG00000167280","Not Sig"
19.7331235950667,2.65023409527806,0.749404374979942,3.53645399434584,0.000405537126847217,0.00857328534096584,"ENSG00000262188","Significant"
1089.65282323893,-0.632836208032216,0.121590261279962,-5.20466196363466,1.94350055549401e-07,3.95806498626143e-05,"ENSG00000167291","Not Sig"
20.9413216196202,2.74863295414857,0.495831663475698,5.54348008935353,2.96518404986722e-08,9.76643768721082e-06,"ENSG00000262580","Significant"
13.599963700715,-0.882063221238047,0.250266583393826,-3.52449459802634,0.000424291465865608,0.00887121631491265,"ENSG00000175911","Not Sig"
11.0625792377674,2.86601685352682,0.794558562515436,3.60705552584255,0.000309691406967575,0.00732469596319852,"ENSG00000207736","Significant"
5.06412588237574,3.9993163847666,0.903452480781834,4.42670363947161,9.56840498467605e-06,0.000710510974235927,"ENSG00000260005","Significant"
104.944471183422,2.03111441994592,0.621805592792787,3.26647821037334,0.00108894187778296,0.0162391729219517,"ENSG00000262223","Significant"
78.7495827513112,2.02272860754937,0.560645562151024,3.60785627159659,0.000308737430787469,0.00731006821117856,"ENSG00000262877","Significant"
152.084230713218,-0.347960700555422,0.105438790233381,-3.30012038060411,0.000966433639355172,0.0151689159410685,"ENSG00000185298","Not Sig"
57.6197206854742,-0.600908046138313,0.194869438460087,-3.0836443666429,0.00204481871673843,0.0240324751294557,"ENSG00000262814","Not Sig"
1591.56016617068,-0.340968133999279,0.107332556932942,-3.1767447244577,0.00148938070836033,0.0197884401983792,"ENSG00000185624","Not Sig"
132.915039340988,-0.487109235942119,0.147712062194514,-3.29769437042096,0.000974821784542384,0.015217084073584,"ENSG00000169683","Not Sig"
541.066600447438,-0.550422043738481,0.124906777764303,-4.40666274152969,1.04975443779312e-05,0.000757392876626564,"ENSG00000169738","Not Sig"
5067.71810416709,0.379637505750841,0.125641602672988,3.02159076033865,0.00251450245932622,0.0272258161981997,"ENSG00000169710","Not Sig"
1010.05059983798,-0.27329330541842,0.095200268096439,-2.87071991374616,0.00409538218429487,0.0373796446441337,"ENSG00000141568","Not Sig"
5.18979782935781,4.01879877375731,1.0234533191784,3.92670451934583,8.61176682824008e-05,0.00315162314417856,"ENSG00000262652","Significant"
9.43297000238837,1.6851406130755,0.51927372133711,3.24518754528215,0.00117373293625685,0.0170184896773894,"ENSG00000262410","Significant"
7.81042393227964,2.27949737693643,0.543850722201086,4.19140268438147,2.77235099360647e-05,0.00153451353025782,"ENSG00000263884","Significant"
88.2938738079164,2.82184383038783,0.516062857929102,5.46802349177297,4.55081579882535e-08,1.25166200718414e-05,"ENSG00000176890","Significant"
377.72299623624,1.86303212945667,0.528344612265571,3.52616850102415,0.000421618624689556,0.00882631625709938,"ENSG00000132199","Significant"
820.33313277491,0.687019584153675,0.214702172072144,3.19987253749265,0.00137488376351407,0.0188008836118872,"ENSG00000176105","Not Sig"
1.83604076952746,-2.84217743648932,0.905687848541731,-3.13814239758828,0.0017002225658264,0.0214207857001026,"ENSG00000241223","Significant"
8.3120419956889,3.25695043499731,0.71289746477455,4.56860992769459,4.90969546413099e-06,0.000448581387971064,"ENSG00000261520","Significant"
3245.24215428056,-0.525085196212931,0.121085836839216,-4.3364708038494,1.44788648626499e-05,0.00097055687354431,"ENSG00000082397","Not Sig"
1.24923922099765,-4.23095418167748,1.10641410749051,-3.82402407293398,0.000131291087669564,0.00411599874023066,"ENSG00000261738","Significant"
5.66321077539199,1.75114692471668,0.552962046310549,3.16684831517934,0.00154100675420859,0.0201828763846494,"ENSG00000264707","Significant"
3.70722904714814,2.42390125838489,0.782052159567604,3.09941124607988,0.00193905664378427,0.0233342770408301,"ENSG00000265413","Significant"
612.052075288217,-1.16730344572853,0.2895429253862,-4.03153848145849,5.54129211722573e-05,0.00241948099004596,"ENSG00000168502","Significant"
22.1672620003575,1.8024741299947,0.424531425262902,4.2457967131137,2.17818050904461e-05,0.00128850726831045,"ENSG00000178127","Significant"
18.9082342930914,1.44900158372868,0.387156033360687,3.74268113853398,0.00018206720012614,0.00525121171044895,"ENSG00000273284","Significant"
4.40462891346553,2.04261801874197,0.578131405589419,3.53313796654841,0.00041065810517907,0.00866768005385476,"ENSG00000266127","Significant"
728.33115228137,2.73711443716365,0.640386136869296,4.2741625397214,1.91857042523444e-05,0.00118505724889707,"ENSG00000154864","Significant"
20.0081946724953,1.19095588141028,0.265332020107792,4.48854940661309,7.17097943076673e-06,0.000590477037757487,"ENSG00000256616","Significant"
1079.20122732323,-0.364562780398902,0.0843762847881536,-4.32067827250539,1.55550328749548e-05,0.00101465213220273,"ENSG00000141385","Not Sig"
105.989184887455,-0.363190920868688,0.106077540051691,-3.42382488028764,0.00061746396821391,0.0112985742167208,"ENSG00000101624","Not Sig"
6.88611900549622,-1.24593920341396,0.432520935741801,-2.88064484387813,0.00396862555062211,0.0367318278593573,"ENSG00000266145","Significant"
252.599958109099,0.672429671644036,0.244946338473701,2.74521217926363,0.00604717860050049,0.0476892337814817,"ENSG00000141449","Not Sig"
127.301767219144,-0.407917159943983,0.140907800991741,-2.89492247464633,0.00379252184421648,0.035740265023614,"ENSG00000158201","Not Sig"
0.983845933425161,-2.76834357920349,0.858814269015489,-3.22344851393423,0.00126657065176877,0.01786929583212,"ENSG00000242182","Significant"
1868.86336265455,1.19094528198526,0.418575601181713,2.84523340257533,0.00443788913951591,0.0392543543006297,"ENSG00000141458","Significant"
11.8333948051598,1.26544738439575,0.410282156327987,3.08433443882001,0.00204008121614922,0.0240085252605404,"ENSG00000265750","Significant"
436.925839963716,0.514191892243915,0.1709500506193,3.00784872763216,0.00263104067125378,0.0279766975162931,"ENSG00000198795","Not Sig"
198.195161832505,-0.717493327315834,0.23211477183868,-3.09111445873205,0.00199406751629529,0.0237075433454733,"ENSG00000141384","Not Sig"
685.731148611903,-0.890465485068318,0.239913688290381,-3.71160766779817,0.000205947031348273,0.00567023823461359,"ENSG00000134504","Not Sig"
18.0354472486548,-0.794851441542879,0.244029339877375,-3.25719621231731,0.00112518625887593,0.0165302005509641,"ENSG00000134760","Not Sig"
18.7839206572371,0.685150967646162,0.251491650318661,2.72434876775439,0.00644284296576786,0.0495070874089058,"ENSG00000267586","Not Sig"
5674.5013807653,-0.617040559987853,0.159721628020225,-3.86322483458356,0.000111899927349372,0.00372706387235192,"ENSG00000152234","Not Sig"
145.976818377345,-0.670412655802684,0.180672099401838,-3.7106595762282,0.000206719938645074,0.00567979530701537,"ENSG00000184828","Not Sig"
1749.22032515303,-0.4834477266068,0.109237047990794,-4.42567549653616,9.61409579441394e-06,0.000710510974235927,"ENSG00000134030","Not Sig"
62.5901908658342,1.49965269885571,0.478751622102554,3.13242322244178,0.00173369764982635,0.021664608239803,"ENSG00000101670","Significant"
848.423204974591,-0.267025838445065,0.0979650629285403,-2.72572517653406,0.00641603956007756,0.0494049237353889,"ENSG00000141644","Not Sig"
1429.59638724037,-0.700542111514258,0.205592290132283,-3.40743376642925,0.00065576821764616,0.0117496576753404,"ENSG00000141639","Not Sig"
102.074018386552,1.89373500843178,0.597103423762488,3.17153600711064,0.00151635068549435,0.0200270890783682,"ENSG00000227115","Significant"
9.89510310051379,4.22508774435418,0.906704957249549,4.65982645244469,3.16476101323533e-06,0.000317416011549269,"ENSG00000266003","Significant"
425.636151021386,-0.243253375346116,0.0677697049347678,-3.58941175234953,0.00033142500088835,0.007662120969411,"ENSG00000134046","Not Sig"
630.497799398977,0.359390741187951,0.123611506640464,2.90742141209615,0.00364421898663421,0.0349099168202564,"ENSG00000101751","Not Sig"
46.7914540436307,0.764939260217261,0.171352726840675,4.46412073108417,8.03982235998511e-06,0.000642198864497134,"ENSG00000267325","Not Sig"
2404.35091544308,-0.494131421883931,0.0707961095725314,-6.97964089930235,2.95935503905952e-12,3.75964919462233e-09,"ENSG00000134440","Not Sig"
2165.36736790727,0.489895678703677,0.159672439545378,3.06812922817811,0.0021540344592887,0.0249100499953894,"ENSG00000074657","Not Sig"
2.79216547798312,3.75399063958877,1.2179795068647,3.0821459790011,0.0020551402572481,0.0241112959204583,"ENSG00000239398","Significant"
434.430107262872,0.478009014540712,0.162949412164669,2.9334810613349,0.00335184102618304,0.032973365316201,"ENSG00000176641","Not Sig"
323.667709960939,1.74023296423738,0.596316624398307,2.91830362098877,0.00351941479008117,0.0340691100089171,"ENSG00000071991","Significant"
1237.98473222323,0.728039306450646,0.25418267146731,2.86423658327266,0.00418015671592085,0.0378683874445,"ENSG00000171451","Not Sig"
398.493158040275,1.51772468307164,0.391450432616503,3.87718228570341,0.000105673186330595,0.00356867713685311,"ENSG00000176225","Significant"
438.906717784596,-1.59595619579972,0.522474479492567,-3.05461081534495,0.0022535274441602,0.025572887572416,"ENSG00000141668","Significant"
51.7397885007856,0.667282571343952,0.231969357261562,2.876597923197,0.00401987447499722,0.0369432418596111,"ENSG00000141665","Not Sig"
23.1994329154585,1.05498512189278,0.325663178431402,3.23949771347884,0.0011974042655845,0.0172347294141673,"ENSG00000266256","Significant"
10.3674762640936,1.39088506520866,0.377855536650177,3.68099691628008,0.00023232381512659,0.00615508149330912,"ENSG00000166573","Significant"
4.07671663213121,2.39214549260174,0.781471059883039,3.06108007756521,0.00220540103027007,0.0252740094873605,"ENSG00000266213","Significant"
24.9599104705657,2.20273047619435,0.734155985413743,3.00035758062093,0.00269662827652623,0.0284811345168026,"ENSG00000267287","Significant"
23.7540626265535,0.942469553384104,0.223789618084865,4.2114087393755,2.53783077858587e-05,0.00144672622525411,"ENSG00000178342","Not Sig"
95.6665293030489,0.752600921787554,0.257480244544717,2.92294627542521,0.00346736337797746,0.0336997404594028,"ENSG00000101546","Not Sig"
59.7137087613302,-0.489312263266047,0.155748101536806,-3.14169006516214,0.00167975744593613,0.0212948070842687,"ENSG00000225377","Not Sig"
6.05972493273866,-1.35838404192889,0.427261359586464,-3.17928127936408,0.00147640745414632,0.019678056813185,"ENSG00000125878","Significant"
12.3882000225215,-0.891457319385036,0.312212176292244,-2.8552932495195,0.00429971076740778,0.0385716151861709,"ENSG00000271303","Not Sig"
7.79422937071068,-1.90185069200863,0.626181394814873,-3.03722005756958,0.00238771073578793,0.0263884568020241,"ENSG00000215397","Significant"
23.3494531524617,-0.571201247047355,0.209706472853957,-2.72381314355112,0.00645330060773107,0.0495303817358047,"ENSG00000125898","Not Sig"
9.22740317319207,1.86235472930354,0.545260372868516,3.41553287561689,0.000636573447458138,0.0115688985045883,"ENSG00000101282","Significant"
2757.00322695074,-0.784364383339842,0.286830857338319,-2.73458856769611,0.00624582900682076,0.0485808956480966,"ENSG00000101298","Not Sig"
492.865855563805,2.66997284912557,0.793785670894266,3.36359416278908,0.000769345859278213,0.0130227750161057,"ENSG00000101327","Significant"
719.50778467892,-0.693046759930966,0.178652320157101,-3.87930455827007,0.000104755529681392,0.00355117252397694,"ENSG00000125834","Not Sig"
776.590647622759,-0.433705418363043,0.103567743122003,-4.18764960294768,2.81858226276542e-05,0.00153777006520079,"ENSG00000101365","Not Sig"
2.3639395360721,3.45799436884555,1.06846941132594,3.23639996820713,0.00121047644006498,0.0173427090558494,"ENSG00000263905","Significant"
208.95975310514,-0.405471940812304,0.109059552361429,-3.7178947834716,0.000200889901591731,0.00558285592142269,"ENSG00000215251","Not Sig"
2561.87402910611,-0.316403125026243,0.107356515040928,-2.94721866582218,0.00320646374368222,0.0320006813719299,"ENSG00000088812","Not Sig"
1919.19120291302,0.678029880943248,0.246486286562912,2.75078135338855,0.00594533115615704,0.047193020893869,"ENSG00000125817","Not Sig"
9102.20780734899,-0.429106706666952,0.118460951107324,-3.62234730226155,0.000291941797326513,0.00705991059257085,"ENSG00000171867","Not Sig"
4.91809169375645,2.37062117123146,0.832219369685408,2.84855322717085,0.0043918506228614,0.0390307071176946,"ENSG00000171864","Significant"
1597.43156787521,2.29022976330928,0.487655574642543,4.69640845383146,2.64775821144476e-06,0.000280315640171169,"ENSG00000212232","Significant"
3.41433185443525,4.60464710692257,1.03221409374745,4.46094190615575,8.16002102230024e-06,0.00064792024063675,"ENSG00000266720","Significant"
470.949436660477,-0.277645744739978,0.0945524102897311,-2.93642165111609,0.00332022680347696,0.0327674204891782,"ENSG00000125821","Not Sig"
10.3875642848664,-1.18964857793897,0.360973008073348,-3.29567184064143,0.000981866339367049,0.0152652750978867,"ENSG00000179935","Significant"
28.3581001168061,0.925469786060143,0.287512978611151,3.21888003293166,0.00128692314062065,0.0180701239435525,"ENSG00000233895","Not Sig"
347.726334275192,-0.368743247057895,0.0925065537904618,-3.98613105719128,6.71594255478346e-05,0.00270248312849273,"ENSG00000173418","Not Sig"
3.00786149411911,3.20592182358617,1.06634000776381,3.00647241990779,0.00264298028256962,0.0280589219891265,"ENSG00000226405","Significant"
8.48837728927942,-1.01345931106637,0.358263620138199,-2.82880888289867,0.00467215906797617,0.0406550984261371,"ENSG00000132671","Significant"
7.02818665876049,1.9079505498964,0.492418186586815,3.87465492109728,0.00010677589794515,0.00359227513402101,"ENSG00000232645","Significant"
22.1370936860766,-1.22768810953871,0.322777849024773,-3.80350793354622,0.000142661422530768,0.00437982058883586,"ENSG00000270001","Significant"
34.4446868073149,0.756223162662984,0.217048317078791,3.48412359441822,0.000493751423995815,0.0097699775386308,"ENSG00000100987","Not Sig"
3.28525183192679,1.97542775214601,0.701795811029046,2.81481838606222,0.00488048064251997,0.041772968579336,"ENSG00000227379","Significant"
56.0130807888151,0.804586173064594,0.229544718421683,3.50513912320359,0.000456368735977342,0.00927133200249319,"ENSG00000213742","Not Sig"
20708.7701529997,-1.37061362800277,0.377356487602091,-3.63214539310646,0.000281074673419457,0.00689227133470376,"ENSG00000227195","Significant"
8.0649410969989,-1.08745372763933,0.358904605285406,-3.02992414035639,0.00244615170578893,0.0266550272199644,"ENSG00000088320","Significant"
1186.80058919083,-0.270145914575744,0.0901858892450671,-2.99543439486039,0.00274054247297951,0.0287967438505791,"ENSG00000171552","Not Sig"
11.8701215837691,-0.711003056040857,0.258967047031726,-2.74553486318185,0.00604123482788086,0.0476564470647644,"ENSG00000179772","Not Sig"
47.3729177038777,0.929038727743599,0.323091668378424,2.87546482521937,0.00403433093736431,0.0370505731765722,"ENSG00000131044","Not Sig"
872.074484187949,-0.360889525921447,0.111833602982373,-3.22702225715047,0.00125085729893183,0.0177037781847228,"ENSG00000101337","Not Sig"
245.246863866237,-0.605766198337571,0.199504374861788,-3.03635546216584,0.00239456883698762,0.0264351794026945,"ENSG00000235217","Not Sig"
707.214153057506,0.595341903877277,0.208266563753689,2.8585572890201,0.00425572255723064,0.0383164957821791,"ENSG00000197183","Not Sig"
20.0909692963227,0.820626281105825,0.251348125082361,3.26489915465621,0.00109503055386431,0.0163026340103493,"ENSG00000088305","Not Sig"
1037.04542436208,-0.408461493905987,0.080085401786465,-5.10032396409878,3.3907261205867e-07,6.11224203859004e-05,"ENSG00000101421","Not Sig"
1189.11296456026,-0.34532329713979,0.111070974673956,-3.10903274373408,0.00187700915284825,0.0228348049196709,"ENSG00000125971","Not Sig"
2831.32569128093,1.42103236565832,0.410003667450342,3.46590159667396,0.000528456654615705,0.0101869184165407,"ENSG00000078804","Significant"
6.27123366287904,1.85730218024828,0.607830481647132,3.05562527107107,0.00224591759467623,0.0255096195418992,"ENSG00000261582","Significant"
350.601000711663,-0.296606669262658,0.074331370368269,-3.99032962520593,6.59815319393617e-05,0.00267933225359244,"ENSG00000244005","Not Sig"
1951.01641443613,-0.487726874101634,0.159975648626371,-3.04875697201102,0.00229790291807838,0.0259482300511953,"ENSG00000101079","Not Sig"
388.897914782476,-0.257999664197266,0.0768651846055534,-3.35652175326494,0.000789295115542128,0.0132105422757518,"ENSG00000101413","Not Sig"
477.030380680162,-0.590449701283108,0.190285034125573,-3.10297498695277,0.00191585832259229,0.0231700744281232,"ENSG00000198959","Not Sig"
62.7141977720599,1.1060424194855,0.271454028592073,4.07451097787022,4.61111382180349e-05,0.00212315041877578,"ENSG00000196756","Significant"
15.3780844815808,3.40077551671562,0.694288920402776,4.89821372166322,9.67118118345638e-07,0.000132998681852285,"ENSG00000235408","Significant"
22.7898563465257,2.23910282245113,0.552681978475301,4.05134039041441,5.09250591988109e-05,0.00226438275727513,"ENSG00000200354","Significant"
18.8932571180592,4.09531507307551,0.946526274204436,4.32667870368169,1.51374515793277e-05,0.000994709533706609,"ENSG00000199266","Significant"
6.01752767156932,1.85334863416033,0.534556039305008,3.46708015228848,0.000526144974216298,0.0101791310856538,"ENSG00000231307","Significant"
2.11802260542793,3.10620432590179,1.05619959366798,2.94092550737928,0.0032723321847321,0.0324303678887324,"ENSG00000199691","Significant"
49.2175811671786,2.11555793638169,0.664973789561863,3.18141552282172,0.00146557258116919,0.0195793745082689,"ENSG00000240474","Significant"
13.3424598173061,-1.25656963675805,0.272099706131256,-4.61804848900463,3.87365749151307e-06,0.000365177767547976,"ENSG00000101447","Significant"
2.6694105312969,4.24779241760234,1.11051838607497,3.8250536604043,0.000130743605856144,0.00411599874023066,"ENSG00000263943","Significant"
7.27064011131669,1.70743382075224,0.493269711760653,3.46146090068617,0.000537252154237787,0.0102969469992169,"ENSG00000272407","Significant"
84.1614429425165,-0.622410537529873,0.182949628412873,-3.40208691829231,0.000668733656966268,0.0119020315104757,"ENSG00000183798","Not Sig"
2496.90693557838,-0.221131871800068,0.0563911238544344,-3.92139501193288,8.80378054444315e-05,0.00318260245454199,"ENSG00000124177","Not Sig"
4516.27233479528,-0.242928832111763,0.0790935050408334,-3.07141315821503,0.00213048127537862,0.0247488519417312,"ENSG00000132824","Not Sig"
748.989788661141,-0.72483496053231,0.253480348618662,-2.85953118055222,0.00424267707484155,0.0382652347095198,"ENSG00000168734","Not Sig"
400.389472718931,-1.84931510629218,0.635999085961901,-2.90773233344389,0.00364059799825725,0.0348877564639027,"ENSG00000124134","Significant"
437.407745176387,1.99010468277435,0.558370657339906,3.56412833771614,0.000365067316602558,0.00811765031675081,"ENSG00000244274","Significant"
24.1307348964296,-0.82510544044329,0.202996217525242,-4.06463455576797,4.81077791417187e-05,0.0021716877152655,"ENSG00000101443","Not Sig"
7.03034939983625,1.53314183662201,0.493537345587839,3.10643530895505,0.00189357735467092,0.0229526352772674,"ENSG00000124116","Significant"
386.389174707578,-0.39879419413648,0.12376231373339,-3.22225871597364,0.00127184236436188,0.0179247133855312,"ENSG00000124104","Not Sig"
647.188689870767,-0.410453746225103,0.126011387470838,-3.2572750325449,0.00112487384099984,0.0165302005509641,"ENSG00000064601","Not Sig"
469.444771884183,-0.36752867965312,0.115987075845944,-3.16870372817467,0.00153120393448877,0.0201237652162893,"ENSG00000198026","Not Sig"
7.86884937849928,-2.39302070382453,0.642787686028673,-3.72287888495392,0.00019696401871576,0.00550241157624896,"ENSG00000100985","Significant"
369.910713438632,-0.328792007402596,0.105512431259999,-3.11614473741394,0.00183232314127874,0.0225594112264706,"ENSG00000124160","Not Sig"
20.4318904756274,1.00312634393315,0.334715230078534,2.99695458643392,0.0027269133303068,0.0287228902984905,"ENSG00000215452","Significant"
158.906761746877,0.455460661711477,0.16748331613754,2.71943899974757,0.00653927552516311,0.0498623733276998,"ENSG00000198185","Not Sig"
2084.00416447768,-0.37410861414881,0.106923180814743,-3.49885414274196,0.000467262112978131,0.00942971702885292,"ENSG00000124198","Not Sig"
3.24960402559172,2.17925050918642,0.747370670188061,2.91588979353184,0.00354675757787804,0.0342344230898004,"ENSG00000222365","Significant"
5.19662977496848,2.15831402196291,0.63399179854066,3.40432483027537,0.000663278265912887,0.0118521046084238,"ENSG00000264946","Significant"
495.826299155181,-0.480680676853349,0.0877536084514691,-5.4776172209395,4.3109142167285e-08,1.23552560091471e-05,"ENSG00000158480","Not Sig"
55.4381637056413,1.45084703920685,0.399345337983355,3.63306366998912,0.000280075872505192,0.00687409770245263,"ENSG00000244687","Significant"
9.11458384285344,2.15331121949602,0.787989555996738,2.73266466935881,0.00628242582096693,0.0487931789803581,"ENSG00000239742","Significant"
134.679141642698,-0.646669127249597,0.132288723220953,-4.88831633947749,1.01702015507153e-06,0.000137731374198748,"ENSG00000124217","Not Sig"
280.426943499869,-0.40841001075528,0.119099989128006,-3.4291355838524,0.000605506961021602,0.0111562984897067,"ENSG00000101138","Not Sig"
1.80237688094266,-1.57781049034984,0.562487410070499,-2.80505921039564,0.00503073374210357,0.0424999827440092,"ENSG00000213714","Significant"
3.33914582029646,2.42821472668255,0.839197881293492,2.89349482501057,0.00380980568798782,0.0358267437068424,"ENSG00000124097","Significant"
38.6630601842707,1.22586229041952,0.306554636067105,3.99883787812355,6.36542617491687e-05,0.00262884218143355,"ENSG00000124224","Significant"
8.11533392123596,2.93641013201057,0.936493058962242,3.13553859679911,0.00171538854171794,0.0215161499315904,"ENSG00000268941","Significant"
524.395274035924,0.910555612893228,0.188842831520654,4.82176424469488,1.42294061930629e-06,0.000183394361267983,"ENSG00000124222","Not Sig"
178.75804851503,-0.527180820159082,0.0871651666273602,-6.04806760036188,1.46593450039809e-09,9.09527128746994e-07,"ENSG00000132825","Not Sig"
40.4089877171354,0.907684030512363,0.303295625375889,2.99273696871634,0.00276487927873021,0.028893150911572,"ENSG00000124215","Not Sig"
5.29053809032432,1.707710329321,0.522428680552803,3.26879130662198,0.0010800793270108,0.0161714042653156,"ENSG00000176659","Significant"
23.5435223701867,1.89690526019015,0.419650986727457,4.52019730724974,6.17820231578078e-06,0.000533424788293577,"ENSG00000228340","Significant"
105.86902517422,-1.12571460721646,0.272934783572152,-4.12448201904932,3.71570017269608e-05,0.00183916818009942,"ENSG00000101187","Significant"
43.1267685387573,1.13644859094592,0.392456621666055,2.89573045327016,0.00378277165409715,0.0356988202899391,"ENSG00000101188","Significant"
374.187654055224,-0.324679237007701,0.0874034036621437,-3.71472074774963,0.000203428219132984,0.00561247306954383,"ENSG00000101193","Not Sig"
20.6747839917584,0.958953939414718,0.268203697368415,3.57546875313006,0.000349600931655637,0.00789340234585168,"ENSG00000101194","Not Sig"
3.15601691110787,2.03178105118023,0.695247246130372,2.92238633448572,0.0034736038192323,0.0337480977033134,"ENSG00000101197","Significant"
255.882504103423,-0.413335672178147,0.0999970720835173,-4.13347774655772,3.57314907286474e-05,0.00178790420004174,"ENSG00000101216","Not Sig"
174.947720191702,0.670012733772657,0.205471492249023,3.26085495578448,0.0011107684353296,0.0164152882680811,"ENSG00000198276","Not Sig"
21.7473825470125,-0.759845543106071,0.27203619460563,-2.79317810708099,0.00521929457501456,0.0434463525637483,"ENSG00000171695","Not Sig"
2.15164195785436,-2.21079717300002,0.710999742651558,-3.10942049677151,0.00187454725570518,0.022817192311029,"ENSG00000105549","Significant"
4385.69668879566,-0.618065475544329,0.153539522159833,-4.02544873691172,5.6866768268277e-05,0.00245096689923968,"ENSG00000172270","Not Sig"
1474.56181394818,-0.597874125271016,0.166541583899782,-3.58993898863596,0.000330755368933292,0.00765666528232835,"ENSG00000099822","Not Sig"
109.594978044325,-0.644741090078138,0.219135066840789,-2.94220865411089,0.00325880269874038,0.0323461993981626,"ENSG00000070404","Not Sig"
13.7809212256343,1.53044414221954,0.413463728602762,3.70151971344969,0.000214312001931737,0.00583632814784463,"ENSG00000207507","Significant"
651.774612010722,-0.370339652922243,0.111287075759891,-3.32778672090616,0.000875388564630895,0.0141524588985802,"ENSG00000099624","Not Sig"
11.5711929875133,-0.942460095834573,0.321360527151481,-2.9327189128935,0.003360079477719,0.0330067430101912,"ENSG00000268798","Not Sig"
115.357174399615,-0.406436360565226,0.123475003443025,-3.29164891056486,0.000996018704315185,0.01539558691334,"ENSG00000115255","Not Sig"
6.74026701281812,1.36751595439678,0.450208329092678,3.03751811334274,0.00238535068338267,0.0263821934421564,"ENSG00000267283","Significant"
1.72714362075568,-2.66846700404247,0.969570351781891,-2.75221596776172,0.00591934696985481,0.0470987944553404,"ENSG00000267122","Significant"
167.46165340928,0.623175393302901,0.217224678816192,2.86880568404574,0.00412024842445304,0.0375209599585518,"ENSG00000104897","Not Sig"
4.93726069125162,1.80121230475709,0.646627530027866,2.78554843571146,0.00534372558380467,0.0441051113842694,"ENSG00000178297","Significant"
434.969536419957,-0.327145888659243,0.0619609814243498,-5.27986938132455,1.29276011511272e-07,2.82701205828624e-05,"ENSG00000176619","Not Sig"
263.748939255007,-0.998817204513585,0.340722298425171,-2.93147002450426,0.00337361922090754,0.0330592155678121,"ENSG00000099860","Not Sig"
46.7685440748155,-0.74734987878353,0.198885572205804,-3.75768775228293,0.00017149068660706,0.00505546964418758,"ENSG00000261342","Not Sig"
3.67932030818296,2.2983852213654,0.759127135712689,3.02766837495226,0.00246448376900077,0.0268038982768738,"ENSG00000172000","Significant"
523.374427425856,-0.332372945242351,0.086708531597528,-3.83322078137726,0.000126476343764554,0.00402385847015615,"ENSG00000125912","Not Sig"
13.1807364748971,1.29731537237718,0.346721965409659,3.74165902885436,0.000182809438246312,0.00526124380040277,"ENSG00000183397","Significant"
7.43115048087884,1.59026551611315,0.442741895134135,3.59185686647376,0.000328330176031916,0.00762657241081416,"ENSG00000267436","Significant"
8.07473001547506,2.85348096045665,0.816274552730002,3.49573676027665,0.00047275483766685,0.00951178455061379,"ENSG00000105289","Significant"
455.408380128506,-1.36955371043578,0.359716891221933,-3.80730998142317,0.000140486608373581,0.00434303849918746,"ENSG00000089847","Significant"
68.8208452346539,-1.7083574928602,0.265952973223344,-6.42353222133577,1.33147944613662e-10,1.19817465810746e-07,"ENSG00000105251","Significant"
1730.04526032417,-0.51414515990887,0.137183558596599,-3.74786282823267,0.000178347739795955,0.00517751833516461,"ENSG00000167671","Not Sig"
3.02046536632464,-1.34051346779177,0.467438843137559,-2.86778364158599,0.00413358099748454,0.037586846432137,"ENSG00000267011","Significant"
869.423592141533,-0.279401925638942,0.0796056149555592,-3.50982686076756,0.000448398565552744,0.00918670903741307,"ENSG00000141965","Not Sig"
93.6753465296625,1.97936391846535,0.583726709910233,3.39090859619863,0.000696613296302204,0.0121742999759501,"ENSG00000223573","Significant"
1024.72910371723,-0.427634447014005,0.0719167342622904,-5.94624396394812,2.74365140954336e-09,1.62661946567127e-06,"ENSG00000196365","Not Sig"
189.363850594801,0.321483389971279,0.114892672628437,2.79811917171564,0.00514011439436696,0.0430183831357693,"ENSG00000174886","Not Sig"
562.56871132293,-0.366553553280742,0.12565932799663,-2.9170421259182,0.0035336804394827,0.0341576305959997,"ENSG00000267427","Not Sig"
1034.67414425054,-0.491531259299173,0.123514951892264,-3.97952840339453,6.90521101628362e-05,0.00274432738087237,"ENSG00000125651","Not Sig"
27.5432630444938,0.854916695687298,0.255145890974897,3.35069748691901,0.000806083088077353,0.0133990596304148,"ENSG00000205744","Not Sig"
43.4218585002479,0.640394298975118,0.222317256114241,2.88054247415703,0.00396991458025515,0.0367318278593573,"ENSG00000104883","Not Sig"
848.736417356128,-0.617838762511808,0.173254123728966,-3.56608402278689,0.000362355238126904,0.00809654555945365,"ENSG00000198816","Not Sig"
7.56236056895834,2.11451971112843,0.491315308408883,4.30379366353609,1.6789804333095e-05,0.00107936190313889,"ENSG00000090659","Significant"
50.5290801178374,0.97446651220739,0.329789892157725,2.95481012420279,0.00312861535701457,0.0313908721736712,"ENSG00000269386","Not Sig"
15.7784652389399,1.74247082277148,0.344280032652995,5.06120209570139,4.16621313413356e-07,7.03483545604741e-05,"ENSG00000266912","Significant"
262.254320953884,0.282961749987352,0.09913292048742,2.85436713249318,0.0043122665559556,0.0386235708110018,"ENSG00000171469","Not Sig"
80.844211580708,0.506074358264096,0.155654424953816,3.25126868969033,0.00114891222106383,0.0167863248333855,"ENSG00000267106","Not Sig"
37.3840724488837,3.14373667715147,0.692136896041354,4.5420735336202,5.57036029191314e-06,0.000492091530556128,"ENSG00000224689","Significant"
219.29458109305,0.556597539427239,0.164204986018527,3.38965066118295,0.000699817418405008,0.0122008503279298,"ENSG00000196605","Not Sig"
18.2428943702569,0.925040330097182,0.304352986192656,3.03936669611525,0.00237076094761825,0.0262991814226641,"ENSG00000267370","Not Sig"
353.98804401781,-0.4443649416182,0.113288227017955,-3.92242824620932,8.76610039952827e-05,0.00317598964462716,"ENSG00000130813","Not Sig"
35.3882874894745,-0.838374992147052,0.210636580659845,-3.98019655237822,6.88583109361736e-05,0.00274432738087237,"ENSG00000130810","Not Sig"
1017.45103080074,-0.42008772562065,0.100888402832047,-4.16388518232354,3.12877496523084e-05,0.00162714595121625,"ENSG00000105401","Not Sig"
229.145025670699,-0.484515455257823,0.143539199594454,-3.37549224620689,0.000736837683384719,0.0126175176861495,"ENSG00000130734","Not Sig"
518.550745031548,-0.407739525091263,0.140605831607074,-2.89987634531901,0.00373309898174032,0.0354810643868365,"ENSG00000142453","Not Sig"
155.31455002387,-0.261389703181173,0.0943177939222415,-2.77137210605955,0.0055820595964479,0.0452655829707093,"ENSG00000142444","Not Sig"
186.350198225681,0.723116228126786,0.211395509527038,3.42067922703106,0.000624649613780581,0.0113987873092012,"ENSG00000130158","Not Sig"
5.43882982611529,1.77806406781824,0.484113965326742,3.6728212676496,0.000239887274052177,0.00624124705917239,"ENSG00000267277","Significant"
46.6833480648685,1.21249551363379,0.333930915661984,3.63097711761771,0.000282350219982947,0.00690451101642993,"ENSG00000205517","Significant"
442.499990678898,-0.401759027652082,0.118996783943707,-3.37621752737569,0.000734897911917766,0.0126004764730425,"ENSG00000130159","Not Sig"
50.6397188920725,0.670810436721166,0.166164485488906,4.03702653276024,5.41329485858103e-05,0.00236756218905055,"ENSG00000196466","Not Sig"
526.632776331547,-0.365021468200194,0.126392563523001,-2.88799798046479,0.0038770236170858,0.0362349436714157,"ENSG00000095059","Not Sig"
75.6905070508137,0.482005639529962,0.15894910009869,3.03245277406849,0.00242575051036514,0.0265667478924596,"ENSG00000104889","Not Sig"
1050.0374761501,-0.272478139544499,0.0942298955100559,-2.8916315577939,0.00383247099882592,0.0359489996270478,"ENSG00000179262","Not Sig"
13.5400269691181,1.49286438729369,0.48600253972836,3.07172137027944,0.00212828286615596,0.0247409405604247,"ENSG00000267519","Significant"
1.63082953452629,3.45079343239474,1.17310358761995,2.94159311147949,0.00326528660127681,0.0323725682777644,"ENSG00000267474","Significant"
3.61730342326151,1.66687213642889,0.55389833345369,3.00934672620432,0.00261810143235159,0.0279058442324044,"ENSG00000269378","Significant"
296.385106048881,-0.3206702978826,0.107205352620832,-2.99117805261794,0.00277903403400933,0.0289503510321495,"ENSG00000105127","Not Sig"
68.8152510700608,1.42756586821021,0.369487607330077,3.86363666842799,0.000111711344879587,0.00372543371255311,"ENSG00000105122","Significant"
71.0244955862395,2.50162823977164,0.653333147087207,3.82902390751915,0.000128652509919154,0.0040715543441674,"ENSG00000186529","Significant"
16.4669548774524,3.08115157737822,0.797690494947935,3.86259031152092,0.000112191069120677,0.00373210166218273,"ENSG00000186204","Significant"
8.30808857326089,4.28505987726449,1.16315629345902,3.68399320139643,0.000229608367198295,0.00611349463920491,"ENSG00000267594","Significant"
1.96336206837573,4.45764854465034,1.16914755674011,3.81273391793199,0.000137438050315799,0.00427355448062377,"ENSG00000196684","Significant"
708.621608815276,-0.430260648292513,0.134582493018967,-3.1970031067256,0.00138863430924705,0.0189017218042867,"ENSG00000127526","Not Sig"
468.308003923327,-0.753636794160351,0.264803018067366,-2.8460279632033,0.00442683073050495,0.0392457891185002,"ENSG00000072954","Not Sig"
779.297622856339,-0.830599097440021,0.261293269712085,-3.17880019778253,0.00147885992392653,0.019678056813185,"ENSG00000188039","Not Sig"
901.354404293911,-0.595799869840464,0.140826261307811,-4.23074406937636,2.32919562474464e-05,0.00136873590468199,"ENSG00000130479","Not Sig"
532.957350791006,1.12726162404062,0.406728495532712,2.77153343427339,0.00557929422680879,0.0452655829707093,"ENSG00000130475","Significant"
336.955462398453,-0.249455923064202,0.0790514800867399,-3.15561356713985,0.00160160901325796,0.0207524656943707,"ENSG00000007080","Not Sig"
1.39044491621879,3.28490856534381,1.04253297842996,3.15089175432209,0.00162772803523874,0.0209383588486665,"ENSG00000268650","Significant"
454.153447590953,-0.489375924891596,0.125933946481971,-3.88597307209502,0.000101920804652635,0.00348608352221492,"ENSG00000167487","Not Sig"
1362.33334302557,-0.317610495830089,0.0972041918132121,-3.26745678252652,0.00108518433494002,0.0162194021691119,"ENSG00000005007","Not Sig"
141.828729921477,0.705445913211279,0.245664884117962,2.8715781490062,0.00408427781404282,0.0373331408489736,"ENSG00000089639","Not Sig"
112.179702097875,0.461731625960975,0.165401645725826,2.79157818493749,0.00524516839804785,0.0436105110549897,"ENSG00000197124","Not Sig"
1.20933321619803,3.77553320426466,1.2238801500454,3.08488801303346,0.00203628808677054,0.0240062438652016,"ENSG00000269779","Significant"
168.229965115866,1.76409560463973,0.482910791456586,3.65304655818262,0.000259147220496685,0.00655869163553049,"ENSG00000160321","Significant"
18.9687358346228,-1.67931258332548,0.580381090921337,-2.89346536197384,0.00381016313491174,0.0358267437068424,"ENSG00000268038","Significant"
5.19359154211068,2.46305413164652,0.725655706490892,3.39424621017218,0.000688177920576972,0.0120747784829149,"ENSG00000180081","Significant"
3.9825005068679,1.59685500906369,0.518568472908784,3.07935227937502,0.00207451220131824,0.0242745223767409,"ENSG00000269416","Significant"
3.30396098233524,4.41349593079474,1.13439610359383,3.89061273818955,9.99914064674014e-05,0.00344215578470168,"ENSG00000267243","Significant"
7.39575526643473,3.1358432248949,0.749892842981743,4.18172176764094,2.89309873839697e-05,0.00155210704689594,"ENSG00000267339","Significant"
40.8477631893314,1.41742570557964,0.448613985515296,3.15956646770949,0.00158004055377637,0.0205528532102388,"ENSG00000267014","Significant"
15.1571902127747,1.76579775256996,0.377013510902945,4.68364581508202,2.81816807437577e-06,0.000293694945532309,"ENSG00000267498","Significant"
254.706216640675,-0.332197436091614,0.119106786660259,-2.78907227208786,0.00528592677307139,0.0438340064734592,"ENSG00000105171","Not Sig"
1148.15887710515,0.315975545192189,0.115283949663371,2.7408459383534,0.00612812339195599,0.0481000894304189,"ENSG00000105176","Not Sig"
190.598189753364,-0.673165352867187,0.224883191871037,-2.99340002810536,0.00275887877249959,0.0288902062986446,"ENSG00000131941","Not Sig"
5.02462369516274,1.59443952721561,0.554249654563504,2.87675330798591,0.00401789569220217,0.0369419511621555,"ENSG00000270876","Significant"
91.708622077728,-0.297558567646501,0.10634469277172,-2.79805752305139,0.0051410955845332,0.0430183831357693,"ENSG00000168661","Not Sig"
871.829344051938,-1.38421227185733,0.35841974211241,-3.86198668549681,0.000112468697305984,0.00373667792705648,"ENSG00000105711","Significant"
75.0508189136644,1.51462737067823,0.534548342986979,2.83347126700404,0.00460454472421643,0.0403008335935899,"ENSG00000105707","Significant"
45.7228022142408,2.09517131511925,0.690708378125984,3.03336600723423,0.0024184208404822,0.0265567508409218,"ENSG00000227392","Significant"
736.855001202224,-0.44447561044939,0.108552449622025,-4.09457006264745,4.22952503389777e-05,0.00200782025586048,"ENSG00000153902","Not Sig"
290.950565749003,-0.846394038461081,0.288688895617557,-2.93185519536695,0.00336943812705264,0.0330385701641451,"ENSG00000221946","Not Sig"
31.756413344636,-1.06688560279355,0.350878860895577,-3.04060951426498,0.00236099811955301,0.0262126794971098,"ENSG00000105697","Significant"
278.886212754823,2.31738458324398,0.630429032594482,3.67588493459282,0.000237026346173393,0.00621718226289922,"ENSG00000012124","Significant"
19.6920757766184,4.08504592274567,0.895826153293973,4.56008781137374,5.11322347174696e-06,0.000463998942186181,"ENSG00000269553","Significant"
2.16013601567099,3.89435480876126,1.34898735736368,2.88687272531004,0.0038909158884571,0.0362957150308206,"ENSG00000232680","Significant"
84.2971879493297,1.12682268217239,0.247943430649073,4.54467649827448,5.50196886154133e-06,0.00048929009085687,"ENSG00000236144","Significant"
6.47839837968578,-2.38787391050681,0.787693013279763,-3.03147783495537,0.00243359787051751,0.0265984133500538,"ENSG00000105675","Significant"
38.9613633831654,1.01273809004019,0.332145688871527,3.04907793167809,0.00229544927145326,0.0259482300511953,"ENSG00000004776","Significant"
47.2845742187508,1.58716720480155,0.406438010485395,3.90506587439017,9.41997215282719e-05,0.0033286812856328,"ENSG00000167604","Significant"
30.1562136460359,0.664997107878277,0.18237445445981,3.64632815406075,0.000266014230886464,0.00663926928013829,"ENSG00000267254","Not Sig"
1.75783098930553,3.50443996928219,1.08142363118503,3.24058016509405,0.0011928672623726,0.0172024355096424,"ENSG00000243297","Significant"
8.56335850625882,1.6339639046226,0.570784313489215,2.8626643479989,0.00420095329968941,0.0379794080252165,"ENSG00000267682","Significant"
53.4977374467351,0.738958158846444,0.266898249437183,2.76868866845215,0.0056282388397168,0.0454879684958511,"ENSG00000267470","Not Sig"
151.705446595733,0.515037688782744,0.12417637087756,4.14763038364666,3.35934162524578e-05,0.00171093853872639,"ENSG00000180479","Not Sig"
322.875704177163,1.56379667595105,0.55837074552821,2.80064220497749,0.00510010311199989,0.0428632359008777,"ENSG00000167641","Significant"
44.0447058143684,1.44706361558536,0.432066673127177,3.34916739842933,0.000810548077334755,0.0134565103641655,"ENSG00000099338","Significant"
354.767396153173,0.279131453077119,0.102507560572173,2.72303283308152,0.00646856288585442,0.0496047109030498,"ENSG00000104823","Not Sig"
148.389151694525,-0.322087741056327,0.116181324506933,-2.77228498145678,0.00556642804287287,0.0451937716846638,"ENSG00000128626","Not Sig"
5.32484260432007,3.3560398974198,0.805302688970186,4.16742666252794,3.08057574695544e-05,0.00161150353633381,"ENSG00000241983","Significant"
83.3486509782299,0.379636102937376,0.120387074757648,3.15346231064776,0.00161346061391229,0.0208049858475428,"ENSG00000090932","Not Sig"
2078.47222966903,-0.836396308644862,0.274969630169442,-3.0417770432664,0.00235186026463433,0.0261528835857643,"ENSG00000130758","Not Sig"
6.34908273847041,1.8223588609703,0.535962662881184,3.40016009916402,0.000673464084203784,0.0119622824916596,"ENSG00000105219","Significant"
5.88223661848159,1.57197895957396,0.510055288339527,3.08197757284607,0.00205630329451096,0.0241143365249485,"ENSG00000207631","Significant"
171.563673597684,-0.720999551475976,0.234826593165826,-3.07034881252496,0.0021380890412133,0.0247901249589438,"ENSG00000105227","Not Sig"
82.0340568829491,0.874619372810307,0.250376446806175,3.49321744903337,0.000477237724950378,0.00955155683717265,"ENSG00000167565","Not Sig"
1699.90284926133,-0.807427678617483,0.236734805344975,-3.41068427788166,0.00064800078844016,0.0116861341748017,"ENSG00000160460","Not Sig"
46.582715642687,0.887750694938053,0.274824749192415,3.23024290041835,0.00123685089082013,0.0175830729011643,"ENSG00000188493","Not Sig"
18.2488246977649,1.36247212716558,0.408392420213856,3.33618367954066,0.000849370255422564,0.0138850177968251,"ENSG00000233622","Significant"
20.5428857160308,-0.857026681958111,0.285439797434338,-3.00247789432817,0.00267791421373896,0.0283171118939127,"ENSG00000256612","Not Sig"
7.47127677511947,1.69251735167918,0.495740229030843,3.41412145427051,0.00063988044196113,0.0116210825807222,"ENSG00000268027","Significant"
11.9866230840921,0.977331853514895,0.30988583295517,3.15384489892534,0.00161134699291285,0.0208049858475428,"ENSG00000007129","Not Sig"
217.914012783758,-0.313960604738996,0.0785227767767172,-3.99833803167399,6.37888085656243e-05,0.0026303270845785,"ENSG00000105732","Not Sig"
293.729655100735,-0.31564207316462,0.103062974936513,-3.06261364334823,0.00219413144813723,0.0251989810180169,"ENSG00000160570","Not Sig"
3.06055287362645,3.69594037926879,1.01394772732656,3.64509952501568,0.00026728834222953,0.00665525824780442,"ENSG00000079385","Significant"
80.0725877370506,-0.315351411031917,0.114349693482675,-2.75778099116369,0.00581951731230208,0.0465264915717432,"ENSG00000159882","Not Sig"
13.3472682641499,-0.887451614338758,0.308488957797623,-2.87676946583271,0.00401768997720761,0.0369419511621555,"ENSG00000179846","Not Sig"
83.7988112126209,2.3032696050029,0.63588163540475,3.62216720339286,0.000292145181386042,0.00705991059257085,"ENSG00000104881","Significant"
317.024461615112,-0.370476016764932,0.0842131359358065,-4.39926636917234,1.08617440747621e-05,0.000770837590481294,"ENSG00000125741","Not Sig"
15.5744698202867,-1.09289969344352,0.309942972593412,-3.52613154703529,0.000421677461667006,0.00882631625709938,"ENSG00000177464","Significant"
24.1155267816317,3.42658616940973,0.762165115137041,4.49585805143235,6.92899519297802e-06,0.000572317841341983,"ENSG00000010310","Significant"
521.936215804667,-0.366418287256747,0.102256780233593,-3.58331532070253,0.000339260653853231,0.00775920019487651,"ENSG00000170604","Not Sig"
29.4991083955551,1.64854276677688,0.460032748721267,3.58353350138499,0.000338977264365523,0.00775920019487651,"ENSG00000268460","Significant"
98.847134273893,0.859123783869543,0.285395824769019,3.01028855122482,0.00260999605801348,0.0278634421981628,"ENSG00000169515","Not Sig"
37.6717175054282,0.461246501287195,0.16239940623607,2.84019820008891,0.00450855118460506,0.0397138002580532,"ENSG00000230510","Not Sig"
7.8078904310105,1.94930933925088,0.424912899032936,4.58755039841656,4.48477182984318e-06,0.000415448707112452,"ENSG00000245598","Significant"
277.308505588803,-0.467402186145395,0.100577599885843,-4.64717975648559,3.36503918697074e-06,0.000331276311694437,"ENSG00000181027","Not Sig"
1057.80718098089,-0.419422721857089,0.149210369771772,-2.81094888042048,0.00493956332314439,0.0420627545158536,"ENSG00000142230","Not Sig"
170.529993784581,-0.592126345846255,0.144059877222279,-4.11027940092318,3.95180657349877e-05,0.00191777155850299,"ENSG00000105321","Not Sig"
20.8850049064391,1.15275450539191,0.309833040514943,3.72056673967382,0.000198776201776387,0.00554143185704517,"ENSG00000268061","Significant"
1.66939837642151,3.46008437339433,1.11453676531868,3.10450447312518,0.00190598045699361,0.0230820030014219,"ENSG00000264280","Significant"
248.007812085968,-0.258357389373403,0.0782695948572249,-3.30086529570882,0.000963871474245029,0.0151689159410685,"ENSG00000105447","Not Sig"
431.521273347595,-0.505822938286222,0.118810118606629,-4.25740622278951,2.06812365934931e-05,0.00124549596180091,"ENSG00000105443","Not Sig"
511.560628839465,-0.615319377822359,0.164868813811487,-3.7321756831824,0.000189833024971721,0.00539356259128919,"ENSG00000063176","Not Sig"
1618.47615909071,-0.321641470114226,0.0712477944458053,-4.51440599131645,6.34944791380723e-06,0.000544684633094736,"ENSG00000104805","Not Sig"
19.2907985398561,-0.780485330140629,0.224868275585216,-3.47085567365796,0.000518802765052262,0.0100857331811104,"ENSG00000130528","Not Sig"
13.0539358178147,-1.13442689602842,0.352659628597318,-3.21677562169657,0.00129639943563912,0.01812717009613,"ENSG00000224420","Significant"
77.4428794913572,0.398005636750329,0.146171280099558,2.72287166452429,0.00647171926312411,0.0496055204908991,"ENSG00000169136","Not Sig"
337.39825422413,-0.888168644258644,0.30591224521891,-2.90334453144585,0.00369200228265861,0.0352237530753755,"ENSG00000131398","Not Sig"
2.52067998261557,-2.70253810676003,0.715199070758198,-3.77872150182608,0.000157635599843119,0.00470947387258072,"ENSG00000269404","Significant"
9.10238744128042,5.99181833923342,1.23456940166569,4.85336695624339,1.21382784964479e-06,0.000159525680791495,"ENSG00000268518","Significant"
2112.54844706086,-0.316640592560438,0.0985625954830011,-3.21258374953253,0.00131546789201513,0.0182978977534263,"ENSG00000131409","Not Sig"
33.3663909363908,0.727309351133752,0.223971157327595,3.24733487924045,0.00116491236282325,0.0169328841343157,"ENSG00000186806","Not Sig"
1.53295376304508,4.04629377470203,1.20367372211021,3.36162009718739,0.000774866519275873,0.0130674234309488,"ENSG00000267905","Significant"
2.0357712270422,3.86957092960131,1.08743570563958,3.55843652138073,0.000373068927130704,0.00822570736109094,"ENSG00000268520","Significant"
22.1065456680875,0.685646145989698,0.247618274761801,2.76896423193831,0.00562348084284409,0.0454770674162587,"ENSG00000269388","Not Sig"
4.22335868104422,2.64834419703041,0.805475410198578,3.28792681129459,0.00100928073796977,0.0155196546445508,"ENSG00000269959","Significant"
14.5267219118015,1.91751716329585,0.566844945579092,3.38278955868065,0.000717535918248604,0.0123842522468625,"ENSG00000187474","Significant"
346.144249732924,0.816632789580228,0.248188553446046,3.29037249398271,0.001000548357963,0.0154566471581326,"ENSG00000161551","Not Sig"
3.10787625663656,2.19775312972461,0.700400046800758,3.13785405892441,0.00170189591639214,0.021427504083731,"ENSG00000270248","Significant"
275.955027966637,0.369435504458006,0.131882918661549,2.80123846368677,0.00509068862173991,0.0428479258365995,"ENSG00000182986","Not Sig"
14.7754955286895,0.81154743900703,0.275393291342926,2.94686713336264,0.00321011101685946,0.0320006813719299,"ENSG00000269001","Not Sig"
501.723437947365,-0.40709974508605,0.0873283784882413,-4.6617119444267,3.13589900028643e-06,0.000315708111051478,"ENSG00000130844","Not Sig"
17.9840882224368,0.926723573144208,0.33037377467372,2.80507608105228,0.00503047043066808,0.0424999827440092,"ENSG00000170909","Not Sig"
9.88595127693286,-1.14211518603115,0.336965907027286,-3.38940872715253,0.000700435223647095,0.0122008503279298,"ENSG00000167608","Significant"
11.2137680223272,1.43540340780313,0.393493419922355,3.64784602519241,0.000264448031722673,0.00663026804182994,"ENSG00000105609","Significant"
13.2247483231512,1.08587803780789,0.339435461736781,3.19907069300245,0.00137871356998823,0.0188132004605078,"ENSG00000131042","Significant"
38.4497559313123,0.959311987080892,0.274137436675741,3.49938337030414,0.000466335564345493,0.0094181427109564,"ENSG00000104974","Not Sig"
59.1435630402099,1.67982252673077,0.616544643495928,2.72457565636423,0.00643841774273462,0.0495070874089058,"ENSG00000022556","Significant"
2.35522801053978,2.83690205252544,1.00438557528214,2.82451492966587,0.00473522421919184,0.0409937874059816,"ENSG00000180061","Significant"
324.242469532691,-0.382933570595796,0.109612925938317,-3.49350742458318,0.000476719727657285,0.00955155683717265,"ENSG00000063241","Not Sig"
48.2983918394022,-0.422225602305328,0.138658492220006,-3.04507567870703,0.00232621767709428,0.026054223932493,"ENSG00000197483","Not Sig"
2.16153291648705,3.2134536034203,1.12167068926187,2.86488149702383,0.00417165323062953,0.0378298900543729,"ENSG00000267096","Significant"
193.791101181778,-0.493799384697357,0.11070979090864,-4.46030455522088,8.18432657584417e-06,0.000647921806281741,"ENSG00000142409","Not Sig"
2.41866580927582,4.15327220012828,0.99797977565274,4.16167972683794,3.15915217341859e-05,0.0016380964856711,"ENSG00000267776","Significant"
438.675103062014,-0.3247506506481,0.0954689712794172,-3.40163559212997,0.00066983890415863,0.0119137547493654,"ENSG00000166770","Not Sig"
296.018148002004,-0.431078402189947,0.0741578691461269,-5.81298258908322,6.1369446523506e-09,2.87241309438705e-06,"ENSG00000131845","Not Sig"
172.210555613242,0.434639722044914,0.147539407454423,2.94592292014716,0.003219926284642,0.0320658504471684,"ENSG00000188785","Not Sig"
41.0455578467074,0.510730746305676,0.180267284992501,2.83318599005317,0.00460865624745886,0.0403128983691656,"ENSG00000183647","Not Sig"
16.6145194926401,1.3315255567093,0.423567363639716,3.14359809327022,0.00166884471947861,0.0212050049111371,"ENSG00000270804","Significant"
334.133641627366,-0.354332832286993,0.105637968029437,-3.35421855320291,0.000795894730109345,0.0132876567613187,"ENSG00000181894","Not Sig"
9.07936464133757,1.46066065994684,0.447055909661958,3.26728856140459,0.00108582941934257,0.0162199569309297,"ENSG00000121410","Significant"
166.168537576893,-0.439306108824944,0.106944639164855,-4.10778990191134,3.99463220632132e-05,0.00192190104221504,"ENSG00000171574","Not Sig"
146.020464104055,-0.528512560835038,0.156063111118328,-3.3865309812664,0.000707822838907782,0.0122782870736156,"ENSG00000249471","Not Sig"
248.875084539088,-0.379791199570496,0.126448977756568,-3.00351340365635,0.00266881792717055,0.0282321147815159,"ENSG00000083812","Not Sig"
580.731263668136,-0.802983840985407,0.197105531122493,-4.07387776696324,4.62367552497743e-05,0.00212315041877578,"ENSG00000213753","Not Sig"
1.98792680180797,-2.75966954200642,0.852501099034659,-3.23714484958596,0.0012073211323125,0.0173265844480717,"ENSG00000232226","Significant"
78.4012828954982,1.76993173676894,0.516502377803935,3.42676396630415,0.000610819760195723,0.0112185695476437,"ENSG00000185275","Significant"
1.1706518458716,-2.76589471432173,0.937524956363808,-2.95020916035052,0.0031755886851453,0.0317546966008214,"ENSG00000223698","Significant"
148.321122060408,1.93317017933145,0.535756768944129,3.60829818938424,0.000308212126737618,0.00731006821117856,"ENSG00000100181","Significant"
269.176640716078,1.03423140482644,0.231527948904357,4.46698296996392,7.9330442279118e-06,0.000637487008904997,"ENSG00000093072","Significant"
37.5764492842766,-1.33010286245556,0.284526977134974,-4.67478646787359,2.94259626557956e-06,0.000300787455055161,"ENSG00000183785","Significant"
1213.99373836498,-0.506956649154182,0.179188690633876,-2.82917770848615,0.00466677776236622,0.0406215216711806,"ENSG00000100033","Not Sig"
2012.82599624826,-0.322311524955892,0.0968458454490965,-3.3280882980706,0.000874441463527234,0.0141498243012273,"ENSG00000070413","Not Sig"
249.725033793236,-0.384746593555561,0.109730123035368,-3.50629875290992,0.000454384899354572,0.00926091270426327,"ENSG00000100056","Not Sig"
279.51666131304,0.451976317641129,0.137542626323395,3.28608177495772,0.00101591512100829,0.0155819459060488,"ENSG00000070010","Not Sig"
586.847688259216,-0.721003652877253,0.229028688477041,-3.14809318287446,0.00164339296627261,0.0210485266189088,"ENSG00000215012","Not Sig"
205.803509655045,-0.389081003327556,0.0741014429928051,-5.25065353133992,1.51560517998549e-07,3.20911353943118e-05,"ENSG00000184470","Not Sig"
470.881944345481,-0.23423785755128,0.0682482097301642,-3.43214654973949,0.000598823875069103,0.0110713944303317,"ENSG00000183597","Not Sig"
487.92693163466,-0.370549642620174,0.0977522173962496,-3.79070319313688,0.000150221381095255,0.00455792520056909,"ENSG00000099901","Not Sig"
3.03685181863247,-1.51988651628382,0.526992769821838,-2.88407470333541,0.00392565616662728,0.0364722640658549,"ENSG00000229107","Significant"
10.4898781815564,-1.50358032871989,0.390463248727699,-3.85076017683922,0.000117751763124104,0.00385933573512035,"ENSG00000237476","Significant"
269.370243014606,-0.260249325158507,0.0802685244031916,-3.24223382818482,0.00118596673228555,0.0171307019223856,"ENSG00000184436","Not Sig"
35.2594290218278,0.579892385101371,0.175876878049355,3.29714963975334,0.000976714484415973,0.0152295533195405,"ENSG00000161149","Not Sig"
3.31982912235042,2.05995619321227,0.684465550849209,3.00958344895007,0.00261606202711093,0.027895251327455,"ENSG00000244671","Significant"
119.897209962762,0.572486895994261,0.188083474463225,3.04379158045698,0.00233616927521112,0.0261108756151477,"ENSG00000187792","Not Sig"
17.9954381335197,0.748491594025932,0.265047585765688,2.82398948046871,0.00474299415559236,0.0410305904919094,"ENSG00000099958","Not Sig"
6.85794482370067,1.81824454908519,0.558185278371594,3.25742118170798,0.00112429476521717,0.0165302005509641,"ENSG00000133433","Significant"
5.39147051519928,2.16889749506502,0.77563663263823,2.79628037640227,0.0051694532343817,0.043193185981857,"ENSG00000099974","Significant"
613.437173657902,-0.211745391540527,0.0631807691974121,-3.3514215516895,0.000803978142168598,0.0133925330595149,"ENSG00000100028","Not Sig"
119.31486266664,-0.479715059599307,0.131609969227618,-3.64497509128388,0.000267417700875083,0.00665525824780442,"ENSG00000178026","Not Sig"
4.15431137613482,1.56273279333272,0.543312386033164,2.87630621628664,0.00402359167235147,0.0369646701882455,"ENSG00000215481","Significant"
1864.09396718743,-0.553201642783292,0.201760982180679,-2.74186632521393,0.00610911977515948,0.0479932881276442,"ENSG00000100077","Not Sig"
13.860642953664,1.62014807813093,0.523274499338089,3.09617242992029,0.00196036327668474,0.0234847471300728,"ENSG00000224003","Significant"
451.603364509969,-0.193106067681809,0.0658085100199846,-2.9343631640219,0.00334232889560718,0.0329162025123307,"ENSG00000100109","Not Sig"
302.962141862855,-0.490249494284942,0.141489279944642,-3.46492323995679,0.000530382840490536,0.0101945848713595,"ENSG00000128294","Not Sig"
36.4934975975719,1.25607981766618,0.243436852036376,5.15977678465253,2.47244446489367e-07,4.82226745851121e-05,"ENSG00000244625","Significant"
24.5695354240516,1.14446486439395,0.385832957341123,2.96621852182033,0.0030148619257693,0.030606355143683,"ENSG00000223704","Significant"
907.571237179593,0.418650482259594,0.139755169669784,2.9955992558185,0.00273906142405214,0.0287925215651249,"ENSG00000180957","Not Sig"
204.491524839277,0.567734653485479,0.198527944184336,2.85972161661196,0.00424013038711956,0.0382652347095198,"ENSG00000235954","Not Sig"
928.453094778209,-0.865931751773098,0.213274462103676,-4.06017552796431,4.90358382711985e-05,0.00219870105754169,"ENSG00000183579","Not Sig"
1.23387328555947,3.52272820782464,1.19146243275581,2.95664228344715,0.00311008701614687,0.0312833321210462,"ENSG00000273216","Significant"
898.199867000455,-1.02387655036872,0.332919234324212,-3.07545027383916,0.00210184973593445,0.0244763199934506,"ENSG00000100285","Significant"
1227.93792554962,-0.294897899511111,0.0777543989609961,-3.79268444553266,0.000149027482273712,0.00453352816371763,"ENSG00000099995","Not Sig"
665.525814185328,-0.711521658516958,0.205798652938787,-3.45736790963638,0.000545479583297078,0.0104097638074268,"ENSG00000100003","Not Sig"
7.23752255659866,1.26693652838004,0.4459782300577,2.84080352580466,0.00450000270993931,0.039674676899693,"ENSG00000273350","Significant"
10.4564531004722,-1.26713539139791,0.346936876911728,-3.65235140950527,0.000259849959097257,0.00655869163553049,"ENSG00000235989","Significant"
425.918354759394,0.862383312445071,0.260038878919681,3.31636298398071,0.000911972938739527,0.0145083637642408,"ENSG00000182541","Not Sig"
287.224757190606,-1.24962983598261,0.390392958165559,-3.20095383342611,0.00136973476435389,0.0187593191879864,"ENSG00000214076","Significant"
512.118205750652,-0.990326371904605,0.307770952739585,-3.21773826636119,0.00129205662286756,0.0181044005469976,"ENSG00000185666","Not Sig"
2891.46560733818,-1.00211014285059,0.251538095375539,-3.98392991468935,6.77848714050891e-05,0.00271944749506221,"ENSG00000100234","Significant"
31.1783163253728,3.84623363314153,0.699729359385781,5.49674467928249,3.86866188267395e-08,1.18494909328468e-05,"ENSG00000253007","Significant"
592.217623128046,-0.429417092347534,0.0912714949695661,-4.70483246155572,2.54074514650852e-06,0.000271138159054803,"ENSG00000100284","Not Sig"
18.4131792748895,2.072948744682,0.692603115609396,2.99298212491881,0.00276265929447791,0.0288925861691008,"ENSG00000100336","Significant"
618.930616528344,-0.975226971757449,0.177842334425062,-5.48366042826762,4.16614114423236e-08,1.20813564768451e-05,"ENSG00000128335","Not Sig"
134.307175494285,-1.0249262549825,0.33682548449517,-3.04289996500307,0.00234310209834568,0.0261208879734089,"ENSG00000166862","Significant"
62.4489501624742,-2.02711511361651,0.504466421356005,-4.01833507207007,5.86108117165611e-05,0.00249788793256571,"ENSG00000100362","Significant"
53.7793911910908,1.23528093749031,0.312703371917769,3.95032816536161,7.80441124175546e-05,0.00299588327365171,"ENSG00000133466","Significant"
232.566579662877,-0.310515520575991,0.0924062124535759,-3.36033165229006,0.000778489587376406,0.0131036742596941,"ENSG00000100116","Not Sig"
1119.96748096214,1.67798259763347,0.512249421741395,3.27571399090928,0.00105395235452995,0.0159480369635665,"ENSG00000100146","Significant"
10.363403039628,3.13506649465753,0.896526126358406,3.49690477776909,0.000470689811361237,0.00948454190128885,"ENSG00000264505","Significant"
30.8453214607181,1.4970224721863,0.380710773055057,3.93217785820262,8.41797453468009e-05,0.00313663606998226,"ENSG00000100156","Significant"
2.87771445558342,3.20007137472206,0.970761778208937,3.29645382271458,0.000979137092715166,0.0152464482361209,"ENSG00000229955","Significant"
15.1810721844594,-1.06695321968848,0.387608924176074,-2.75265390743123,0.00591143528456603,0.0470639158331654,"ENSG00000100196","Significant"
5824.0591156098,0.691700548643583,0.19881681409133,3.47908476355445,0.000503129418606905,0.00989166526087961,"ENSG00000100201","Not Sig"
69.1042738556666,0.764616288265955,0.237317805552001,3.22190864055673,0.0012733973179348,0.0179371526109728,"ENSG00000184949","Not Sig"
443.873195166991,-0.303527832091534,0.0965534870140498,-3.14362372067792,0.001668698591683,0.0212050049111371,"ENSG00000100216","Not Sig"
1.31386244275967,3.23354759328196,1.06906702967209,3.02464438948582,0.00248925620199162,0.0269962870784286,"ENSG00000230149","Significant"
3.9088169830732,2.55847992567356,0.883760007722032,2.89499400665149,0.00379165771933728,0.035740265023614,"ENSG00000273096","Significant"
16.9903110100841,0.803720608442742,0.289835243823019,2.77302579852406,0.00555377176246996,0.0451805877381884,"ENSG00000128394","Not Sig"
10.4084241869836,1.68292541304207,0.510897839305522,3.29405466918732,0.000987532896202683,0.0153176686847624,"ENSG00000133477","Significant"
7.18138787751329,1.7045664329866,0.436727633408178,3.90304231423219,9.49910877640137e-05,0.00334047906546993,"ENSG00000230071","Significant"
640.410286062409,-0.420815325762232,0.128144837121651,-3.28390386389692,0.00102379839373274,0.0156512369268529,"ENSG00000100395","Not Sig"
3332.66109221689,-0.54014500165993,0.150821490548163,-3.58135302665929,0.000341819409277677,0.00778770283528536,"ENSG00000100403","Not Sig"
2161.27952688088,-0.76500181157628,0.233263981661731,-3.27955394624812,0.00103971330108449,0.0158213095201936,"ENSG00000167074","Not Sig"
2325.20042859358,-0.246871795282454,0.0803895390037919,-3.07094428381793,0.00213382964745015,0.024762262359427,"ENSG00000196419","Not Sig"
1440.40685048095,-0.428397015002712,0.126758496233786,-3.37963156499271,0.000725830584988507,0.012477083876874,"ENSG00000100138","Not Sig"
280.749437366927,0.625233701651845,0.186184857726396,3.3581340034142,0.000784705617729999,0.0131667680348545,"ENSG00000184208","Not Sig"
55.7909388200806,0.634645867195544,0.194195437045942,3.26807816316199,0.00108280457287856,0.0161946594243728,"ENSG00000100147","Not Sig"
9.43832307187122,1.27487853999356,0.342737700513138,3.71969158363626,0.000199466197945435,0.00555390607147007,"ENSG00000184068","Significant"
15.4316269602544,1.98307727442787,0.474154900527492,4.18234056470095,2.88523341128423e-05,0.00155210704689594,"ENSG00000260655","Significant"
24.3342129711886,1.55947947569589,0.385282234368834,4.04762882007944,5.17391080009231e-05,0.00229293631620702,"ENSG00000159958","Significant"
66.7201777685444,0.725457569347225,0.244125294150557,2.97166080996024,0.00296193713906415,0.0301954608074484,"ENSG00000183066","Not Sig"
167.971546850306,-0.649595600918194,0.178653760723172,-3.63605892363361,0.000276841032407877,0.00682610157450069,"ENSG00000237037","Not Sig"
20.8228658515089,1.48402382729514,0.412709993260253,3.59580298885402,0.000323392482608162,0.00758820408399574,"ENSG00000202058","Significant"
95.9051035278692,2.9466136252862,0.5130073894151,5.74380347356351,9.2573223742491e-09,3.98348554229987e-06,"ENSG00000270022","Significant"
410.618674619444,-0.500810397946932,0.159529263821863,-3.13930112851369,0.00169351321200835,0.0213723930857005,"ENSG00000100304","Not Sig"
40.2119782775146,1.01335185192427,0.309366193560882,3.27557397355005,0.00105447495047533,0.0159480369635665,"ENSG00000100344","Significant"
7.48850192799752,2.47635844152458,0.682149098211698,3.63023047016632,0.000283168263370556,0.00691817408284163,"ENSG00000230922","Significant"
853.157728511392,-0.441486799968541,0.105188401153993,-4.19710533789954,2.7034820841082e-05,0.00150891628706951,"ENSG00000093000","Not Sig"
3244.42856618431,0.80383662921582,0.288809586229704,2.78327544355293,0.00538130992666166,0.0442895560775547,"ENSG00000100364","Not Sig"
2.42183403540774,3.57356952599517,1.09906557214927,3.25146162026247,0.00114813275694999,0.0167841281220104,"ENSG00000100373","Significant"
1129.04649722825,-0.539557429393772,0.151861682883592,-3.55295305009469,0.000380932445652046,0.00832342073509496,"ENSG00000100422","Not Sig"
1213.85743454171,-0.404641634648866,0.11008666480388,-3.67566439922345,0.000237231213449957,0.00621718226289922,"ENSG00000219438","Not Sig"
1.86544084029293,2.974107198632,1.03082683190092,2.88516665126724,0.00391206514692254,0.0363834045177466,"ENSG00000273137","Significant"
3.06522214677865,-1.80600490948976,0.499120793598156,-3.61837241135616,0.000296461591485631,0.00713835631700826,"ENSG00000272940","Significant"
13.4900663472894,2.76724850770071,0.848716292685326,3.2605106459606,0.00111211792221299,0.0164152882680811,"ENSG00000229231","Significant"
3.86190963389449,-2.66248434491616,0.964903156536168,-2.75932804953609,0.00579203594099456,0.0464022099695647,"ENSG00000243064","Significant"
5.39889762689938,2.19691903886762,0.606180646035882,3.62419858376273,0.000289858836509839,0.00702374559422888,"ENSG00000232884","Significant"
905.527540274133,0.512184622138938,0.167486926771408,3.05805731833617,0.00222776960068184,0.0254043295706761,"ENSG00000154639","Not Sig"
143.530067182542,0.668615015177705,0.223947773116623,2.98558456676199,0.00283036866123973,0.0292906925962819,"ENSG00000154640","Not Sig"
3.00086306297769,2.51518879153188,0.90715429813123,2.7726140930085,0.00556080222005814,0.0451805877381884,"ENSG00000240770","Significant"
511.962810511654,1.37031821942118,0.393629064867159,3.48124247350391,0.000499093458869114,0.0098416926228803,"ENSG00000154734","Significant"
3.24486479169162,-1.84865661180036,0.588625466106426,-3.140633082066,0.00168583094589135,0.0213359980101685,"ENSG00000231125","Significant"
24.575690702592,0.777883783734526,0.245560410760068,3.16778987837165,0.00153602493406377,0.0201473004994529,"ENSG00000156265","Not Sig"
5.39228843923945,1.74574658875671,0.479366397744685,3.64177922559877,0.000270760232834763,0.00673216426076294,"ENSG00000273091","Significant"
6.98002719128406,1.71359958305913,0.544713739005265,3.14587178613933,0.00165592580798758,0.0211216439471705,"ENSG00000170262","Significant"
199.87248616783,0.301028776624701,0.104618013621773,2.87740864315218,0.00400955990367078,0.0369120250759257,"ENSG00000159110","Not Sig"
656.548055251489,-0.267385299430755,0.0982324599810883,-2.72196481165424,0.00648950520844023,0.0496450712237278,"ENSG00000142188","Not Sig"
526.367220633734,0.393846095319979,0.0989891391319426,3.97867987108183,6.92989741856081e-05,0.00274432738087237,"ENSG00000205758","Not Sig"
597.908529084601,-0.320086741452714,0.114294343643778,-2.80054752709662,0.00510159945368173,0.0428632359008777,"ENSG00000241837","Not Sig"
12.5531535613739,1.13599588082175,0.324146947871929,3.50457065315507,0.000457344195642539,0.00927869642246943,"ENSG00000180509","Significant"
17.9470765532029,1.9328391875402,0.651018547643185,2.96894642178393,0.00298822694142895,0.0304285902940393,"ENSG00000159212","Significant"
4.45997636771555,1.88504941285481,0.52979646108812,3.5580634287047,0.000373599108631103,0.00823023635452635,"ENSG00000263969","Significant"
644.402508329975,0.4117460035867,0.136044995932125,3.02654280494173,0.00247367794108554,0.0268819771039597,"ENSG00000205581","Not Sig"
14.3391793735017,1.15054947505969,0.419715059358924,2.74126326755357,0.00612034465573417,0.0480673167707777,"ENSG00000233756","Significant"
14.527810123623,1.36034451286693,0.431795184911825,3.15043928325584,0.00163025138158797,0.0209607116189809,"ENSG00000226496","Significant"
133.227919943987,0.513515882932694,0.174057829232618,2.95026018189856,0.00317506427732016,0.0317546966008214,"ENSG00000182240","Not Sig"
66.8403490515219,1.08280473119416,0.231998424536922,4.66729346699437,3.05193274421872e-06,0.00030959130677951,"ENSG00000183486","Significant"
505.714533777961,-0.598973526089627,0.112952905162007,-5.3028607385576,1.14001889288938e-07,2.60949275778426e-05,"ENSG00000157617","Not Sig"
303.594926063104,0.443525947195987,0.121843323572548,3.64013336300616,0.00027249686649345,0.00674358556064227,"ENSG00000160199","Not Sig"
17.8481249726961,1.75169043702034,0.569420492527115,3.07626869775315,0.00209608860654566,0.0244519230144432,"ENSG00000225331","Significant"
8.83331117384376,1.34134624931473,0.410625800437652,3.26659028216225,0.00108851093273683,0.0162391729219517,"ENSG00000237604","Significant"
662.217998715736,2.02784934525367,0.567151347007612,3.57549947814274,0.000349559873164445,0.00789340234585168,"ENSG00000160223","Significant"
12.3792764603921,1.35947540262902,0.391150493217234,3.47558146085222,0.000509747152271726,0.00999231761605979,"ENSG00000160224","Significant"
13.8278931008308,2.53454466560744,0.482169242863253,5.2565457111213,1.46786304704872e-07,3.13288945857702e-05,"ENSG00000227039","Significant"
8.250333138541,0.917520705301964,0.336814284969061,2.72411458256958,0.00644741337040266,0.0495161995952803,"ENSG00000235374","Not Sig"
614.265125238869,0.967541133271189,0.303852815725864,3.18424277543673,0.0014513323419677,0.0194671169187312,"ENSG00000182871","Not Sig"
1651.8435572673,0.385723073026844,0.111816714803726,3.44960119516937,0.000561415266775729,0.0106377826010722,"ENSG00000160310","Not Sig"
20793.255859811,0.802553158171661,0.275731456967762,2.91063329152717,0.0036069707976587,0.0346951610836043,"ENSG00000211459","Not Sig"
11.9839346124926,3.12569473292175,0.91792193947044,3.40518577726228,0.000661190566779942,0.0118229913747467,"ENSG00000210077","Significant"
10.8389434864238,1.59856031660165,0.571858746398285,2.79537617754349,0.0051839355792916,0.0432464719574486,"ENSG00000209082","Significant"
19015.2605344931,0.844145117067522,0.293991000517743,2.87132978758163,0.00408748845233524,0.0373331408489736,"ENSG00000198888","Not Sig"
8940.95825257753,1.12736875250184,0.283471935039512,3.97700305797363,6.97892678937791e-05,0.0027543015948789,"ENSG00000198763","Significant"
12.5017580718424,-0.841810713744123,0.232740885625053,-3.61694384501176,0.000298101944010586,0.00715847143497607,"ENSG00000210144","Not Sig"
5894.45901372392,1.49568716556599,0.344191909587868,4.34550355165789,1.38956523430016e-05,0.000936166941562981,"ENSG00000212907","Significant"
35937.6425600704,0.926865836633399,0.299102604492782,3.09882235296873,0.00194291480613508,0.0233596323176556,"ENSG00000198886","Not Sig"
6.98646466392393,3.88610664005669,1.12114573553931,3.46619223252662,0.000527885708705992,0.0101839883852453,"ENSG00000210176","Significant"
18137.2608208328,1.82123688431013,0.380764079182596,4.78311107555067,1.72602682142261e-06,0.000206496276092977,"ENSG00000198786","Significant"
20038.3654448367,1.21804290757137,0.279660323356036,4.35543695635608,1.3280173556138e-05,0.000902612538633091,"ENSG00000198727","Significant"
